STATION,DATE,LATITUDE,LONGITUDE,ELEVATION,NAME,TEMP,TEMP_ATTRIBUTES,DEWP,DEWP_ATTRIBUTES,SLP,SLP_ATTRIBUTES,STP,STP_ATTRIBUTES,VISIB,VISIB_ATTRIBUTES,WDSP,WDSP_ATTRIBUTES,MXSPD,GUST,MAX,MAX_ATTRIBUTES,MIN,MIN_ATTRIBUTES,PRCP,PRCP_ATTRIBUTES,SNDP,FRSHTT
1001099999,2023-01-01,70.9333333,-8.6666667,9.0,"JAN MAYEN NOR NAVY, NO",18.1,24,10.3,24,981.4,24,980.2,24,4.4,4,18.5,24,27.6,51.3,23.5, ,12.6, ,0.29,G,999.9,1000
1001099999,2023-01-02,70.9333333,-8.6666667,9.0,"JAN MAYEN NOR NAVY, NO",25.8,24,20.8,24,999.6,24,998.4,24,4.1,4,6.5,24,16.7,24.7,34.3, ,19.4, ,0.05,G,999.9,1000
1001099999,2023-01-03,70.9333333,-8.6666667,9.0,"JAN MAYEN NOR NAVY, NO",35.8,24,30.9,24,1006.1,24,4.9,24,6.4,4,21.1,24,26.4,34.2,37.6, ,24.6, ,0.07,G,999.9,10000
1001099999,2023-01-04,70.9333333,-8.6666667,9.0,"JAN MAYEN NOR NAVY, NO",37.0,24,32.1,24,1010.6,24,9.4,24,10.1,4,17.7,24,21.2,33.0,37.8, ,35.6, ,0.04,G,999.9,10000
1001099999,2023-01-05,70.9333333,-8.6666667,9.0,"JAN MAYEN NOR NAVY, NO",35.4,24,29.7,24,1015.4,24,14.2,24,12.4,4,15.9,24,20.8,26.0,37.4, ,32.2, ,0.01,G,999.9,10000
1001099999,2023-01-06,70.9333333,-8.6666667,9.0,"JAN MAYEN NOR NAVY, NO",32.7,24,29.4,24,1010.8,24,9.6,24,5.7,4,16.8,24,24.3,30.1,34.9, ,30.2, ,0.03,G,999.9,11000
1001099999,2023-01-07,70.9333333,-8.6666667,9.0,"JAN MAYEN NOR NAVY, NO",34.7,24,30.5,24,1001.8,24,0.6,24,3.9,4,19.8,24,23.1,31.5,35.6, ,32.0, ,0.04,G,999.9,1000
1001099999,2023-01-08,70.9333333,-8.6666667,9.0,"JAN MAYEN NOR NAVY, NO",35.2,24,28.1,24,992.3,24,991.1,24,8.7,4,19.2,24,25.4,35.2,38.7, ,33.3, ,0.08,G,999.9,0
1001099999,2023-01-09,70.9333333,-8.6666667,9.0,"JAN MAYEN NOR NAVY, NO",34.0,24,30.0,24,991.9,24,990.7,24,7.1,4,14.4,24,23.1,34.2,39.2, ,31.6, ,0.02,G,999.9,11000
1001099999,2023-01-10,70.9333333,-8.6666667,9.0,"JAN MAYEN NOR NAVY, NO",31.6,24,29.2,24,993.1,24,991.9,24,12.1,4,19.5,24,27.8,34.4,33.3, ,30.6, ,0.02,G,999.9,11000
1001099999,2023-01-11,70.9333333,-8.6666667,9.0,"JAN MAYEN NOR NAVY, NO",30.3,24,27.7,24,991.2,24,990.0,24,5.4,4,28.0,24,38.1,52.4,33.3, ,25.2, ,0.02,G,999.9,11000
1001099999,2023-01-12,70.9333333,-8.6666667,9.0,"JAN MAYEN NOR NAVY, NO",21.7,23,14.7,23,998.0,23,996.8,23,6.4,4,23.3,23,31.9,50.3,29.5, ,18.1, ,0.02,G,999.9,1000
1001099999,2023-01-13,70.9333333,-8.6666667,9.0,"JAN MAYEN NOR NAVY, NO",15.3,24,8.1,24,1003.7,24,2.5,24,2.0,4,19.7,24,22.7,37.9,20.8, ,13.6, ,0.02,G,999.9,1000
1001099999,2023-01-14,70.9333333,-8.6666667,9.0,"JAN MAYEN NOR NAVY, NO",19.4,23,15.0,23,1000.8,23,999.6,23,0.5,4,19.9,23,25.3,40.0,24.3, ,13.6, ,0.07,G,999.9,1000
1001099999,2023-01-15,70.9333333,-8.6666667,9.0,"JAN MAYEN NOR NAVY, NO",24.6,24,21.9,24,994.8,24,993.6,24,0.5,4,23.3,24,30.5,42.3,30.0, ,22.1, ,0.15,G,999.9,1000
1001099999,2023-01-16,70.9333333,-8.6666667,9.0,"JAN MAYEN NOR NAVY, NO",30.4,24,27.2,24,994.5,24,993.3,24,5.2,4,22.9,24,28.6,43.1,32.0, ,24.4, ,0.24,G,999.9,1000
1001099999,2023-01-17,70.9333333,-8.6666667,9.0,"JAN MAYEN NOR NAVY, NO",27.5,24,22.7,24,1001.4,24,0.2,24,0.2,4,26.8,24,34.0,46.8,30.7, ,23.9, ,0.01,G,999.9,1000
1001099999,2023-01-18,70.9333333,-8.6666667,9.0,"JAN MAYEN NOR NAVY, NO",26.6,24,22.4,24,1005.8,24,4.7,24,4.9,4,26.0,24,30.5,45.8,30.7, ,25.3, ,0.06,G,999.9,1000
1001099999,2023-01-19,70.9333333,-8.6666667,9.0,"JAN MAYEN NOR NAVY, NO",25.9,24,22.4,24,1002.2,24,1.0,24,8.4,4,20.8,24,28.2,43.9,29.3, ,23.0, ,0.04,G,999.9,1000
1001099999,2023-01-20,70.9333333,-8.6666667,9.0,"JAN MAYEN NOR NAVY, NO",25.2,24,19.1,24,1009.7,24,8.5,24,28.0,4,18.8,24,30.5,42.2,33.1, ,20.8, ,0.02,G,999.9,0
1001099999,2023-01-21,70.9333333,-8.6666667,9.0,"JAN MAYEN NOR NAVY, NO",32.9,23,29.3,23,986.8,23,985.6,23,1.8,4,20.6,23,34.6,47.4,37.6, ,25.2, ,0.04,G,999.9,10000
1001099999,2023-01-22,70.9333333,-8.6666667,9.0,"JAN MAYEN NOR NAVY, NO",29.9,24,27.9,24,982.2,24,981.0,24,0.3,4,14.2,24,33.2,49.3,36.1, ,24.8, ,0.18,G,999.9,11000
1001099999,2023-01-23,70.9333333,-8.6666667,9.0,"JAN MAYEN NOR NAVY, NO",22.8,24,16.4,24,998.5,24,997.3,24,7.1,4,18.4,24,24.5,43.7,30.7, ,18.9, ,0.26,G,999.9,1000
1001099999,2023-01-24,70.9333333,-8.6666667,9.0,"JAN MAYEN NOR NAVY, NO",27.8,24,19.4,24,1004.7,24,3.5,24,28.0,4,12.1,24,19.2,27.4,30.2,*,23.4, ,0.02,G,999.9,0
1001099999,2023-01-25,70.9333333,-8.6666667,9.0,"JAN MAYEN NOR NAVY, NO",23.6,24,15.6,24,1016.4,24,15.2,24,7.8,4,13.1,24,22.0,29.9,27.3, ,22.1, ,0.0,G,999.9,1000
1001099999,2023-01-26,70.9333333,-8.6666667,9.0,"JAN MAYEN NOR NAVY, NO",33.2,23,29.7,23,1009.5,23,8.3,23,4.3,4,14.3,23,24.9,34.6,39.6, ,22.1, ,0.01,G,999.9,11000
1001099999,2023-01-27,70.9333333,-8.6666667,9.0,"JAN MAYEN NOR NAVY, NO",30.6,24,26.0,24,984.8,24,983.7,24,1.7,4,15.7,24,27.8,35.5,39.7, ,19.6, ,0.21,G,999.9,11000
1001099999,2023-01-28,70.9333333,-8.6666667,9.0,"JAN MAYEN NOR NAVY, NO",21.2,24,15.7,24,1000.9,24,999.7,24,3.3,4,20.2,24,31.5,46.0,26.6, ,19.2, ,0.08,G,999.9,1000
1001099999,2023-01-29,70.9333333,-8.6666667,9.0,"JAN MAYEN NOR NAVY, NO",19.5,24,11.2,24,996.6,24,995.4,24,5.6,4,16.8,24,23.1,33.0,22.3, ,17.2, ,0.0,G,999.9,1000
1001099999,2023-01-30,70.9333333,-8.6666667,9.0,"JAN MAYEN NOR NAVY, NO",20.0,23,14.0,23,1007.0,23,5.8,23,0.3,4,20.6,23,25.4,39.8,23.2, ,17.1, ,99.99, ,999.9,1000
1001099999,2023-01-31,70.9333333,-8.6666667,9.0,"JAN MAYEN NOR NAVY, NO",23.6,22,18.8,22,1004.2,22,3.0,22,999.9,0,21.3,22,27.6,37.5,25.3, ,20.5, ,0.02,G,999.9,1000
1001099999,2023-02-01,70.9333333,-8.6666667,9.0,"JAN MAYEN NOR NAVY, NO",23.5,23,18.9,23,1008.4,23,7.2,23,0.7,4,19.6,23,24.7,33.0,27.5,*,20.1, ,0.02,G,999.9,1000
1001099999,2023-02-02,70.9333333,-8.6666667,9.0,"JAN MAYEN NOR NAVY, NO",21.2,23,15.1,23,1012.6,23,11.4,23,24.9,4,16.4,23,23.7,32.8,26.8, ,19.2, ,0.04,G,999.9,1000
1001099999,2023-02-03,70.9333333,-8.6666667,9.0,"JAN MAYEN NOR NAVY, NO",23.9,21,19.4,21,1015.4,21,14.2,21,999.9,0,12.0,21,23.5,31.1,35.8, ,18.3, ,0.02,G,999.9,0
1001099999,2023-02-04,70.9333333,-8.6666667,9.0,"JAN MAYEN NOR NAVY, NO",34.6,23,29.1,23,999.7,23,998.5,23,5.0,4,17.0,23,31.7,41.8,37.9, ,26.8, ,0.13,G,999.9,10000
1001099999,2023-02-05,70.9333333,-8.6666667,9.0,"JAN MAYEN NOR NAVY, NO",33.9,23,29.1,23,1002.3,23,1.1,23,6.2,4,14.1,23,21.8,29.3,36.0, ,31.6, ,0.05,G,999.9,0
1001099999,2023-02-06,70.9333333,-8.6666667,9.0,"JAN MAYEN NOR NAVY, NO",35.1,23,27.7,23,985.9,23,984.7,23,7.5,4,24.3,23,41.8,57.7,40.8, ,32.4, ,0.17,G,999.9,0
1001099999,2023-02-07,70.9333333,-8.6666667,9.0,"JAN MAYEN NOR NAVY, NO",31.2,23,23.0,23,982.1,23,981.0,23,21.0,4,24.4,23,31.5,42.7,34.3, ,27.3, ,0.03,G,999.9,0
1001099999,2023-02-08,70.9333333,-8.6666667,9.0,"JAN MAYEN NOR NAVY, NO",22.4,24,12.5,24,978.0,24,976.8,24,9.2,4,13.9,24,20.4,34.8,34.3, ,20.1, ,0.06,G,999.9,1000
1001099999,2023-02-09,70.9333333,-8.6666667,9.0,"JAN MAYEN NOR NAVY, NO",18.1,23,7.9,23,993.1,23,991.9,23,5.8,4,13.8,23,20.6,32.2,21.4, ,15.6, ,0.01,G,999.9,1000
1001099999,2023-02-10,70.9333333,-8.6666667,9.0,"JAN MAYEN NOR NAVY, NO",18.9,24,8.2,24,1004.2,24,3.0,24,10.1,4,8.5,24,15.2,32.8,20.3, ,13.6, ,0.0,G,999.9,1000
1001099999,2023-02-11,70.9333333,-8.6666667,9.0,"JAN MAYEN NOR NAVY, NO",31.9,23,27.3,23,992.5,23,991.3,23,0.8,4,17.0,23,32.6,45.3,40.1, ,13.6, ,0.01,G,999.9,11000
1001099999,2023-02-12,70.9333333,-8.6666667,9.0,"JAN MAYEN NOR NAVY, NO",23.9,24,18.8,24,986.5,24,985.3,24,1.7,4,31.0,24,48.0,71.5,40.1, ,19.2, ,0.43,G,999.9,1000
1001099999,2023-02-13,70.9333333,-8.6666667,9.0,"JAN MAYEN NOR NAVY, NO",30.3,24,27.5,24,1001.6,24,0.4,24,2.4,4,11.8,24,32.2,37.1,36.1, ,21.0, ,0.0,G,999.9,11000
1001099999,2023-02-14,70.9333333,-8.6666667,9.0,"JAN MAYEN NOR NAVY, NO",34.6,24,33.8,24,996.1,24,994.9,24,999.9,0,6.6,24,15.9,20.2,36.5, ,33.1, ,0.07,G,999.9,10000
1001099999,2023-02-15,70.9333333,-8.6666667,9.0,"JAN MAYEN NOR NAVY, NO",31.7,24,29.3,24,991.4,24,990.2,24,3.0,4,10.4,24,27.0,35.4,36.5, ,26.2, ,0.0,G,999.9,11000
1001099999,2023-02-16,70.9333333,-8.6666667,9.0,"JAN MAYEN NOR NAVY, NO",20.6,22,15.8,22,996.6,22,995.4,22,999.9,0,14.5,22,19.8,27.6,28.4, ,17.1, ,0.26,G,999.9,1000
1001099999,2023-02-17,70.9333333,-8.6666667,9.0,"JAN MAYEN NOR NAVY, NO",19.7,24,13.0,24,999.8,24,998.6,24,8.9,4,14.3,24,17.9,26.4,20.8, ,16.9, ,0.0,G,999.9,1000
1001099999,2023-02-18,70.9333333,-8.6666667,9.0,"JAN MAYEN NOR NAVY, NO",16.3,24,8.4,24,1010.1,24,8.9,24,4.0,4,11.7,24,15.5,25.4,19.4, ,12.0, ,0.02,G,999.9,1000
1001099999,2023-02-19,70.9333333,-8.6666667,9.0,"JAN MAYEN NOR NAVY, NO",23.2,24,14.2,24,1006.1,24,4.9,24,14.8,4,12.2,24,21.0,29.5,30.6, ,17.4, ,0.04,G,999.9,1000
1001099999,2023-02-20,70.9333333,-8.6666667,9.0,"JAN MAYEN NOR NAVY, NO",30.1,24,24.0,24,1002.2,24,1.0,24,20.2,4,16.1,24,24.3,31.7,30.9, ,27.7, ,0.0,G,999.9,1000
1001099999,2023-02-21,70.9333333,-8.6666667,9.0,"JAN MAYEN NOR NAVY, NO",32.1,23,30.2,23,1003.4,23,2.2,23,6.6,4,8.7,23,18.5,25.1,34.2, ,29.8, ,99.99, ,999.9,11000
1001099999,2023-02-22,70.9333333,-8.6666667,9.0,"JAN MAYEN NOR NAVY, NO",23.8,23,21.2,23,995.5,23,994.3,23,0.4,4,27.8,23,34.6,50.5,31.5, ,17.1, ,0.19,G,999.9,1000
1001099999,2023-02-23,70.9333333,-8.6666667,9.0,"JAN MAYEN NOR NAVY, NO",16.2,24,10.1,24,1003.3,24,2.1,24,3.9,4,21.8,24,29.3,46.2,19.4, ,14.7, ,0.0,G,999.9,1000
1001099999,2023-02-24,70.9333333,-8.6666667,9.0,"JAN MAYEN NOR NAVY, NO",14.1,24,6.4,24,1015.4,24,14.2,24,5.9,4,15.2,24,24.3,36.5,16.7, ,11.5, ,99.99, ,999.9,1000
1001099999,2023-02-25,70.9333333,-8.6666667,9.0,"JAN MAYEN NOR NAVY, NO",34.4,24,28.3,24,1006.9,24,5.7,24,9.8,4,18.1,24,33.4,49.3,42.6, ,13.5, ,99.99, ,999.9,10000
1001099999,2023-02-26,70.9333333,-8.6666667,9.0,"JAN MAYEN NOR NAVY, NO",39.2,24,30.6,24,1006.7,24,5.5,24,15.5,4,30.5,24,34.4,51.3,44.2, ,33.6, ,0.01,G,999.9,10000
1001099999,2023-02-27,70.9333333,-8.6666667,9.0,"JAN MAYEN NOR NAVY, NO",26.3,24,14.4,24,1024.7,24,23.5,24,29.5,4,11.5,24,29.1,46.0,37.2, ,22.5, ,0.04,G,999.9,0
1001099999,2023-02-28,70.9333333,-8.6666667,9.0,"JAN MAYEN NOR NAVY, NO",42.1,24,33.7,24,1022.4,24,21.2,24,24.9,4,16.0,24,28.9,40.2,46.9, ,22.5, ,0.0,G,999.9,0
1001099999,2023-03-01,70.9333333,-8.6666667,9.0,"JAN MAYEN NOR NAVY, NO",34.6,24,25.1,24,1008.5,24,7.3,24,9.2,4,27.5,24,38.9,58.1,46.9, ,30.6, ,0.02,G,999.9,0
1001099999,2023-03-02,70.9333333,-8.6666667,9.0,"JAN MAYEN NOR NAVY, NO",28.6,22,19.7,22,1017.9,22,16.7,22,35.0,4,10.9,22,26.0,37.5,31.8, ,24.1, ,0.02,G,999.9,0
1001099999,2023-03-03,70.9333333,-8.6666667,9.0,"JAN MAYEN NOR NAVY, NO",11.9,6,3.3,6,1034.9,6,33.6,6,999.9,0,17.6,6,20.8,39.4,12.4, ,11.3, ,0.0,G,999.9,0
1001099999,2023-03-04,70.9333333,-8.6666667,9.0,"JAN MAYEN NOR NAVY, NO",13.9,24,5.0,24,1033.3,24,32.0,24,15.5,4,8.2,24,17.3,28.6,16.0, ,11.3, ,99.99, ,999.9,1000
1001099999,2023-03-05,70.9333333,-8.6666667,9.0,"JAN MAYEN NOR NAVY, NO",16.3,24,7.8,24,1030.5,24,29.3,24,6.6,4,19.5,24,32.2,45.3,19.8, ,12.9, ,99.99, ,999.9,1000
1001099999,2023-03-06,70.9333333,-8.6666667,9.0,"JAN MAYEN NOR NAVY, NO",17.8,24,11.2,24,1026.8,24,25.6,24,2.7,4,22.4,24,26.0,38.1,20.5, ,14.0, ,99.99, ,999.9,1000
1001099999,2023-03-07,70.9333333,-8.6666667,9.0,"JAN MAYEN NOR NAVY, NO",19.6,24,13.2,24,1022.6,24,21.4,24,4.3,4,25.4,24,31.5,47.8,21.0, ,16.7, ,99.99, ,999.9,1000
1001099999,2023-03-08,70.9333333,-8.6666667,9.0,"JAN MAYEN NOR NAVY, NO",19.8,24,12.3,24,1016.2,24,15.0,24,4.8,4,15.8,24,23.5,31.5,22.8, ,16.9, ,99.99, ,999.9,1000
1001099999,2023-03-09,70.9333333,-8.6666667,9.0,"JAN MAYEN NOR NAVY, NO",14.3,24,6.8,24,1013.0,24,11.8,24,1.6,4,25.5,24,29.9,43.9,21.7, ,9.0, ,99.99, ,999.9,1000
1001099999,2023-03-10,70.9333333,-8.6666667,9.0,"JAN MAYEN NOR NAVY, NO",9.8,24,6.1,24,1010.8,24,9.6,24,0.0,4,23.2,24,27.0,41.8,13.1, ,7.5, ,99.99, ,999.9,1000
1001099999,2023-03-11,70.9333333,-8.6666667,9.0,"JAN MAYEN NOR NAVY, NO",14.3,24,8.4,24,1008.8,24,7.7,24,2.2,4,22.2,24,32.4,43.3,15.8, ,10.8, ,99.99, ,999.9,1000
1001099999,2023-03-12,70.9333333,-8.6666667,9.0,"JAN MAYEN NOR NAVY, NO",16.4,24,10.3,24,1005.6,24,4.4,24,0.2,4,22.2,24,33.6,46.2,22.1, ,12.0, ,99.99, ,999.9,1000
1001099999,2023-03-13,70.9333333,-8.6666667,9.0,"JAN MAYEN NOR NAVY, NO",21.5,24,16.4,24,1000.8,24,999.6,24,0.3,4,23.7,24,35.2,51.9,27.1, ,18.1, ,99.99, ,999.9,1000
1001099999,2023-03-14,70.9333333,-8.6666667,9.0,"JAN MAYEN NOR NAVY, NO",22.2,24,17.8,24,1004.3,24,3.1,24,2.0,4,26.9,24,34.0,48.6,27.5, ,18.0, ,99.99, ,999.9,1000
1001099999,2023-03-15,70.9333333,-8.6666667,9.0,"JAN MAYEN NOR NAVY, NO",20.7,23,13.9,23,1014.4,23,13.2,23,999.9,0,18.3,23,33.0,41.8,25.0, ,18.5, ,99.99, ,999.9,1000
1001099999,2023-03-16,70.9333333,-8.6666667,9.0,"JAN MAYEN NOR NAVY, NO",22.8,24,14.5,24,1019.7,24,18.5,24,41.2,4,7.4,24,14.8,18.8,23.9, ,19.8, ,0.0,I,999.9,0
1001099999,2023-03-17,70.9333333,-8.6666667,9.0,"JAN MAYEN NOR NAVY, NO",26.3,24,18.3,24,1018.2,24,17.0,24,46.6,4,6.6,24,12.2,16.7,28.9, ,19.2, ,0.0,I,999.9,0
1001099999,2023-03-18,70.9333333,-8.6666667,9.0,"JAN MAYEN NOR NAVY, NO",28.3,24,24.8,24,1014.0,24,12.8,24,3.6,4,9.5,24,18.1,26.4,32.9, ,23.0, ,99.99, ,999.9,101000
1001099999,2023-03-19,70.9333333,-8.6666667,9.0,"JAN MAYEN NOR NAVY, NO",20.1,24,15.2,24,1013.0,24,11.8,24,0.6,4,17.9,24,22.7,33.2,23.7, ,13.8, ,99.99, ,999.9,1000
1001099999,2023-03-20,70.9333333,-8.6666667,9.0,"JAN MAYEN NOR NAVY, NO",11.9,24,1.9,24,1017.9,24,16.7,24,999.9,0,15.3,24,18.5,30.1,17.4, ,10.2, ,99.99, ,999.9,1000
1001099999,2023-03-21,70.9333333,-8.6666667,9.0,"JAN MAYEN NOR NAVY, NO",15.0,20,5.4,20,1017.8,20,16.6,20,15.1,4,10.5,20,15.9,20.4,19.0, ,12.2, ,99.99, ,999.9,1000
1001099999,2023-03-22,70.9333333,-8.6666667,9.0,"JAN MAYEN NOR NAVY, NO",16.8,24,9.1,24,1012.9,24,11.7,24,6.2,4,10.4,24,15.9,23.1,18.5, ,14.7, ,0.01,G,999.9,1000
1001099999,2023-03-23,70.9333333,-8.6666667,9.0,"JAN MAYEN NOR NAVY, NO",19.7,24,12.0,24,1008.0,24,6.9,24,13.8,4,13.3,24,22.3,32.2,22.6, ,16.9, ,0.0,G,999.9,1000
1001099999,2023-03-24,70.9333333,-8.6666667,9.0,"JAN MAYEN NOR NAVY, NO",22.2,24,14.1,24,1013.3,24,12.1,24,7.2,4,16.3,24,25.1,31.3,24.6, ,17.8, ,0.06,G,999.9,1000
1001099999,2023-03-25,70.9333333,-8.6666667,9.0,"JAN MAYEN NOR NAVY, NO",21.0,24,13.5,24,1016.8,24,15.6,24,7.9,4,15.6,24,22.1,31.9,26.2, ,14.9, ,0.0,G,999.9,1000
1001099999,2023-03-26,70.9333333,-8.6666667,9.0,"JAN MAYEN NOR NAVY, NO",22.9,24,15.5,24,1024.3,24,23.1,24,16.2,4,12.0,24,17.5,24.5,26.2, ,18.1, ,0.01,G,999.9,1000
1001099999,2023-03-27,70.9333333,-8.6666667,9.0,"JAN MAYEN NOR NAVY, NO",18.7,24,11.4,24,1026.1,24,24.8,24,9.3,4,16.0,24,22.3,32.1,21.6, ,17.1, ,0.02,G,999.9,1000
1001099999,2023-03-28,70.9333333,-8.6666667,9.0,"JAN MAYEN NOR NAVY, NO",25.4,24,18.4,24,1022.5,24,21.3,24,14.1,4,11.6,24,26.0,33.2,30.6, ,18.9, ,0.01,G,999.9,0
1001099999,2023-03-29,70.9333333,-8.6666667,9.0,"JAN MAYEN NOR NAVY, NO",29.1,24,21.8,24,1015.2,24,14.0,24,41.2,4,4.0,24,13.8,19.0,34.9, ,22.3, ,0.0,G,999.9,0
1001099999,2023-03-30,70.9333333,-8.6666667,9.0,"JAN MAYEN NOR NAVY, NO",31.1,21,26.0,21,1015.3,21,14.1,21,999.9,0,7.4,21,14.2,17.7,33.6, ,26.6, ,0.02,G,999.9,0
1001099999,2023-03-31,70.9333333,-8.6666667,9.0,"JAN MAYEN NOR NAVY, NO",33.0,23,28.3,23,1018.5,23,17.3,23,999.9,0,6.8,23,13.8,17.5,35.6, ,30.7, ,0.0,G,999.9,100000
1001099999,2023-04-01,70.9333333,-8.6666667,9.0,"JAN MAYEN NOR NAVY, NO",33.6,24,31.1,24,1021.0,24,19.8,24,9.5,4,13.1,24,18.1,21.6,34.9, ,32.4, ,0.01,G,999.9,1000
1001099999,2023-04-02,70.9333333,-8.6666667,9.0,"JAN MAYEN NOR NAVY, NO",32.4,24,30.7,24,1013.5,24,12.3,24,0.7,4,12.9,24,22.3,30.1,35.1, ,22.5, ,0.07,G,999.9,110000
1001099999,2023-04-03,70.9333333,-8.6666667,9.0,"JAN MAYEN NOR NAVY, NO",19.7,24,16.4,24,1021.2,24,20.0,24,16.3,4,11.4,24,16.9,36.1,33.4, ,17.8, ,0.04,G,999.9,11000
1001099999,2023-04-04,70.9333333,-8.6666667,9.0,"JAN MAYEN NOR NAVY, NO",29.7,24,27.7,24,1012.7,24,11.5,24,2.0,4,14.3,24,25.8,34.6,35.1, ,18.3, ,0.01,G,999.9,11000
1001099999,2023-04-05,70.9333333,-8.6666667,9.0,"JAN MAYEN NOR NAVY, NO",34.2,24,33.6,24,1000.0,24,998.8,24,0.5,4,4.2,24,9.7,13.8,35.8, ,32.5, ,0.46,G,999.9,10000
1001099999,2023-04-06,70.9333333,-8.6666667,9.0,"JAN MAYEN NOR NAVY, NO",27.5,24,25.5,24,1003.9,24,2.7,24,4.0,4,13.3,24,29.7,39.0,34.3, ,23.7, ,0.64,G,999.9,101000
1001099999,2023-04-07,70.9333333,-8.6666667,9.0,"JAN MAYEN NOR NAVY, NO",27.0,24,24.2,24,1016.7,24,15.5,24,11.7,4,9.2,24,13.0,17.1,28.4, ,23.7, ,0.02,G,999.9,10000
1001099999,2023-04-08,70.9333333,-8.6666667,9.0,"JAN MAYEN NOR NAVY, NO",32.2,24,30.6,24,1024.7,24,23.5,24,6.3,4,8.3,24,13.0,20.0,34.9, ,25.5, ,0.0,G,999.9,111000
1001099999,2023-04-09,70.9333333,-8.6666667,9.0,"JAN MAYEN NOR NAVY, NO",34.5,24,33.6,24,1021.4,24,20.2,24,0.6,4,10.3,24,19.6,23.5,35.8, ,33.1, ,0.04,G,999.9,110000
1001099999,2023-04-10,70.9333333,-8.6666667,9.0,"JAN MAYEN NOR NAVY, NO",34.8,24,32.4,24,1017.7,24,16.5,24,18.6,4,8.2,24,12.0,16.5,36.5, ,33.1, ,0.49,G,999.9,10000
1001099999,2023-04-11,70.9333333,-8.6666667,9.0,"JAN MAYEN NOR NAVY, NO",36.6,21,33.0,21,1011.6,21,10.4,21,25.6,4,11.8,21,16.1,21.8,38.7, ,34.9, ,0.0,G,999.9,0
1001099999,2023-04-12,70.9333333,-8.6666667,9.0,"JAN MAYEN NOR NAVY, NO",38.0,24,35.0,24,1008.3,24,7.1,24,7.1,4,13.1,24,20.8,27.2,40.5, ,34.7, ,99.99, ,999.9,10000
1001099999,2023-04-13,70.9333333,-8.6666667,9.0,"JAN MAYEN NOR NAVY, NO",36.0,24,35.0,24,1016.3,24,15.1,24,0.1,4,4.1,24,10.1,15.0,39.6, ,32.4,*,0.08,G,999.9,100000
1001099999,2023-04-14,70.9333333,-8.6666667,9.0,"JAN MAYEN NOR NAVY, NO",37.0,24,35.6,24,1014.3,24,13.1,24,5.9,4,5.2,24,12.6,17.9,39.4, ,35.4, ,0.0,G,999.9,100000
1001099999,2023-04-15,70.9333333,-8.6666667,9.0,"JAN MAYEN NOR NAVY, NO",36.0,24,35.3,24,1014.0,24,12.8,24,0.5,4,4.2,24,10.9,13.2,37.4, ,34.2, ,0.0,I,999.9,100000
1001099999,2023-04-16,70.9333333,-8.6666667,9.0,"JAN MAYEN NOR NAVY, NO",35.0,24,33.7,24,1017.1,24,15.9,24,5.8,4,4.3,24,10.7,14.0,39.0, ,33.1, ,0.22,G,999.9,110000
1001099999,2023-04-17,70.9333333,-8.6666667,9.0,"JAN MAYEN NOR NAVY, NO",35.5,24,34.7,24,1021.2,24,20.0,24,1.8,4,8.7,24,19.0,27.2,38.1, ,32.4,*,0.0,G,999.9,110000
1001099999,2023-04-18,70.9333333,-8.6666667,9.0,"JAN MAYEN NOR NAVY, NO",34.0,23,31.2,23,1023.5,23,22.3,23,21.7,4,8.3,23,19.8,30.5,38.1, ,31.3, ,0.52,G,999.9,0
1001099999,2023-04-19,70.9333333,-8.6666667,9.0,"JAN MAYEN NOR NAVY, NO",37.1,24,34.4,24,1027.3,24,26.1,24,6.9,4,6.0,24,17.9,28.4,48.4, ,30.2, ,0.01,G,999.9,100000
1001099999,2023-04-20,70.9333333,-8.6666667,9.0,"JAN MAYEN NOR NAVY, NO",33.6,24,30.0,24,1025.5,24,24.3,24,15.8,4,13.5,24,32.8,44.1,45.9, ,29.5, ,0.0,G,999.9,11000
1001099999,2023-04-21,70.9333333,-8.6666667,9.0,"JAN MAYEN NOR NAVY, NO",24.2,24,18.2,24,1031.0,24,29.8,24,19.9,4,19.5,24,33.0,44.5,30.4, ,21.6, ,0.25,G,999.9,1000
1001099999,2023-04-22,70.9333333,-8.6666667,9.0,"JAN MAYEN NOR NAVY, NO",25.5,24,17.0,24,1031.5,24,30.3,24,46.6,4,12.2,24,15.3,26.8,28.6, ,21.6, ,0.01,G,999.9,0
1001099999,2023-04-23,70.9333333,-8.6666667,9.0,"JAN MAYEN NOR NAVY, NO",24.7,21,14.2,21,1026.3,21,25.1,21,999.9,0,13.4,21,15.9,29.1,27.5, ,21.9, ,0.0,G,999.9,0
1001099999,2023-04-24,70.9333333,-8.6666667,9.0,"JAN MAYEN NOR NAVY, NO",23.9,24,18.7,24,1024.8,24,23.6,24,1.6,4,16.6,24,22.3,29.9,25.9, ,21.7, ,0.01,G,999.9,1000
1001099999,2023-04-25,70.9333333,-8.6666667,9.0,"JAN MAYEN NOR NAVY, NO",24.7,24,18.1,24,1027.0,24,25.8,24,7.1,4,15.8,24,20.4,28.4,26.6, ,23.4, ,0.04,G,999.9,1000
1001099999,2023-04-26,70.9333333,-8.6666667,9.0,"JAN MAYEN NOR NAVY, NO",25.2,24,19.6,24,1025.0,24,23.8,24,3.1,4,15.5,24,24.5,28.9,27.9, ,23.4, ,0.02,G,999.9,1000
1001099999,2023-04-27,70.9333333,-8.6666667,9.0,"JAN MAYEN NOR NAVY, NO",28.6,24,25.9,24,1020.1,24,18.9,24,1.5,4,21.4,24,24.3,34.8,31.1, ,24.1, ,0.05,G,999.9,1000
1001099999,2023-04-28,70.9333333,-8.6666667,9.0,"JAN MAYEN NOR NAVY, NO",24.5,24,22.4,24,1018.2,24,17.0,24,0.1,4,27.9,24,33.0,44.7,30.7, ,22.5, ,0.19,G,999.9,0
1001099999,2023-04-29,70.9333333,-8.6666667,9.0,"JAN MAYEN NOR NAVY, NO",24.2,24,21.1,24,1015.6,24,14.4,24,1.1,4,26.1,24,30.7,49.0,25.3, ,23.0, ,0.56,G,999.9,1000
1001099999,2023-04-30,70.9333333,-8.6666667,9.0,"JAN MAYEN NOR NAVY, NO",29.4,24,26.3,24,1015.1,24,13.9,24,12.4,4,20.1,24,32.8,44.9,34.7, ,23.0, ,0.06,G,999.9,1000
1001099999,2023-05-01,70.9333333,-8.6666667,9.0,"JAN MAYEN NOR NAVY, NO",28.8,24,22.3,24,1025.2,24,24.0,24,23.3,4,19.7,24,26.6,38.7,32.9, ,27.7, ,0.0,G,999.9,1000
1001099999,2023-05-02,70.9333333,-8.6666667,9.0,"JAN MAYEN NOR NAVY, NO",27.2,23,18.3,23,1031.6,23,30.4,23,18.6,4,7.6,23,13.8,22.5,28.0,*,26.4, ,0.01,G,999.9,1000
1001099999,2023-05-03,70.9333333,-8.6666667,9.0,"JAN MAYEN NOR NAVY, NO",28.8,23,20.3,23,1034.3,23,33.1,23,31.1,4,5.7,23,10.1,15.5,31.1,*,25.9, ,0.0,G,999.9,1000
1001099999,2023-05-04,70.9333333,-8.6666667,9.0,"JAN MAYEN NOR NAVY, NO",33.6,24,28.7,24,1026.4,24,25.2,24,28.0,4,14.0,24,19.2,24.9,35.4, ,29.1, ,0.01,G,999.9,0
1001099999,2023-05-05,70.9333333,-8.6666667,9.0,"JAN MAYEN NOR NAVY, NO",33.6,23,32.9,23,1017.6,23,16.4,23,0.2,4,10.2,23,16.3,23.7,35.2, ,32.4, ,0.02,G,999.9,10000
1001099999,2023-05-06,70.9333333,-8.6666667,9.0,"JAN MAYEN NOR NAVY, NO",32.0,24,30.4,24,1014.8,24,13.6,24,8.4,4,5.6,24,14.4,18.1,33.6, ,30.9, ,0.08,G,999.9,101000
1001099999,2023-05-07,70.9333333,-8.6666667,9.0,"JAN MAYEN NOR NAVY, NO",33.4,24,31.1,24,1014.8,24,13.6,24,14.0,4,11.2,24,16.5,22.3,37.4, ,30.2, ,0.07,G,999.9,11000
1001099999,2023-05-08,70.9333333,-8.6666667,9.0,"JAN MAYEN NOR NAVY, NO",36.3,23,35.4,23,1009.2,23,8.0,23,0.1,4,2.3,23,5.2,17.5,38.1, ,34.7, ,0.17,G,999.9,110000
1001099999,2023-05-09,70.9333333,-8.6666667,9.0,"JAN MAYEN NOR NAVY, NO",39.4,24,38.6,24,1005.3,24,4.1,24,0.1,4,2.2,24,4.5,999.9,42.8, ,35.2, ,0.06,G,999.9,110000
1001099999,2023-05-10,70.9333333,-8.6666667,9.0,"JAN MAYEN NOR NAVY, NO",38.2,24,36.4,24,1006.7,24,5.5,24,8.2,4,12.3,24,26.4,36.7,44.2, ,33.1, ,0.05,G,999.9,10000
1001099999,2023-05-11,70.9333333,-8.6666667,9.0,"JAN MAYEN NOR NAVY, NO",31.9,23,29.2,23,1014.5,23,13.3,23,16.4,4,18.0,23,30.9,36.3,35.8, ,30.6, ,0.12,G,999.9,1000
1001099999,2023-05-12,70.9333333,-8.6666667,9.0,"JAN MAYEN NOR NAVY, NO",33.9,24,32.7,24,1011.0,24,9.8,24,2.1,4,10.2,24,17.3,22.3,36.5, ,28.6, ,0.04,G,999.9,100000
1001099999,2023-05-13,70.9333333,-8.6666667,9.0,"JAN MAYEN NOR NAVY, NO",34.3,24,31.8,24,1006.8,24,5.6,24,14.0,4,7.4,24,30.1,39.6,39.6, ,31.6, ,0.39,G,999.9,11000
1001099999,2023-05-14,70.9333333,-8.6666667,9.0,"JAN MAYEN NOR NAVY, NO",37.0,24,35.4,24,998.2,24,997.0,24,6.8,4,10.3,24,18.3,26.8,39.2, ,32.9, ,0.16,G,999.9,110000
1001099999,2023-05-15,70.9333333,-8.6666667,9.0,"JAN MAYEN NOR NAVY, NO",33.4,24,32.0,24,992.2,24,991.0,24,4.1,4,11.0,24,21.8,37.5,37.2, ,28.6, ,0.24,G,999.9,10000
1001099999,2023-05-16,70.9333333,-8.6666667,9.0,"JAN MAYEN NOR NAVY, NO",25.9,24,21.1,24,1009.0,24,7.8,24,10.4,4,12.7,24,24.7,48.2,31.1, ,23.2, ,0.22,G,999.9,1000
1001099999,2023-05-17,70.9333333,-8.6666667,9.0,"JAN MAYEN NOR NAVY, NO",33.4,24,31.8,24,1006.4,24,5.2,24,3.5,4,10.8,24,23.3,29.1,34.9, ,25.5, ,0.1,G,999.9,11000
1001099999,2023-05-18,70.9333333,-8.6666667,9.0,"JAN MAYEN NOR NAVY, NO",33.5,21,31.9,21,1004.6,21,3.4,21,999.9,0,6.2,21,12.8,16.1,35.6, ,32.4, ,0.25,G,999.9,10000
1001099999,2023-05-19,70.9333333,-8.6666667,9.0,"JAN MAYEN NOR NAVY, NO",36.9,24,36.0,24,999.2,24,998.0,24,0.4,4,5.0,24,10.3,15.0,40.8, ,32.4, ,0.15,G,999.9,110000
1001099999,2023-05-20,70.9333333,-8.6666667,9.0,"JAN MAYEN NOR NAVY, NO",38.4,24,34.4,24,995.9,24,994.8,24,20.2,4,13.3,24,19.6,33.2,45.1, ,34.0, ,0.32,G,999.9,0
1001099999,2023-05-21,70.9333333,-8.6666667,9.0,"JAN MAYEN NOR NAVY, NO",37.0,24,33.8,24,1000.5,24,999.3,24,18.6,4,10.8,24,19.6,25.4,39.9, ,34.7, ,0.02,G,999.9,10000
1001099999,2023-05-22,70.9333333,-8.6666667,9.0,"JAN MAYEN NOR NAVY, NO",36.3,24,34.9,24,1000.1,24,998.9,24,4.7,4,10.4,24,18.3,21.2,38.8, ,34.7, ,0.12,G,999.9,0
1001099999,2023-05-23,70.9333333,-8.6666667,9.0,"JAN MAYEN NOR NAVY, NO",32.5,24,29.6,24,993.6,24,992.5,24,16.6,4,12.8,24,24.7,33.2,37.9, ,30.0, ,0.06,G,999.9,1000
1001099999,2023-05-24,70.9333333,-8.6666667,9.0,"JAN MAYEN NOR NAVY, NO",31.1,24,29.1,24,975.5,24,974.4,24,0.9,4,15.4,24,23.1,44.7,37.9, ,27.7, ,0.54,G,999.9,11000
1001099999,2023-05-25,70.9333333,-8.6666667,9.0,"JAN MAYEN NOR NAVY, NO",28.6,24,22.8,24,1004.4,24,3.2,24,9.0,4,19.8,24,26.4,51.7,29.3, ,27.5, ,0.18,G,999.9,1000
1001099999,2023-05-26,70.9333333,-8.6666667,9.0,"JAN MAYEN NOR NAVY, NO",32.7,23,23.9,23,1014.6,23,13.4,23,999.9,0,8.6,23,14.0,24.7,35.6, ,28.6, ,0.04,G,999.9,0
1001099999,2023-05-27,70.9333333,-8.6666667,9.0,"JAN MAYEN NOR NAVY, NO",33.9,24,27.8,24,1003.5,24,2.2,24,13.2,4,15.5,24,27.2,40.2,37.2, ,30.9, ,0.01,G,999.9,11000
1001099999,2023-05-28,70.9333333,-8.6666667,9.0,"JAN MAYEN NOR NAVY, NO",32.8,24,29.0,24,1005.2,24,4.0,24,31.8,4,6.8,24,17.5,22.0,35.6, ,27.5, ,0.01,G,999.9,1000
1001099999,2023-05-29,70.9333333,-8.6666667,9.0,"JAN MAYEN NOR NAVY, NO",34.3,24,30.9,24,1009.8,24,8.6,24,46.6,4,10.1,24,25.1,30.3,37.4, ,32.2, ,0.04,G,999.9,0
1001099999,2023-05-30,70.9333333,-8.6666667,9.0,"JAN MAYEN NOR NAVY, NO",30.7,24,27.8,24,1008.2,24,7.0,24,7.3,4,13.2,24,24.5,33.2,35.6, ,26.6, ,0.26,G,999.9,10000
1001099999,2023-05-31,70.9333333,-8.6666667,9.0,"JAN MAYEN NOR NAVY, NO",31.9,24,25.2,24,1021.6,24,20.4,24,46.6,4,12.6,24,19.4,31.7,33.4, ,26.6, ,0.05,G,999.9,0
1001099999,2023-06-01,70.9333333,-8.6666667,9.0,"JAN MAYEN NOR NAVY, NO",33.7,20,29.8,20,1020.3,20,19.0,20,999.9,0,7.6,20,19.2,31.3,38.3, ,29.8, ,0.01,G,999.9,10000
1001099999,2023-06-02,70.9333333,-8.6666667,9.0,"JAN MAYEN NOR NAVY, NO",32.6,24,29.8,24,1013.2,24,12.0,24,8.4,4,18.0,24,27.4,47.2,38.3, ,30.4, ,0.04,G,999.9,11000
1001099999,2023-06-03,70.9333333,-8.6666667,9.0,"JAN MAYEN NOR NAVY, NO",33.3,24,31.0,24,1014.4,24,13.2,24,4.6,4,10.2,24,26.2,39.4,39.2, ,30.2, ,0.01,G,999.9,11000
1001099999,2023-06-04,70.9333333,-8.6666667,9.0,"JAN MAYEN NOR NAVY, NO",30.5,24,26.8,24,1018.2,24,17.0,24,38.8,4,15.5,24,24.5,50.3,37.6, ,29.3, ,0.21,G,999.9,0
1001099999,2023-06-05,70.9333333,-8.6666667,9.0,"JAN MAYEN NOR NAVY, NO",31.3,24,26.6,24,1023.1,24,21.9,24,18.6,4,7.4,24,13.6,26.2,32.2, ,29.7, ,0.0,G,999.9,10000
1001099999,2023-06-06,70.9333333,-8.6666667,9.0,"JAN MAYEN NOR NAVY, NO",34.0,23,27.9,23,1021.8,23,20.6,23,999.9,0,5.0,23,8.9,14.4,37.2, ,30.9, ,0.0,I,999.9,0
1001099999,2023-06-07,70.9333333,-8.6666667,9.0,"JAN MAYEN NOR NAVY, NO",33.9,24,29.7,24,1020.8,24,19.6,24,28.7,4,7.8,24,14.8,17.1,36.1, ,32.2, ,0.01,G,999.9,1000
1001099999,2023-06-08,70.9333333,-8.6666667,9.0,"JAN MAYEN NOR NAVY, NO",35.4,22,34.1,22,1021.3,22,20.1,22,999.9,0,9.4,22,15.5,20.6,37.6, ,32.2, ,0.0,G,999.9,10000
1001099999,2023-06-09,70.9333333,-8.6666667,9.0,"JAN MAYEN NOR NAVY, NO",36.8,24,36.2,24,1016.4,24,15.2,24,0.5,4,8.8,24,11.1,15.3,37.6, ,36.0, ,0.37,G,999.9,10000
1001099999,2023-06-10,70.9333333,-8.6666667,9.0,"JAN MAYEN NOR NAVY, NO",36.4,24,35.9,24,1009.9,24,8.7,24,0.2,4,10.7,24,17.3,21.0,37.8, ,33.6, ,0.16,G,999.9,110000
1001099999,2023-06-11,70.9333333,-8.6666667,9.0,"JAN MAYEN NOR NAVY, NO",35.3,24,31.8,24,1000.8,24,999.6,24,17.1,4,15.1,24,29.9,45.6,40.3, ,32.4, ,0.08,G,999.9,10000
1001099999,2023-06-12,70.9333333,-8.6666667,9.0,"JAN MAYEN NOR NAVY, NO",35.8,24,31.7,24,1006.8,24,5.6,24,23.3,4,6.3,24,14.2,30.3,40.3, ,32.4, ,0.01,G,999.9,10000
1001099999,2023-06-13,70.9333333,-8.6666667,9.0,"JAN MAYEN NOR NAVY, NO",39.1,24,34.6,24,1011.0,24,9.8,24,14.9,4,13.9,24,20.4,43.3,44.8, ,32.2, ,0.01,G,999.9,0
1001099999,2023-06-14,70.9333333,-8.6666667,9.0,"JAN MAYEN NOR NAVY, NO",39.2,24,35.7,24,1016.4,24,15.2,24,17.1,4,9.6,24,26.0,36.9,43.7, ,36.7, ,0.02,G,999.9,10000
1001099999,2023-06-15,70.9333333,-8.6666667,9.0,"JAN MAYEN NOR NAVY, NO",39.2,20,37.1,20,1023.0,20,21.8,20,999.9,0,4.1,20,7.0,10.7,44.4, ,36.3, ,0.0,G,999.9,100000
1001099999,2023-06-16,70.9333333,-8.6666667,9.0,"JAN MAYEN NOR NAVY, NO",38.5,24,36.9,24,1021.9,24,20.7,24,14.1,4,5.3,24,8.4,10.1,42.1, ,36.9, ,0.01,G,999.9,100000
1001099999,2023-06-17,70.9333333,-8.6666667,9.0,"JAN MAYEN NOR NAVY, NO",38.9,24,38.5,24,1017.7,24,16.5,24,0.1,4,8.2,24,11.5,12.6,41.4, ,36.9, ,0.02,G,999.9,110000
1001099999,2023-06-18,70.9333333,-8.6666667,9.0,"JAN MAYEN NOR NAVY, NO",38.1,18,37.4,18,1017.0,18,15.8,18,999.9,0,5.6,18,8.5,10.9,41.0,*,36.1, ,0.02,G,999.9,100000
1001099999,2023-06-19,70.9333333,-8.6666667,9.0,"JAN MAYEN NOR NAVY, NO",39.2,24,38.3,24,1017.1,24,15.9,24,2.1,4,4.1,24,7.2,10.7,41.9, ,37.4, ,0.02,G,999.9,110000
1001099999,2023-06-20,70.9333333,-8.6666667,9.0,"JAN MAYEN NOR NAVY, NO",40.6,24,39.0,24,1013.6,24,12.4,24,3.6,4,4.8,24,6.8,10.9,43.9, ,38.7, ,0.01,G,999.9,110000
1001099999,2023-06-21,70.9333333,-8.6666667,9.0,"JAN MAYEN NOR NAVY, NO",41.9,24,41.1,24,1006.3,24,5.1,24,1.3,4,7.2,24,16.7,20.4,44.6, ,38.1, ,0.5,G,999.9,110000
1001099999,2023-06-22,70.9333333,-8.6666667,9.0,"JAN MAYEN NOR NAVY, NO",39.0,22,36.2,22,1008.4,22,7.2,22,8.5,4,5.7,22,10.9,25.1,44.1, ,35.6, ,0.21,G,999.9,0
1001099999,2023-06-23,70.9333333,-8.6666667,9.0,"JAN MAYEN NOR NAVY, NO",40.9,24,36.5,24,1011.9,24,10.7,24,46.6,4,4.4,24,7.8,10.7,44.6, ,35.4, ,0.02,G,999.9,0
1001099999,2023-06-24,70.9333333,-8.6666667,9.0,"JAN MAYEN NOR NAVY, NO",41.9,14,40.8,14,1013.4,14,12.2,14,999.9,0,3.8,14,7.2,999.9,44.6, ,40.5, ,0.0,G,999.9,110000
1001099999,2023-06-26,70.9333333,-8.6666667,9.0,"JAN MAYEN NOR NAVY, NO",47.0,24,44.9,24,1016.6,24,15.4,24,999.9,0,3.9,24,6.0,12.0,49.5, ,43.9, ,0.14,G,999.9,100000
1001099999,2023-06-27,70.9333333,-8.6666667,9.0,"JAN MAYEN NOR NAVY, NO",45.4,24,42.6,24,1014.6,24,13.5,24,8.0,4,5.3,24,10.9,13.2,51.4, ,40.5, ,0.04,G,999.9,100000
1001099999,2023-06-28,70.9333333,-8.6666667,9.0,"JAN MAYEN NOR NAVY, NO",44.2,24,43.1,24,1007.3,24,6.1,24,3.7,4,7.1,24,13.2,17.7,49.6, ,43.0, ,0.02,G,999.9,10000
1001099999,2023-06-29,70.9333333,-8.6666667,9.0,"JAN MAYEN NOR NAVY, NO",44.0,22,43.2,22,1006.4,22,5.2,22,999.9,0,6.4,22,10.5,17.3,45.1, ,43.2, ,0.23,G,999.9,110000
1001099999,2023-06-30,70.9333333,-8.6666667,9.0,"JAN MAYEN NOR NAVY, NO",44.5,23,43.0,23,1008.7,23,7.5,23,5.3,4,7.4,23,16.9,20.6,47.7, ,42.4, ,0.19,G,999.9,110000
1001099999,2023-07-01,70.9333333,-8.6666667,9.0,"JAN MAYEN NOR NAVY, NO",44.5,24,43.2,24,1009.2,24,8.0,24,1.8,4,7.2,24,16.3,25.1,47.5, ,42.6, ,0.56,G,999.9,110000
1001099999,2023-07-02,70.9333333,-8.6666667,9.0,"JAN MAYEN NOR NAVY, NO",41.6,24,38.3,24,1015.2,24,14.0,24,8.5,4,13.4,24,25.8,33.0,46.2, ,35.4, ,0.0,G,999.9,0
1001099999,2023-07-03,70.9333333,-8.6666667,9.0,"JAN MAYEN NOR NAVY, NO",39.3,24,36.6,24,1009.4,24,8.2,24,21.7,4,25.4,24,37.1,53.8,42.1, ,35.4, ,0.01,G,999.9,10000
1001099999,2023-07-04,70.9333333,-8.6666667,9.0,"JAN MAYEN NOR NAVY, NO",43.1,24,39.3,24,1007.8,24,6.6,24,999.9,0,15.7,24,23.3,37.7,48.7, ,38.8, ,0.06,G,999.9,0
1001099999,2023-07-05,70.9333333,-8.6666667,9.0,"JAN MAYEN NOR NAVY, NO",41.9,24,39.4,24,1011.3,24,10.0,24,8.4,4,13.6,24,28.2,40.6,48.7, ,39.4, ,0.01,G,999.9,10000
1001099999,2023-07-06,70.9333333,-8.6666667,9.0,"JAN MAYEN NOR NAVY, NO",42.7,22,40.6,22,1017.4,22,16.2,22,5.6,4,3.1,22,5.2,10.7,45.0, ,41.2, ,0.01,G,999.9,100000
1001099999,2023-07-07,70.9333333,-8.6666667,9.0,"JAN MAYEN NOR NAVY, NO",42.7,23,40.6,23,1022.2,23,21.0,23,7.8,4,2.8,23,5.8,999.9,44.6, ,41.2, ,0.0,G,999.9,0
1001099999,2023-07-08,70.9333333,-8.6666667,9.0,"JAN MAYEN NOR NAVY, NO",43.0,24,41.4,24,1021.8,24,20.6,24,14.1,4,7.3,24,13.2,19.2,45.0, ,41.7, ,99.99, ,999.9,10000
1001099999,2023-07-09,70.9333333,-8.6666667,9.0,"JAN MAYEN NOR NAVY, NO",41.3,24,38.9,24,1015.7,24,14.5,24,18.2,4,9.7,24,20.4,33.2,46.6, ,37.0, ,0.41,G,999.9,100000
1001099999,2023-07-10,70.9333333,-8.6666667,9.0,"JAN MAYEN NOR NAVY, NO",36.6,24,35.0,24,1013.4,24,12.2,24,1.1,4,18.3,24,26.0,37.9,37.9, ,35.8, ,0.1,G,999.9,10000
1001099999,2023-07-11,70.9333333,-8.6666667,9.0,"JAN MAYEN NOR NAVY, NO",37.5,24,36.0,24,1015.4,24,14.2,24,1.4,4,17.8,24,24.5,31.9,41.2, ,32.9, ,0.06,G,999.9,110000
1001099999,2023-07-12,70.9333333,-8.6666667,9.0,"JAN MAYEN NOR NAVY, NO",37.4,24,35.7,24,1011.7,24,10.5,24,8.0,4,22.5,24,36.1,46.4,40.8, ,32.9, ,0.03,G,999.9,110000
1001099999,2023-07-13,70.9333333,-8.6666667,9.0,"JAN MAYEN NOR NAVY, NO",45.1,21,42.3,21,1006.9,21,5.8,21,999.9,0,18.0,21,36.3,51.3,51.3, ,38.5, ,0.2,G,0.4,10000
1001099999,2023-07-14,70.9333333,-8.6666667,9.0,"JAN MAYEN NOR NAVY, NO",43.2,24,41.3,24,1008.9,24,7.7,24,9.4,4,14.3,24,33.0,42.0,51.3, ,39.9, ,0.0,G,999.9,100000
1001099999,2023-07-15,70.9333333,-8.6666667,9.0,"JAN MAYEN NOR NAVY, NO",41.2,24,39.7,24,1010.1,24,8.9,24,6.4,4,21.7,24,31.9,44.7,46.4, ,38.5, ,0.01,G,999.9,10000
1001099999,2023-07-16,70.9333333,-8.6666667,9.0,"JAN MAYEN NOR NAVY, NO",39.8,24,38.5,24,1004.4,24,3.2,24,2.6,4,29.0,24,35.4,46.4,41.5, ,38.5, ,0.06,G,999.9,10000
1001099999,2023-07-17,70.9333333,-8.6666667,9.0,"JAN MAYEN NOR NAVY, NO",40.1,24,38.8,24,1002.1,24,0.9,24,1.9,4,29.5,24,37.3,48.0,46.0, ,38.7,*,0.11,G,999.9,110000
1001099999,2023-07-18,70.9333333,-8.6666667,9.0,"JAN MAYEN NOR NAVY, NO",39.9,24,38.1,24,1008.1,24,6.9,24,4.7,4,29.1,24,35.0,47.2,41.4, ,39.0, ,0.04,G,999.9,10000
1001099999,2023-07-19,70.9333333,-8.6666667,9.0,"JAN MAYEN NOR NAVY, NO",39.1,24,37.1,24,1013.4,24,12.2,24,9.3,4,22.9,24,32.1,46.6,42.3, ,37.2, ,0.02,G,999.9,0
1001099999,2023-07-20,70.9333333,-8.6666667,9.0,"JAN MAYEN NOR NAVY, NO",39.4,23,36.8,23,1015.9,23,14.7,23,999.9,0,4.5,23,9.3,14.8,41.0,*,37.2, ,0.0,G,999.9,0
1001099999,2023-07-21,70.9333333,-8.6666667,9.0,"JAN MAYEN NOR NAVY, NO",38.1,24,36.1,24,1014.7,24,13.5,24,4.8,4,3.4,24,5.4,999.9,39.9, ,36.9, ,0.01,G,999.9,10000
1001099999,2023-07-22,70.9333333,-8.6666667,9.0,"JAN MAYEN NOR NAVY, NO",39.4,24,36.4,24,1016.8,24,15.6,24,18.6,4,6.1,24,15.7,21.8,42.1, ,36.0,*,0.0,G,999.9,0
1001099999,2023-07-23,70.9333333,-8.6666667,9.0,"JAN MAYEN NOR NAVY, NO",36.6,24,34.9,24,1017.2,24,16.0,24,18.6,4,11.0,24,15.7,22.7,41.4, ,34.5, ,0.0,G,999.9,110000
1001099999,2023-07-24,70.9333333,-8.6666667,9.0,"JAN MAYEN NOR NAVY, NO",38.6,24,36.5,24,1013.2,24,12.0,24,5.5,4,16.6,24,20.0,30.5,41.0, ,36.9,*,99.99, ,999.9,110000
1001099999,2023-07-25,70.9333333,-8.6666667,9.0,"JAN MAYEN NOR NAVY, NO",40.2,24,38.3,24,1010.7,24,9.5,24,10.9,4,14.4,24,22.3,32.4,42.8, ,38.5, ,0.02,G,999.9,10000
1001099999,2023-07-26,70.9333333,-8.6666667,9.0,"JAN MAYEN NOR NAVY, NO",40.9,24,38.9,24,1012.6,24,11.4,24,15.8,4,13.0,24,18.8,28.4,43.5, ,38.3, ,0.01,G,999.9,10000
1001099999,2023-07-27,70.9333333,-8.6666667,9.0,"JAN MAYEN NOR NAVY, NO",41.2,22,38.9,22,1012.2,22,11.0,22,999.9,0,10.0,22,13.8,22.7,44.8, ,39.2, ,0.01,G,999.9,110000
1001099999,2023-07-28,70.9333333,-8.6666667,9.0,"JAN MAYEN NOR NAVY, NO",42.0,24,38.5,24,1012.5,24,11.3,24,21.3,4,8.4,24,16.5,22.5,47.1, ,38.1, ,0.0,G,999.9,100000
1001099999,2023-07-29,70.9333333,-8.6666667,9.0,"JAN MAYEN NOR NAVY, NO",44.4,24,41.3,24,1010.5,24,9.3,24,14.8,4,2.4,24,4.9,15.2,46.6, ,42.3,*,0.0,G,999.9,0
1001099999,2023-07-30,70.9333333,-8.6666667,9.0,"JAN MAYEN NOR NAVY, NO",44.2,24,40.6,24,1010.6,24,9.4,24,15.2,4,3.2,24,5.6,999.9,46.6, ,41.4, ,0.0,G,999.9,100000
1001099999,2023-07-31,70.9333333,-8.6666667,9.0,"JAN MAYEN NOR NAVY, NO",44.8,24,43.2,24,1011.2,24,10.0,24,3.5,4,2.3,24,7.2,999.9,46.4, ,41.4, ,99.99, ,999.9,110000
1001099999,2023-08-01,70.9333333,-8.6666667,9.0,"JAN MAYEN NOR NAVY, NO",43.9,24,42.3,24,1010.5,24,9.3,24,3.9,4,3.6,24,7.4,999.9,46.4, ,41.0, ,0.1,G,999.9,110000
1001099999,2023-08-02,70.9333333,-8.6666667,9.0,"JAN MAYEN NOR NAVY, NO",41.4,24,38.9,24,1010.0,24,8.8,24,11.8,4,9.8,24,15.3,20.0,44.6, ,37.4, ,0.0,G,999.9,110000
1001099999,2023-08-03,70.9333333,-8.6666667,9.0,"JAN MAYEN NOR NAVY, NO",38.3,23,36.2,23,1009.3,23,8.1,23,999.9,0,20.4,23,30.9,37.7,40.8, ,36.9, ,0.0,G,999.9,110000
1001099999,2023-08-04,70.9333333,-8.6666667,9.0,"JAN MAYEN NOR NAVY, NO",38.9,20,37.0,20,1004.9,20,3.7,20,999.9,0,21.0,20,27.2,40.0,40.1,*,37.8, ,0.02,G,999.9,10000
1001099999,2023-08-05,70.9333333,-8.6666667,9.0,"JAN MAYEN NOR NAVY, NO",38.9,24,37.1,24,1002.9,24,1.7,24,3.3,4,20.6,24,28.2,42.2,39.7, ,38.1, ,0.39,G,999.9,10000
1001099999,2023-08-06,70.9333333,-8.6666667,9.0,"JAN MAYEN NOR NAVY, NO",38.5,24,36.2,24,1008.9,24,7.7,24,5.3,4,21.4,24,24.7,40.4,39.4, ,37.4, ,0.38,G,999.9,10000
1001099999,2023-08-07,70.9333333,-8.6666667,9.0,"JAN MAYEN NOR NAVY, NO",39.8,22,35.5,22,1017.4,22,16.2,22,999.9,0,13.0,22,20.0,40.8,42.3, ,36.5, ,0.17,G,999.9,0
1001099999,2023-08-08,70.9333333,-8.6666667,9.0,"JAN MAYEN NOR NAVY, NO",40.3,24,36.3,24,1018.9,24,17.7,24,16.8,4,12.6,24,29.3,46.0,44.8, ,34.2, ,0.01,G,999.9,100000
1001099999,2023-08-09,70.9333333,-8.6666667,9.0,"JAN MAYEN NOR NAVY, NO",46.5,24,41.7,24,1007.0,24,5.9,24,12.4,4,16.7,24,35.4,55.7,50.7, ,41.4, ,0.12,G,999.9,10000
1001099999,2023-08-10,70.9333333,-8.6666667,9.0,"JAN MAYEN NOR NAVY, NO",45.8,23,44.6,23,1011.0,23,9.9,23,2.9,4,4.4,23,11.7,17.5,49.1, ,43.2, ,0.04,G,999.9,110000
1001099999,2023-08-11,70.9333333,-8.6666667,9.0,"JAN MAYEN NOR NAVY, NO",44.7,21,44.0,21,1013.9,21,12.7,21,999.9,0,2.9,21,5.1,13.4,48.4, ,42.6, ,0.02,G,999.9,110000
1001099999,2023-08-12,70.9333333,-8.6666667,9.0,"JAN MAYEN NOR NAVY, NO",44.5,24,41.6,24,1011.8,24,10.6,24,0.5,4,3.7,24,15.7,20.6,48.7, ,41.9, ,0.0,G,999.9,100000
1001099999,2023-08-13,70.9333333,-8.6666667,9.0,"JAN MAYEN NOR NAVY, NO",41.5,24,38.0,24,1014.9,24,13.7,24,14.9,4,8.9,24,18.1,26.2,48.7, ,38.7, ,0.0,I,999.9,100000
1001099999,2023-08-14,70.9333333,-8.6666667,9.0,"JAN MAYEN NOR NAVY, NO",42.0,24,37.9,24,1015.0,24,13.8,24,41.2,4,8.3,24,19.6,28.6,45.9, ,38.1, ,0.0,G,999.9,0
1001099999,2023-08-15,70.9333333,-8.6666667,9.0,"JAN MAYEN NOR NAVY, NO",42.2,24,40.1,24,1015.5,24,14.3,24,14.0,4,7.2,24,10.5,14.0,44.8, ,38.1, ,0.01,G,999.9,0
1001099999,2023-08-16,70.9333333,-8.6666667,9.0,"JAN MAYEN NOR NAVY, NO",42.3,24,40.5,24,1017.3,24,16.1,24,6.3,4,2.4,24,5.8,12.4,44.1, ,39.9, ,0.0,G,999.9,100000
1001099999,2023-08-17,70.9333333,-8.6666667,9.0,"JAN MAYEN NOR NAVY, NO",43.4,22,42.2,22,1022.8,22,21.6,22,999.9,0,3.0,22,6.0,9.7,46.8, ,42.1, ,0.03,G,999.9,0
1001099999,2023-08-18,70.9333333,-8.6666667,9.0,"JAN MAYEN NOR NAVY, NO",43.8,24,43.0,24,1028.0,24,26.8,24,3.1,4,5.9,24,12.8,13.4,45.0, ,42.1, ,0.02,G,999.9,110000
1001099999,2023-08-19,70.9333333,-8.6666667,9.0,"JAN MAYEN NOR NAVY, NO",45.1,24,43.7,24,1028.6,24,27.4,24,11.4,4,3.0,24,5.2,10.7,47.5, ,43.3, ,0.04,G,999.9,10000
1001099999,2023-08-20,70.9333333,-8.6666667,9.0,"JAN MAYEN NOR NAVY, NO",45.3,24,43.4,24,1016.6,24,15.4,24,20.2,4,4.1,24,11.5,13.6,46.9, ,43.7, ,0.01,G,999.9,0
1001099999,2023-08-21,70.9333333,-8.6666667,9.0,"JAN MAYEN NOR NAVY, NO",46.0,24,44.0,24,1007.7,24,6.5,24,2.8,4,10.2,24,19.4,30.1,51.6, ,42.1, ,0.09,G,999.9,10000
1001099999,2023-08-22,70.9333333,-8.6666667,9.0,"JAN MAYEN NOR NAVY, NO",40.3,24,39.0,24,1016.5,24,15.3,24,6.4,4,3.4,24,5.1,9.9,43.9, ,38.3, ,0.0,G,999.9,100000
1001099999,2023-08-23,70.9333333,-8.6666667,9.0,"JAN MAYEN NOR NAVY, NO",39.1,24,38.1,24,1017.7,24,16.5,24,999.9,0,3.4,24,6.4,999.9,40.8, ,35.2, ,0.0,I,999.9,100000
1001099999,2023-08-24,70.9333333,-8.6666667,9.0,"JAN MAYEN NOR NAVY, NO",39.3,23,38.1,23,1020.2,23,19.0,23,999.9,0,3.1,23,5.6,999.9,42.1, ,36.3, ,0.0,G,999.9,100000
1001099999,2023-08-25,70.9333333,-8.6666667,9.0,"JAN MAYEN NOR NAVY, NO",42.4,24,41.8,24,1016.7,24,15.5,24,1.9,4,9.1,24,11.7,14.8,44.4, ,39.2, ,99.99, ,999.9,110000
1001099999,2023-08-26,70.9333333,-8.6666667,9.0,"JAN MAYEN NOR NAVY, NO",42.7,23,42.4,23,1011.0,23,9.8,23,2.0,4,10.1,23,13.4,15.0,44.1, ,41.9, ,0.0,G,999.9,110000
1001099999,2023-08-27,70.9333333,-8.6666667,9.0,"JAN MAYEN NOR NAVY, NO",43.8,23,43.5,23,1005.7,23,4.6,23,4.8,4,9.2,23,14.4,20.8,45.3, ,42.1, ,0.11,G,999.9,10000
1001099999,2023-08-28,70.9333333,-8.6666667,9.0,"JAN MAYEN NOR NAVY, NO",42.4,24,41.4,24,1004.3,24,3.1,24,0.3,4,4.5,24,15.5,21.0,43.9, ,40.3, ,0.0,G,999.9,100000
1001099999,2023-08-29,70.9333333,-8.6666667,9.0,"JAN MAYEN NOR NAVY, NO",41.7,23,38.1,23,1004.3,23,3.2,23,15.7,4,12.4,23,24.9,33.2,45.0, ,39.6, ,0.0,G,999.9,110000
1001099999,2023-08-30,70.9333333,-8.6666667,9.0,"JAN MAYEN NOR NAVY, NO",42.5,24,39.6,24,1009.1,24,7.9,24,18.5,4,9.3,24,24.9,29.3,45.9, ,39.4, ,0.01,G,999.9,0
1001099999,2023-08-31,70.9333333,-8.6666667,9.0,"JAN MAYEN NOR NAVY, NO",40.8,23,36.9,23,1014.4,23,13.2,23,999.9,0,8.2,23,11.1,14.4,43.7, ,38.7, ,0.0,G,999.9,0
1001099999,2023-09-01,70.9333333,-8.6666667,9.0,"JAN MAYEN NOR NAVY, NO",41.6,23,39.8,23,1015.5,23,14.3,23,9.6,4,9.5,23,12.8,15.9,43.5, ,38.7, ,99.99, ,999.9,10000
1001099999,2023-09-02,70.9333333,-8.6666667,9.0,"JAN MAYEN NOR NAVY, NO",45.0,24,42.9,24,1004.2,24,3.1,24,17.1,4,16.8,24,22.5,30.7,46.4,*,41.5, ,0.0,G,999.9,10000
1001099999,2023-09-03,70.9333333,-8.6666667,9.0,"JAN MAYEN NOR NAVY, NO",43.6,24,42.8,24,989.4,24,988.3,24,2.1,4,5.0,24,16.7,21.0,46.2, ,41.2, ,0.59,G,999.9,100000
1001099999,2023-09-04,70.9333333,-8.6666667,9.0,"JAN MAYEN NOR NAVY, NO",42.7,24,41.0,24,992.7,24,991.6,24,9.3,4,6.2,24,11.7,23.5,46.4, ,40.5, ,0.02,G,999.9,10000
1001099999,2023-09-05,70.9333333,-8.6666667,9.0,"JAN MAYEN NOR NAVY, NO",40.9,22,37.6,22,1006.3,22,5.1,22,15.2,4,12.9,22,18.8,33.6,45.5, ,38.1, ,0.05,G,999.9,10000
1001099999,2023-09-06,70.9333333,-8.6666667,9.0,"JAN MAYEN NOR NAVY, NO",44.4,23,42.8,23,1004.9,23,3.7,23,7.3,4,10.0,23,18.5,23.3,46.9, ,39.6, ,0.04,G,999.9,10000
1001099999,2023-09-07,70.9333333,-8.6666667,9.0,"JAN MAYEN NOR NAVY, NO",44.2,22,43.4,22,999.8,22,998.7,22,2.2,4,2.4,22,7.0,15.7,47.8, ,43.2,*,0.04,G,999.9,10000
1001099999,2023-09-08,70.9333333,-8.6666667,9.0,"JAN MAYEN NOR NAVY, NO",40.9,23,39.3,23,990.7,23,989.6,23,6.8,4,17.4,23,27.4,33.0,45.7, ,38.7,*,0.81,G,999.9,110000
1001099999,2023-09-09,70.9333333,-8.6666667,9.0,"JAN MAYEN NOR NAVY, NO",38.1,24,33.2,24,996.8,24,995.6,24,14.0,4,17.9,24,23.3,29.9,40.6, ,34.0, ,0.27,G,999.9,10000
1001099999,2023-09-10,70.9333333,-8.6666667,9.0,"JAN MAYEN NOR NAVY, NO",36.3,24,29.0,24,1007.4,24,6.2,24,19.1,4,11.3,24,19.6,28.0,39.9, ,34.0, ,0.06,G,999.9,10000
1001099999,2023-09-11,70.9333333,-8.6666667,9.0,"JAN MAYEN NOR NAVY, NO",36.9,24,31.0,24,1010.5,24,9.3,24,20.2,4,8.4,24,18.1,25.3,40.3, ,34.2,*,0.03,G,999.9,10000
1001099999,2023-09-12,70.9333333,-8.6666667,9.0,"JAN MAYEN NOR NAVY, NO",38.3,24,30.4,24,1013.9,24,12.7,24,34.2,4,10.0,24,21.0,30.3,40.3, ,36.0, ,0.04,G,999.9,0
1001099999,2023-09-13,70.9333333,-8.6666667,9.0,"JAN MAYEN NOR NAVY, NO",40.1,24,31.7,24,1016.7,24,15.5,24,46.6,4,5.5,24,11.8,14.8,43.7, ,35.6, ,0.0,G,999.9,0
1001099999,2023-09-14,70.9333333,-8.6666667,9.0,"JAN MAYEN NOR NAVY, NO",37.2,21,30.0,21,1017.4,21,16.2,21,999.9,0,4.4,21,8.7,16.7,41.9, ,34.5, ,0.0,G,999.9,0
1001099999,2023-09-15,70.9333333,-8.6666667,9.0,"JAN MAYEN NOR NAVY, NO",38.4,24,34.6,24,1015.1,24,13.9,24,14.4,4,5.3,24,20.8,27.4,41.9, ,34.5, ,0.01,G,999.9,10000
1001099999,2023-09-16,70.9333333,-8.6666667,9.0,"JAN MAYEN NOR NAVY, NO",34.3,24,29.2,24,1015.1,24,13.9,24,20.2,4,5.9,24,16.3,23.3,37.0, ,31.6, ,0.01,G,999.9,1000
1001099999,2023-09-17,70.9333333,-8.6666667,9.0,"JAN MAYEN NOR NAVY, NO",36.9,24,28.9,24,1014.6,24,13.4,24,24.1,4,7.0,24,12.2,21.6,41.5, ,31.6, ,0.01,G,999.9,0
1001099999,2023-09-18,70.9333333,-8.6666667,9.0,"JAN MAYEN NOR NAVY, NO",38.5,24,28.8,24,1015.4,24,14.2,24,22.5,4,13.3,24,23.5,34.8,41.5, ,35.6, ,0.0,G,999.9,0
1001099999,2023-09-19,70.9333333,-8.6666667,9.0,"JAN MAYEN NOR NAVY, NO",39.8,14,29.4,14,1014.2,14,13.0,14,999.9,0,17.6,14,28.9,40.2,43.2, ,37.4, ,0.0,G,999.9,0
1001099999,2023-09-20,70.9333333,-8.6666667,9.0,"JAN MAYEN NOR NAVY, NO",38.1,22,28.8,22,1014.5,22,13.3,22,18.6,4,10.7,22,15.9,23.3,40.5, ,35.4, ,0.0,G,999.9,10000
1001099999,2023-09-21,70.9333333,-8.6666667,9.0,"JAN MAYEN NOR NAVY, NO",36.6,24,32.3,24,1013.8,24,12.6,24,17.1,4,14.7,24,17.7,26.2,40.1, ,35.2, ,0.0,G,999.9,1000
1001099999,2023-09-22,70.9333333,-8.6666667,9.0,"JAN MAYEN NOR NAVY, NO",36.2,24,30.5,24,1011.4,24,10.2,24,25.6,4,13.6,24,18.6,27.2,37.6, ,34.9, ,0.03,G,999.9,11000
1001099999,2023-09-23,70.9333333,-8.6666667,9.0,"JAN MAYEN NOR NAVY, NO",36.0,24,28.4,24,1012.6,24,11.4,24,999.9,0,10.3,24,21.2,25.6,38.5, ,33.3,*,0.13,G,999.9,0
1001099999,2023-09-24,70.9333333,-8.6666667,9.0,"JAN MAYEN NOR NAVY, NO",36.1,24,30.2,24,1013.4,24,12.2,24,25.6,4,6.9,24,11.3,22.5,39.2, ,32.0, ,0.0,G,999.9,0
1001099999,2023-09-25,70.9333333,-8.6666667,9.0,"JAN MAYEN NOR NAVY, NO",40.0,24,31.7,24,1006.4,24,5.2,24,46.6,4,9.6,24,17.5,27.2,42.6, ,35.6, ,0.0,G,999.9,0
1001099999,2023-09-26,70.9333333,-8.6666667,9.0,"JAN MAYEN NOR NAVY, NO",40.0,23,33.2,23,1007.2,23,6.0,23,999.9,0,15.8,23,22.3,42.7,42.4, ,38.1, ,0.0,G,999.9,10000
1001099999,2023-09-27,70.9333333,-8.6666667,9.0,"JAN MAYEN NOR NAVY, NO",41.2,24,35.8,24,1002.5,24,1.4,24,13.5,4,15.8,24,32.2,47.2,44.6, ,38.1, ,0.0,G,999.9,10000
1001099999,2023-09-28,70.9333333,-8.6666667,9.0,"JAN MAYEN NOR NAVY, NO",37.9,20,35.4,20,1003.2,20,2.0,20,999.9,0,23.6,20,31.1,44.3,40.5, ,36.5, ,0.06,G,999.9,10000
1001099999,2023-09-29,70.9333333,-8.6666667,9.0,"JAN MAYEN NOR NAVY, NO",37.5,24,33.4,24,1007.2,24,6.0,24,11.0,4,21.9,24,27.2,40.2,40.8, ,36.0, ,0.05,G,999.9,10000
1001099999,2023-09-30,70.9333333,-8.6666667,9.0,"JAN MAYEN NOR NAVY, NO",34.7,24,27.6,24,1016.5,24,15.3,24,12.4,4,12.6,24,18.5,25.8,37.0, ,33.3, ,0.0,G,999.9,11000
1001099999,2023-10-01,70.9333333,-8.6666667,9.0,"JAN MAYEN NOR NAVY, NO",33.2,24,25.9,24,1018.0,24,16.8,24,30.3,4,8.5,24,16.3,22.1,34.3, ,32.2, ,0.0,G,999.9,1000
1001099999,2023-10-02,70.9333333,-8.6666667,9.0,"JAN MAYEN NOR NAVY, NO",35.7,24,30.8,24,1008.5,24,7.3,24,13.8,4,14.6,24,20.8,28.9,40.5, ,32.2, ,0.01,G,999.9,1000
1001099999,2023-10-03,70.9333333,-8.6666667,9.0,"JAN MAYEN NOR NAVY, NO",35.9,23,28.0,23,1008.3,23,7.1,23,21.0,4,13.6,23,22.7,32.6,40.5, ,33.3,*,0.0,G,999.9,0
1001099999,2023-10-04,70.9333333,-8.6666667,9.0,"JAN MAYEN NOR NAVY, NO",31.8,24,21.7,24,1017.0,24,15.8,24,14.0,4,12.4,24,17.9,24.9,34.2, ,30.4, ,0.0,G,999.9,11100
1001099999,2023-10-05,70.9333333,-8.6666667,9.0,"JAN MAYEN NOR NAVY, NO",31.8,21,21.8,21,1020.5,21,19.3,21,999.9,0,13.1,21,17.7,26.0,34.2, ,30.2, ,99.99, ,999.9,1000
1001099999,2023-10-06,70.9333333,-8.6666667,9.0,"JAN MAYEN NOR NAVY, NO",32.3,24,24.5,24,1020.4,24,19.2,24,18.6,4,15.5,24,19.0,29.1,34.2, ,30.4, ,0.02,G,999.9,0
1001099999,2023-10-07,70.9333333,-8.6666667,9.0,"JAN MAYEN NOR NAVY, NO",33.0,24,25.4,24,1017.0,24,15.8,24,25.6,4,5.2,24,11.7,20.4,36.5, ,26.4, ,0.0,G,999.9,0
1001099999,2023-10-08,70.9333333,-8.6666667,9.0,"JAN MAYEN NOR NAVY, NO",32.3,24,25.2,24,1009.2,24,8.0,24,18.6,4,4.1,24,9.3,14.8,36.3, ,28.0, ,0.01,G,999.9,0
1001099999,2023-10-09,70.9333333,-8.6666667,9.0,"JAN MAYEN NOR NAVY, NO",33.9,23,28.7,23,1000.4,23,999.2,23,999.9,0,4.0,23,8.5,14.0,36.7, ,30.7, ,0.02,G,999.9,11000
1001099999,2023-10-10,70.9333333,-8.6666667,9.0,"JAN MAYEN NOR NAVY, NO",39.7,24,35.3,24,991.4,24,990.3,24,6.5,4,22.3,24,39.4,51.5,42.6, ,32.9, ,0.0,G,999.9,10000
1001099999,2023-10-11,70.9333333,-8.6666667,9.0,"JAN MAYEN NOR NAVY, NO",36.2,22,30.6,22,998.5,22,997.3,22,7.3,4,25.9,22,34.4,47.2,41.5, ,34.2, ,0.13,G,999.9,11000
1001099999,2023-10-12,70.9333333,-8.6666667,9.0,"JAN MAYEN NOR NAVY, NO",34.3,21,27.0,21,1007.0,21,5.8,21,13.4,4,20.6,21,24.9,39.0,36.0, ,30.7, ,0.01,G,999.9,1000
1001099999,2023-10-13,70.9333333,-8.6666667,9.0,"JAN MAYEN NOR NAVY, NO",29.3,24,23.1,24,1007.9,24,6.7,24,5.7,4,23.2,24,28.0,38.3,33.3, ,26.4, ,0.01,G,999.9,1000
1001099999,2023-10-14,70.9333333,-8.6666667,9.0,"JAN MAYEN NOR NAVY, NO",26.8,24,20.9,24,1009.9,24,8.7,24,8.4,4,24.4,24,29.1,42.7,28.8, ,25.5, ,0.04,G,999.9,1000
1001099999,2023-10-15,70.9333333,-8.6666667,9.0,"JAN MAYEN NOR NAVY, NO",30.0,24,25.3,24,1011.5,24,10.3,24,7.9,4,15.1,24,23.1,36.1,31.8, ,26.6, ,0.0,G,999.9,1000
1001099999,2023-10-16,70.9333333,-8.6666667,9.0,"JAN MAYEN NOR NAVY, NO",30.2,24,24.7,24,1011.3,24,10.1,24,11.7,4,11.4,24,23.1,29.7,32.9, ,28.6, ,0.01,G,999.9,0
1001099999,2023-10-17,70.9333333,-8.6666667,9.0,"JAN MAYEN NOR NAVY, NO",31.1,22,26.5,22,1015.4,22,14.2,22,7.0,4,20.1,22,27.2,36.3,32.9, ,28.2, ,0.02,G,999.9,0
1001099999,2023-10-18,70.9333333,-8.6666667,9.0,"JAN MAYEN NOR NAVY, NO",34.6,23,31.5,23,1018.3,23,17.1,23,14.0,4,10.2,23,17.7,20.2,37.8, ,27.1, ,0.0,G,999.9,0
1001099999,2023-10-19,70.9333333,-8.6666667,9.0,"JAN MAYEN NOR NAVY, NO",38.0,24,35.9,24,1013.9,24,12.7,24,7.5,4,12.5,24,16.7,19.8,39.2, ,36.9, ,0.0,I,999.9,0
1001099999,2023-10-20,70.9333333,-8.6666667,9.0,"JAN MAYEN NOR NAVY, NO",38.0,23,34.8,23,1017.7,23,16.5,23,9.3,4,8.7,23,16.1,21.4,39.0, ,37.2, ,0.0,I,999.9,0
1001099999,2023-10-21,70.9333333,-8.6666667,9.0,"JAN MAYEN NOR NAVY, NO",37.4,24,33.3,24,1019.8,24,18.6,24,7.0,4,2.8,24,6.2,9.9,39.0, ,36.3, ,99.99, ,999.9,10000
1001099999,2023-10-22,70.9333333,-8.6666667,9.0,"JAN MAYEN NOR NAVY, NO",37.1,24,32.9,24,1015.9,24,14.7,24,10.9,4,8.1,24,16.1,20.2,37.8, ,36.3, ,0.0,G,999.9,10000
1001099999,2023-10-23,70.9333333,-8.6666667,9.0,"JAN MAYEN NOR NAVY, NO",37.7,24,34.8,24,1013.3,24,12.1,24,14.8,4,11.4,24,14.6,18.3,38.5, ,37.0, ,0.0,G,999.9,0
1001099999,2023-10-24,70.9333333,-8.6666667,9.0,"JAN MAYEN NOR NAVY, NO",38.3,24,35.9,24,1009.3,24,8.1,24,11.7,4,7.5,24,13.4,17.3,39.6, ,36.9,*,0.0,G,999.9,10000
1001099999,2023-10-25,70.9333333,-8.6666667,9.0,"JAN MAYEN NOR NAVY, NO",35.3,24,33.7,24,1008.7,24,7.5,24,3.6,4,4.8,24,17.5,23.7,39.4, ,31.6, ,0.01,G,999.9,110000
1001099999,2023-10-26,70.9333333,-8.6666667,9.0,"JAN MAYEN NOR NAVY, NO",29.2,24,26.4,24,1013.5,24,12.3,24,7.6,4,5.7,24,12.2,19.0,35.2, ,24.4, ,0.0,G,999.9,10000
1001099999,2023-10-27,70.9333333,-8.6666667,9.0,"JAN MAYEN NOR NAVY, NO",26.9,23,22.5,23,1016.3,23,15.1,23,14.0,4,4.5,23,7.4,13.6,28.4, ,24.3, ,0.0,G,999.9,0
1001099999,2023-10-28,70.9333333,-8.6666667,9.0,"JAN MAYEN NOR NAVY, NO",29.2,24,22.8,24,1017.1,24,15.9,24,15.5,4,7.2,24,10.1,17.7,30.6, ,26.6, ,0.0,G,999.9,0
1001099999,2023-10-29,70.9333333,-8.6666667,9.0,"JAN MAYEN NOR NAVY, NO",29.6,24,25.3,24,1016.9,24,15.7,24,6.2,4,5.1,24,9.1,15.9,30.9, ,28.4, ,0.02,G,999.9,1000
1001099999,2023-10-30,70.9333333,-8.6666667,9.0,"JAN MAYEN NOR NAVY, NO",29.4,24,25.1,24,1015.3,24,14.1,24,12.1,4,3.6,24,6.6,11.3,31.5, ,26.2, ,0.01,G,999.9,1000
1001099999,2023-10-31,70.9333333,-8.6666667,9.0,"JAN MAYEN NOR NAVY, NO",31.7,24,27.8,24,1016.7,24,15.5,24,8.5,4,2.6,24,6.2,12.4,33.8, ,28.9, ,0.02,G,999.9,1000
1001099999,2023-11-01,70.9333333,-8.6666667,9.0,"JAN MAYEN NOR NAVY, NO",31.0,15,28.2,15,1015.5,15,14.3,15,10.1,4,3.1,15,13.6,999.9,33.8, ,27.9, ,0.03,G,999.9,1000
1001099999,2023-11-02,70.9333333,-8.6666667,9.0,"JAN MAYEN NOR NAVY, NO",28.3,17,25.4,17,1014.6,17,13.4,17,7.8,4,9.0,17,12.0,16.5,32.4, ,26.4, ,0.06,G,999.9,1000
1001099999,2023-11-03,70.9333333,-8.6666667,9.0,"JAN MAYEN NOR NAVY, NO",29.4,24,25.8,24,1015.0,24,13.8,24,10.3,4,6.3,24,17.1,21.2,31.6, ,25.3, ,0.0,G,999.9,1000
1001099999,2023-11-04,70.9333333,-8.6666667,9.0,"JAN MAYEN NOR NAVY, NO",31.0,24,27.7,24,1008.4,24,7.2,24,10.9,4,18.2,24,31.3,44.5,34.0, ,28.2, ,0.0,I,999.9,0
1001099999,2023-11-05,70.9333333,-8.6666667,9.0,"JAN MAYEN NOR NAVY, NO",29.8,24,23.7,24,1005.2,24,4.0,24,11.7,4,27.3,24,40.0,55.0,33.3, ,25.3, ,0.03,G,999.9,0
1001099999,2023-11-06,70.9333333,-8.6666667,9.0,"JAN MAYEN NOR NAVY, NO",29.8,20,21.1,20,1010.0,20,8.8,20,8.9,4,16.7,20,33.4,56.5,32.0,*,25.3, ,0.0,G,999.9,0
1001099999,2023-11-07,70.9333333,-8.6666667,9.0,"JAN MAYEN NOR NAVY, NO",32.0,24,25.0,24,1014.5,24,13.3,24,9.9,4,9.7,24,15.9,25.1,34.0, ,30.2, ,99.99, ,999.9,11000
1001099999,2023-11-08,70.9333333,-8.6666667,9.0,"JAN MAYEN NOR NAVY, NO",31.5,24,25.0,24,1012.2,24,11.0,24,25.6,4,7.3,24,12.4,19.4,34.0, ,28.9, ,0.0,I,999.9,0
1001099999,2023-11-09,70.9333333,-8.6666667,9.0,"JAN MAYEN NOR NAVY, NO",27.9,24,21.5,24,1013.8,24,12.6,24,13.2,4,8.8,24,14.4,20.0,31.8, ,23.9, ,99.99, ,999.9,1000
1001099999,2023-11-10,70.9333333,-8.6666667,9.0,"JAN MAYEN NOR NAVY, NO",25.5,24,19.7,24,1016.8,24,15.6,24,11.7,4,4.4,24,10.5,15.5,29.5, ,23.7, ,0.0,I,999.9,0
1001099999,2023-11-11,70.9333333,-8.6666667,9.0,"JAN MAYEN NOR NAVY, NO",31.8,24,29.0,24,1013.6,24,12.4,24,7.3,4,3.5,24,11.5,14.8,34.7, ,26.4, ,0.04,G,999.9,1000
1001099999,2023-11-12,70.9333333,-8.6666667,9.0,"JAN MAYEN NOR NAVY, NO",25.9,24,20.1,24,1014.4,24,13.2,24,9.8,4,8.1,24,13.6,28.0,34.7, ,22.8, ,0.06,G,999.9,1000
1001099999,2023-11-13,70.9333333,-8.6666667,9.0,"JAN MAYEN NOR NAVY, NO",23.7,24,16.7,24,1017.3,24,16.1,24,14.8,4,4.7,24,8.7,13.0,25.0, ,22.6, ,0.0,G,999.9,0
1001099999,2023-11-14,70.9333333,-8.6666667,9.0,"JAN MAYEN NOR NAVY, NO",26.4,23,19.8,23,1019.5,23,18.3,23,13.2,4,6.3,23,10.3,13.4,28.4,*,23.2, ,0.0,G,999.9,0
1001099999,2023-11-15,70.9333333,-8.6666667,9.0,"JAN MAYEN NOR NAVY, NO",27.4,24,23.0,24,1019.7,24,18.5,24,13.5,4,3.9,24,13.4,20.6,36.7, ,22.6, ,99.99, ,999.9,1000
1001099999,2023-11-16,70.9333333,-8.6666667,9.0,"JAN MAYEN NOR NAVY, NO",21.7,24,17.4,24,1017.4,24,16.2,24,12.4,4,10.4,24,25.1,29.9,36.7, ,17.1, ,0.13,G,999.9,0
1001099999,2023-11-17,70.9333333,-8.6666667,9.0,"JAN MAYEN NOR NAVY, NO",27.4,24,24.3,24,1017.9,24,16.7,24,6.8,4,4.0,24,11.3,15.3,32.4, ,17.4, ,0.0,G,999.9,10000
1001099999,2023-11-18,70.9333333,-8.6666667,9.0,"JAN MAYEN NOR NAVY, NO",26.8,24,22.4,24,1019.0,24,17.8,24,20.2,4,4.7,24,8.9,12.2,29.5, ,23.9, ,0.02,G,999.9,0
1001099999,2023-11-19,70.9333333,-8.6666667,9.0,"JAN MAYEN NOR NAVY, NO",32.1,24,29.9,24,1015.3,24,14.1,24,8.5,4,3.9,24,11.1,14.6,34.7, ,27.5, ,0.11,G,999.9,1000
1001099999,2023-11-20,70.9333333,-8.6666667,9.0,"JAN MAYEN NOR NAVY, NO",34.0,24,31.6,24,1010.2,24,9.0,24,0.8,4,8.0,24,18.1,25.1,35.2, ,31.8, ,0.04,G,999.9,110000
1001099999,2023-11-21,70.9333333,-8.6666667,9.0,"JAN MAYEN NOR NAVY, NO",36.7,24,34.6,24,982.7,24,981.6,24,1.7,4,15.6,24,23.1,29.5,39.0, ,33.3, ,0.03,G,999.9,10000
1001099999,2023-11-22,70.9333333,-8.6666667,9.0,"JAN MAYEN NOR NAVY, NO",21.7,24,17.2,24,968.3,24,967.1,24,1.8,4,16.9,24,29.1,61.0,37.2, ,12.9, ,0.46,G,999.9,1000
1001099999,2023-11-23,70.9333333,-8.6666667,9.0,"JAN MAYEN NOR NAVY, NO",20.8,23,18.4,23,992.0,23,990.8,23,1.0,4,26.9,23,37.9,58.1,26.4, ,12.9, ,0.33,G,999.9,1000
1001099999,2023-11-24,70.9333333,-8.6666667,9.0,"JAN MAYEN NOR NAVY, NO",25.9,24,20.5,24,1020.1,24,18.9,24,10.9,4,11.8,24,28.0,35.7,31.6, ,20.7, ,0.29,G,999.9,0
1001099999,2023-11-25,70.9333333,-8.6666667,9.0,"JAN MAYEN NOR NAVY, NO",29.5,24,25.6,24,1012.7,24,11.5,24,7.5,4,15.8,24,26.8,35.4,33.3, ,21.9, ,0.03,G,999.9,1000
1001099999,2023-11-26,70.9333333,-8.6666667,9.0,"JAN MAYEN NOR NAVY, NO",29.5,24,25.3,24,1016.3,24,15.1,24,15.5,4,9.5,24,20.2,27.6,34.2, ,23.7, ,0.07,G,999.9,0
1001099999,2023-11-27,70.9333333,-8.6666667,9.0,"JAN MAYEN NOR NAVY, NO",34.4,24,32.0,24,1018.5,24,17.2,24,9.7,4,16.0,24,21.0,25.3,36.1, ,33.4, ,0.0,G,999.9,10000
1001099999,2023-11-28,70.9333333,-8.6666667,9.0,"JAN MAYEN NOR NAVY, NO",35.6,24,32.9,24,1022.2,24,21.0,24,12.0,4,9.4,24,16.7,18.6,36.3, ,34.2, ,0.0,G,999.9,10000
1001099999,2023-11-29,70.9333333,-8.6666667,9.0,"JAN MAYEN NOR NAVY, NO",34.2,24,30.6,24,1031.3,24,30.1,24,14.0,4,10.3,24,19.2,23.7,37.2, ,30.0, ,0.0,G,999.9,1000
1001099999,2023-11-30,70.9333333,-8.6666667,9.0,"JAN MAYEN NOR NAVY, NO",30.6,24,27.9,24,1031.0,24,29.8,24,4.4,4,17.4,24,21.2,32.2,32.4, ,29.5, ,0.06,G,999.9,1000
1001099999,2023-12-01,70.9333333,-8.6666667,9.0,"JAN MAYEN NOR NAVY, NO",27.4,24,20.4,24,1029.0,24,27.8,24,18.6,4,12.6,24,19.0,30.9,31.3, ,26.2, ,0.04,G,999.9,0
1001099999,2023-12-02,70.9333333,-8.6666667,9.0,"JAN MAYEN NOR NAVY, NO",29.1,24,24.0,24,1024.7,24,23.5,24,14.9,4,17.6,24,24.7,35.2,33.1, ,26.2, ,0.0,G,999.9,1000
1001099999,2023-12-03,70.9333333,-8.6666667,9.0,"JAN MAYEN NOR NAVY, NO",33.8,24,30.9,24,1025.1,24,23.9,24,12.1,4,12.7,24,23.1,35.4,34.9, ,30.2, ,0.02,G,999.9,11000
1001099999,2023-12-04,70.9333333,-8.6666667,9.0,"JAN MAYEN NOR NAVY, NO",30.6,24,27.1,24,1026.8,24,25.6,24,15.5,4,11.2,24,15.3,20.8,34.7, ,27.3, ,0.0,G,999.9,0
1001099999,2023-12-05,70.9333333,-8.6666667,9.0,"JAN MAYEN NOR NAVY, NO",27.5,24,20.8,24,1022.8,24,21.6,24,13.2,4,14.6,24,21.4,29.7,28.6, ,26.2, ,0.0,G,999.9,1000
1001099999,2023-12-06,70.9333333,-8.6666667,9.0,"JAN MAYEN NOR NAVY, NO",25.2,24,22.1,24,1020.5,24,19.3,24,5.9,4,16.9,24,22.1,27.6,28.0, ,23.7, ,0.0,G,999.9,111000
1001099999,2023-12-07,70.9333333,-8.6666667,9.0,"JAN MAYEN NOR NAVY, NO",28.0,24,24.1,24,1016.7,24,15.5,24,15.5,4,13.1,24,18.1,23.7,29.5, ,25.0, ,0.01,G,999.9,100000
1001099999,2023-12-08,70.9333333,-8.6666667,9.0,"JAN MAYEN NOR NAVY, NO",26.3,24,20.8,24,1015.4,24,14.2,24,17.1,4,6.7,24,15.3,22.0,29.5, ,22.3, ,0.0,G,999.9,0
1001099999,2023-12-09,70.9333333,-8.6666667,9.0,"JAN MAYEN NOR NAVY, NO",22.9,24,16.3,24,1008.4,24,7.2,24,14.0,4,12.4,24,19.6,26.8,28.2, ,18.7, ,0.04,G,999.9,1000
1001099999,2023-12-10,70.9333333,-8.6666667,9.0,"JAN MAYEN NOR NAVY, NO",18.4,24,10.5,24,1011.4,24,10.2,24,30.3,4,6.7,24,16.5,26.4,20.7, ,15.1, ,0.0,G,999.9,0
1001099999,2023-12-11,70.9333333,-8.6666667,9.0,"JAN MAYEN NOR NAVY, NO",29.1,24,25.0,24,1008.8,24,7.6,24,8.5,4,10.5,24,18.3,22.3,32.4, ,15.1, ,0.0,G,999.9,1000
1001099999,2023-12-12,70.9333333,-8.6666667,9.0,"JAN MAYEN NOR NAVY, NO",27.9,24,23.7,24,1001.4,24,0.2,24,11.1,4,11.3,24,27.0,35.4,32.4, ,22.3, ,0.12,G,999.9,0
1001099999,2023-12-13,70.9333333,-8.6666667,9.0,"JAN MAYEN NOR NAVY, NO",32.0,24,27.7,24,992.9,24,991.7,24,11.7,4,14.8,24,20.4,25.6,35.4, ,24.8, ,0.0,G,999.9,1000
1001099999,2023-12-14,70.9333333,-8.6666667,9.0,"JAN MAYEN NOR NAVY, NO",35.8,24,34.0,24,975.5,24,974.4,24,1.6,4,17.2,24,21.8,30.7,37.2, ,34.3, ,0.12,G,999.9,110000
1001099999,2023-12-15,70.9333333,-8.6666667,9.0,"JAN MAYEN NOR NAVY, NO",33.1,24,30.2,24,983.4,24,982.2,24,10.9,4,15.5,24,25.6,34.4,36.0, ,30.4, ,0.05,G,999.9,0
1001099999,2023-12-16,70.9333333,-8.6666667,9.0,"JAN MAYEN NOR NAVY, NO",32.0,24,29.9,24,966.7,24,965.6,24,1.9,4,18.5,24,24.7,44.7,34.9, ,29.3, ,0.07,G,999.9,11000
1001099999,2023-12-17,70.9333333,-8.6666667,9.0,"JAN MAYEN NOR NAVY, NO",28.7,24,26.0,24,991.2,24,990.0,24,5.3,4,7.4,24,20.6,35.0,32.9, ,25.7, ,0.12,G,999.9,1000
1001099999,2023-12-18,70.9333333,-8.6666667,9.0,"JAN MAYEN NOR NAVY, NO",25.6,24,22.8,24,990.8,24,989.6,24,12.4,4,5.5,24,9.5,13.4,28.2, ,22.6, ,0.02,G,999.9,0
1001099999,2023-12-19,70.9333333,-8.6666667,9.0,"JAN MAYEN NOR NAVY, NO",23.8,23,18.3,23,992.4,23,991.2,23,13.2,4,9.1,23,13.8,21.2,26.2, ,19.8, ,0.01,G,999.9,1000
1001099999,2023-12-20,70.9333333,-8.6666667,9.0,"JAN MAYEN NOR NAVY, NO",18.1,24,11.7,24,990.5,24,989.3,24,7.6,4,15.0,24,18.5,28.7,22.5, ,16.3, ,0.01,G,999.9,1000
1001099999,2023-12-21,70.9333333,-8.6666667,9.0,"JAN MAYEN NOR NAVY, NO",23.8,23,19.1,23,987.1,23,985.9,23,10.3,4,19.4,23,32.8,42.7,30.0, ,16.3, ,0.0,G,999.9,1000
1001099999,2023-12-22,70.9333333,-8.6666667,9.0,"JAN MAYEN NOR NAVY, NO",25.9,24,21.0,24,999.5,24,998.3,24,4.0,4,24.2,24,33.8,47.8,30.0, ,23.7, ,0.04,G,999.9,1000
1001099999,2023-12-23,70.9333333,-8.6666667,9.0,"JAN MAYEN NOR NAVY, NO",28.6,24,21.9,24,1003.9,24,2.8,24,10.9,4,16.5,24,27.0,36.3,30.0, ,26.4, ,0.04,G,999.9,0
1001099999,2023-12-24,70.9333333,-8.6666667,9.0,"JAN MAYEN NOR NAVY, NO",28.8,24,20.7,24,1005.2,24,4.0,24,13.2,4,23.3,24,31.1,42.0,30.0, ,27.0, ,0.02,G,999.9,0
1001099999,2023-12-25,70.9333333,-8.6666667,9.0,"JAN MAYEN NOR NAVY, NO",25.8,24,18.6,24,1009.8,24,8.6,24,21.0,4,24.0,24,30.9,47.2,29.1, ,20.8, ,0.0,G,999.9,0
1001099999,2023-12-26,70.9333333,-8.6666667,9.0,"JAN MAYEN NOR NAVY, NO",15.5,24,8.8,24,1015.0,24,13.8,24,9.6,4,22.1,24,31.3,43.3,24.4, ,11.5, ,99.99, ,999.9,1000
1001099999,2023-12-27,70.9333333,-8.6666667,9.0,"JAN MAYEN NOR NAVY, NO",22.5,24,18.1,24,1012.5,24,11.3,24,11.3,4,16.1,24,28.0,44.3,32.0,*,16.5, ,99.99, ,999.9,1000
1001099999,2023-12-28,70.9333333,-8.6666667,9.0,"JAN MAYEN NOR NAVY, NO",24.4,23,21.4,23,1001.5,23,0.3,23,1.5,4,18.5,23,27.0,34.8,33.3, ,14.0, ,0.02,G,999.9,1000
1001099999,2023-12-29,70.9333333,-8.6666667,9.0,"JAN MAYEN NOR NAVY, NO",12.4,24,6.7,24,1003.1,24,1.9,24,3.1,4,17.8,24,31.3,42.3,15.4, ,9.9, ,0.11,G,999.9,1000
1001099999,2023-12-30,70.9333333,-8.6666667,9.0,"JAN MAYEN NOR NAVY, NO",16.1,24,9.3,24,1008.2,24,7.0,24,6.5,4,9.8,24,15.7,25.8,17.1, ,13.5, ,0.02,G,999.9,1000
1001099999,2023-12-31,70.9333333,-8.6666667,9.0,"JAN MAYEN NOR NAVY, NO",17.4,24,10.0,24,1017.5,24,16.3,24,9.3,4,14.6,24,21.4,35.4,19.4, ,13.8, ,0.04,G,999.9,1000
1001499999,2023-01-01,59.791925,5.34085,48.76,"SORSTOKKEN, NO",32.2,9,23.4,9,9999.9,0,999.9,0,6.2,9,6.0,9,13.0,999.9,33.8,*,28.4,*,0.0,I,999.9,0
1001499999,2023-01-02,59.791925,5.34085,48.76,"SORSTOKKEN, NO",33.1,11,28.7,11,9999.9,0,999.9,0,6.2,11,2.3,11,4.1,999.9,35.6,*,30.2,*,0.0,I,999.9,0
1001499999,2023-01-03,59.791925,5.34085,48.76,"SORSTOKKEN, NO",36.6,11,34.6,11,9999.9,0,999.9,0,6.2,11,12.4,11,15.0,999.9,39.2,*,33.8,*,0.0,I,999.9,0
1001499999,2023-01-04,59.791925,5.34085,48.76,"SORSTOKKEN, NO",39.9,10,33.3,10,9999.9,0,999.9,0,5.9,10,25.7,10,33.0,46.0,42.8,*,37.4,*,99.99, ,999.9,10000
1001499999,2023-01-05,59.791925,5.34085,48.76,"SORSTOKKEN, NO",34.1,11,32.8,11,9999.9,0,999.9,0,5.4,11,15.8,11,21.0,999.9,37.4,*,32.0,*,99.99, ,999.9,1000
1001499999,2023-01-06,59.791925,5.34085,48.76,"SORSTOKKEN, NO",40.2,15,37.9,15,9999.9,0,999.9,0,5.3,15,17.7,15,24.1,34.0,46.4,*,35.6,*,99.99, ,999.9,10000
1001499999,2023-01-08,59.791925,5.34085,48.76,"SORSTOKKEN, NO",44.4,9,44.2,9,9999.9,0,999.9,0,6.2,9,14.4,9,18.1,27.0,44.6,*,42.8,*,99.99, ,999.9,10000
1001499999,2023-01-09,59.791925,5.34085,48.76,"SORSTOKKEN, NO",40.3,10,39.7,10,9999.9,0,999.9,0,6.2,10,9.0,10,15.0,24.1,42.8,*,37.4,*,99.99, ,999.9,10000
1001499999,2023-01-10,59.791925,5.34085,48.76,"SORSTOKKEN, NO",42.0,11,41.5,11,9999.9,0,999.9,0,6.2,11,11.3,11,15.0,25.1,42.8,*,41.0,*,99.99, ,999.9,10000
1001499999,2023-01-11,59.791925,5.34085,48.76,"SORSTOKKEN, NO",43.9,10,41.2,10,9999.9,0,999.9,0,6.2,10,13.9,10,18.1,35.0,44.6,*,41.0,*,99.99, ,999.9,10000
1001499999,2023-01-12,59.791925,5.34085,48.76,"SORSTOKKEN, NO",40.8,11,40.8,11,9999.9,0,999.9,0,6.2,11,6.7,11,14.0,999.9,41.0,*,39.2,*,0.0,I,999.9,0
1001499999,2023-01-13,59.791925,5.34085,48.76,"SORSTOKKEN, NO",39.5,11,38.7,11,9999.9,0,999.9,0,6.2,11,5.7,11,9.9,999.9,41.0,*,37.4,*,99.99, ,999.9,10000
1001499999,2023-01-15,59.791925,5.34085,48.76,"SORSTOKKEN, NO",37.2,9,36.8,9,9999.9,0,999.9,0,6.2,9,7.6,9,11.1,999.9,37.4,*,35.6,*,99.99, ,999.9,10000
1001499999,2023-01-16,59.791925,5.34085,48.76,"SORSTOKKEN, NO",32.9,10,32.9,10,9999.9,0,999.9,0,5.0,10,6.4,10,11.1,999.9,33.8,*,32.0,*,99.99, ,999.9,11000
1001499999,2023-01-17,59.791925,5.34085,48.76,"SORSTOKKEN, NO",33.0,12,32.9,12,9999.9,0,999.9,0,5.9,12,2.9,12,5.1,999.9,33.8,*,32.0,*,99.99, ,999.9,11000
1001499999,2023-01-18,59.791925,5.34085,48.76,"SORSTOKKEN, NO",34.5,11,34.1,11,9999.9,0,999.9,0,6.2,11,3.4,11,8.0,999.9,35.6,*,32.0,*,0.0,I,999.9,0
1001499999,2023-01-19,59.791925,5.34085,48.76,"SORSTOKKEN, NO",33.1,10,32.4,10,9999.9,0,999.9,0,6.2,10,7.4,10,9.9,999.9,33.8,*,32.0,*,0.0,I,999.9,0
1001499999,2023-01-20,59.791925,5.34085,48.76,"SORSTOKKEN, NO",31.0,12,28.4,12,9999.9,0,999.9,0,6.2,12,2.2,12,4.1,999.9,33.8,*,24.8,*,0.0,I,999.9,0
1001499999,2023-01-22,59.791925,5.34085,48.76,"SORSTOKKEN, NO",36.2,9,28.4,9,9999.9,0,999.9,0,6.2,9,16.6,9,19.0,28.9,37.4,*,35.6,*,0.0,I,999.9,0
1001499999,2023-01-23,59.791925,5.34085,48.76,"SORSTOKKEN, NO",36.3,11,34.8,11,9999.9,0,999.9,0,4.9,11,18.3,11,21.0,29.9,37.4,*,35.6,*,99.99, ,999.9,10000
1001499999,2023-01-24,59.791925,5.34085,48.76,"SORSTOKKEN, NO",44.1,11,43.8,11,9999.9,0,999.9,0,1.8,11,13.6,11,17.1,999.9,44.6,*,42.8,*,99.99, ,999.9,10000
1001499999,2023-01-25,59.791925,5.34085,48.76,"SORSTOKKEN, NO",45.5,10,45.5,10,9999.9,0,999.9,0,4.9,10,9.8,10,12.0,21.0,46.4,*,42.8,*,99.99, ,999.9,10000
1001499999,2023-01-26,59.791925,5.34085,48.76,"SORSTOKKEN, NO",38.5,11,36.1,11,9999.9,0,999.9,0,6.2,11,10.3,11,14.0,999.9,39.2,*,35.6,*,0.0,I,999.9,0
1001499999,2023-01-27,59.791925,5.34085,48.76,"SORSTOKKEN, NO",35.2,12,33.5,12,9999.9,0,999.9,0,6.2,12,9.7,12,15.0,999.9,37.4,*,33.8,*,99.99, ,999.9,10000
1001499999,2023-01-29,59.791925,5.34085,48.76,"SORSTOKKEN, NO",44.2,9,43.8,9,9999.9,0,999.9,0,3.4,9,14.9,9,21.0,35.0,46.4,*,42.8,*,99.99, ,999.9,10000
1001499999,2023-01-30,59.791925,5.34085,48.76,"SORSTOKKEN, NO",37.9,12,33.5,12,9999.9,0,999.9,0,6.2,12,24.6,12,34.0,52.1,41.0,*,35.6,*,99.99, ,999.9,11000
1001499999,2023-01-31,59.791925,5.34085,48.76,"SORSTOKKEN, NO",39.0,12,37.7,12,9999.9,0,999.9,0,5.7,12,15.4,12,20.0,35.9,41.0,*,33.8,*,99.99, ,999.9,10000
1001499999,2023-02-01,59.791925,5.34085,48.76,"SORSTOKKEN, NO",39.4,11,37.6,11,9999.9,0,999.9,0,6.0,11,12.5,11,17.1,24.1,41.0,*,37.4,*,99.99, ,999.9,10000
1001499999,2023-02-02,59.791925,5.34085,48.76,"SORSTOKKEN, NO",35.2,10,30.4,10,9999.9,0,999.9,0,6.2,10,10.0,10,13.0,999.9,37.4,*,32.0,*,0.0,I,999.9,0
1001499999,2023-02-03,59.791925,5.34085,48.76,"SORSTOKKEN, NO",39.4,12,36.5,12,9999.9,0,999.9,0,5.4,12,9.9,12,21.0,999.9,42.8,*,33.8,*,99.99, ,999.9,10000
1001499999,2023-02-05,59.791925,5.34085,48.76,"SORSTOKKEN, NO",42.3,10,41.5,10,9999.9,0,999.9,0,6.2,10,4.0,10,8.0,999.9,44.6,*,39.2,*,0.0,I,999.9,0
1001499999,2023-02-06,59.791925,5.34085,48.76,"SORSTOKKEN, NO",42.3,10,39.7,10,9999.9,0,999.9,0,6.2,10,10.8,10,13.0,999.9,42.8,*,41.0,*,99.99, ,999.9,10000
1001499999,2023-02-07,59.791925,5.34085,48.76,"SORSTOKKEN, NO",42.0,12,42.0,12,9999.9,0,999.9,0,5.4,12,9.8,12,13.0,999.9,42.8,*,41.0,*,99.99, ,999.9,10000
1001499999,2023-02-08,59.791925,5.34085,48.76,"SORSTOKKEN, NO",43.8,9,42.8,9,9999.9,0,999.9,0,6.2,9,16.5,9,21.0,35.0,44.6,*,42.8,*,99.99, ,999.9,10000
1001499999,2023-02-09,59.791925,5.34085,48.76,"SORSTOKKEN, NO",38.1,11,36.7,11,9999.9,0,999.9,0,6.2,11,17.6,11,31.1,53.0,42.8,*,33.8,*,99.99, ,999.9,10000
1001499999,2023-02-10,59.791925,5.34085,48.76,"SORSTOKKEN, NO",39.8,12,38.6,12,9999.9,0,999.9,0,4.0,12,14.8,12,21.0,34.0,46.4,*,33.8,*,99.99, ,999.9,11000
1001499999,2023-02-12,59.791925,5.34085,48.76,"SORSTOKKEN, NO",46.2,9,46.0,9,9999.9,0,999.9,0,6.2,9,2.5,9,5.1,999.9,48.2,*,44.6,*,0.0,I,999.9,0
1001499999,2023-02-13,59.791925,5.34085,48.76,"SORSTOKKEN, NO",44.3,12,43.1,12,9999.9,0,999.9,0,6.2,12,5.1,12,8.0,999.9,48.2,*,42.8,*,0.0,I,999.9,0
1001499999,2023-02-14,59.791925,5.34085,48.76,"SORSTOKKEN, NO",42.0,12,36.4,12,9999.9,0,999.9,0,6.2,12,12.7,12,15.0,999.9,42.8,*,41.0,*,0.0,I,999.9,0
1001499999,2023-02-15,59.791925,5.34085,48.76,"SORSTOKKEN, NO",45.1,10,37.2,10,9999.9,0,999.9,0,6.2,10,13.3,10,19.0,999.9,48.2,*,41.0,*,99.99, ,999.9,10000
1001499999,2023-02-16,59.791925,5.34085,48.76,"SORSTOKKEN, NO",43.3,10,38.8,10,9999.9,0,999.9,0,6.2,10,5.7,10,8.9,999.9,46.4,*,39.2,*,0.0,I,999.9,0
1001499999,2023-02-17,59.791925,5.34085,48.76,"SORSTOKKEN, NO",42.9,13,41.0,13,9999.9,0,999.9,0,5.3,13,25.6,13,42.9,60.0,46.4,*,41.0,*,99.99, ,999.9,10000
1001499999,2023-02-19,59.791925,5.34085,48.76,"SORSTOKKEN, NO",40.6,9,40.2,9,9999.9,0,999.9,0,5.9,9,6.3,9,11.1,999.9,41.0,*,39.2,*,99.99, ,999.9,10000
1001499999,2023-02-20,59.791925,5.34085,48.76,"SORSTOKKEN, NO",43.3,10,37.4,10,9999.9,0,999.9,0,6.2,10,17.3,10,24.1,38.1,44.6,*,41.0,*,99.99, ,999.9,10000
1001499999,2023-02-21,59.791925,5.34085,48.76,"SORSTOKKEN, NO",43.7,12,42.0,12,9999.9,0,999.9,0,6.2,12,4.5,12,7.0,999.9,50.0,*,41.0,*,0.0,I,999.9,0
1001499999,2023-02-22,59.791925,5.34085,48.76,"SORSTOKKEN, NO",42.6,11,42.6,11,9999.9,0,999.9,0,5.5,11,9.1,11,11.1,999.9,42.8,*,41.0,*,99.99, ,999.9,10000
1001499999,2023-02-23,59.791925,5.34085,48.76,"SORSTOKKEN, NO",37.4,11,27.1,11,9999.9,0,999.9,0,5.8,11,8.1,11,14.0,24.1,41.0,*,33.8,*,99.99, ,999.9,10000
1001499999,2023-02-24,59.791925,5.34085,48.76,"SORSTOKKEN, NO",39.3,13,31.3,13,9999.9,0,999.9,0,6.2,13,21.8,13,28.0,39.0,41.0,*,37.4,*,0.0,I,999.9,0
1001499999,2023-02-26,59.791925,5.34085,48.76,"SORSTOKKEN, NO",41.4,9,31.8,9,9999.9,0,999.9,0,6.2,9,12.1,9,17.1,999.9,44.6,*,39.2,*,0.0,I,999.9,0
1001499999,2023-02-27,59.791925,5.34085,48.76,"SORSTOKKEN, NO",42.3,10,36.7,10,9999.9,0,999.9,0,6.2,10,8.1,10,13.0,999.9,46.4,*,35.6,*,0.0,I,999.9,0
1001499999,2023-02-28,59.791925,5.34085,48.76,"SORSTOKKEN, NO",42.0,12,34.5,12,9999.9,0,999.9,0,6.2,12,16.4,12,21.0,28.9,46.4,*,33.8,*,0.0,I,999.9,0
1001499999,2023-03-01,59.791925,5.34085,48.76,"SORSTOKKEN, NO",42.6,11,31.5,11,9999.9,0,999.9,0,6.2,11,4.8,11,12.0,999.9,48.2,*,33.8,*,0.0,I,999.9,0
1001499999,2023-03-02,59.791925,5.34085,48.76,"SORSTOKKEN, NO",41.4,10,30.7,10,9999.9,0,999.9,0,6.2,10,6.1,10,13.0,999.9,44.6,*,32.0,*,0.0,I,999.9,0
1001499999,2023-03-03,59.791925,5.34085,48.76,"SORSTOKKEN, NO",41.7,12,37.7,12,9999.9,0,999.9,0,6.2,12,11.8,12,24.1,35.0,42.8,*,39.2,*,99.99, ,999.9,10000
1001499999,2023-03-05,59.791925,5.34085,48.76,"SORSTOKKEN, NO",35.4,9,24.0,9,9999.9,0,999.9,0,6.2,9,9.8,9,12.0,999.9,37.4,*,33.8,*,99.99, ,999.9,1000
1001499999,2023-03-06,59.791925,5.34085,48.76,"SORSTOKKEN, NO",33.4,9,20.8,9,9999.9,0,999.9,0,6.2,9,5.8,9,8.0,999.9,39.2,*,26.6,*,0.0,I,999.9,0
1001499999,2023-03-07,59.791925,5.34085,48.76,"SORSTOKKEN, NO",31.2,14,11.8,14,9999.9,0,999.9,0,6.2,14,4.7,14,9.9,999.9,37.4,*,23.0,*,0.0,I,999.9,0
1001499999,2023-03-08,59.791925,5.34085,48.76,"SORSTOKKEN, NO",31.5,11,22.2,11,9999.9,0,999.9,0,4.7,11,7.6,11,14.0,999.9,35.6,*,26.6,*,99.99, ,999.9,1000
1001499999,2023-03-09,59.791925,5.34085,48.76,"SORSTOKKEN, NO",26.6,10,22.5,10,9999.9,0,999.9,0,5.9,10,4.4,10,9.9,999.9,30.2,*,21.2,*,99.99, ,999.9,1000
1001499999,2023-03-10,59.791925,5.34085,48.76,"SORSTOKKEN, NO",29.2,12,14.1,12,9999.9,0,999.9,0,6.2,12,3.5,12,6.0,999.9,32.0,*,19.4,*,0.0,I,999.9,0
1001499999,2023-03-12,59.791925,5.34085,48.76,"SORSTOKKEN, NO",33.4,5,24.8,5,9999.9,0,999.9,0,6.2,5,17.3,5,19.0,999.9,33.8,*,32.0,*,99.99, ,999.9,1000
1001499999,2023-03-13,59.791925,5.34085,48.76,"SORSTOKKEN, NO",36.6,11,36.6,11,9999.9,0,999.9,0,6.2,11,12.3,11,15.9,22.0,37.4,*,35.6,*,99.99, ,999.9,10010
1001499999,2023-03-14,59.791925,5.34085,48.76,"SORSTOKKEN, NO",35.8,11,26.6,11,9999.9,0,999.9,0,6.2,11,15.8,11,22.0,31.1,41.0,*,32.0,*,99.99, ,999.9,11000
1001499999,2023-03-15,59.791925,5.34085,48.76,"SORSTOKKEN, NO",38.2,11,30.4,11,9999.9,0,999.9,0,6.2,11,4.0,11,8.9,999.9,42.8,*,32.0,*,0.0,I,999.9,0
1001499999,2023-03-16,59.791925,5.34085,48.76,"SORSTOKKEN, NO",37.4,11,29.4,11,9999.9,0,999.9,0,6.2,11,20.3,11,26.0,39.0,39.2,*,35.6,*,99.99, ,999.9,10000
1001499999,2023-03-17,59.791925,5.34085,48.76,"SORSTOKKEN, NO",44.0,13,44.0,13,9999.9,0,999.9,0,2.7,13,12.5,13,19.0,28.9,44.6,*,42.8,*,99.99, ,999.9,10000
1001499999,2023-03-19,59.791925,5.34085,48.76,"SORSTOKKEN, NO",44.6,10,44.4,10,9999.9,0,999.9,0,3.9,10,8.8,10,13.0,999.9,46.4,*,42.8,*,99.99, ,999.9,110000
1001499999,2023-03-20,59.791925,5.34085,48.76,"SORSTOKKEN, NO",43.0,11,35.9,11,9999.9,0,999.9,0,6.2,11,4.2,11,8.9,999.9,46.4,*,37.4,*,0.0,I,999.9,0
1001499999,2023-03-21,59.791925,5.34085,48.76,"SORSTOKKEN, NO",40.7,12,36.3,12,9999.9,0,999.9,0,6.2,10,14.1,12,20.0,999.9,42.8,*,39.2,*,99.99, ,999.9,10000
1001499999,2023-03-22,59.791925,5.34085,48.76,"SORSTOKKEN, NO",44.9,13,43.6,13,9999.9,0,999.9,0,5.9,13,14.7,13,19.0,32.1,46.4,*,44.6,*,99.99, ,999.9,10000
1001499999,2023-03-23,59.791925,5.34085,48.76,"SORSTOKKEN, NO",43.2,8,43.0,8,9999.9,0,999.9,0,5.8,8,11.6,8,15.0,27.0,44.6,*,42.8,*,99.99, ,999.9,10000
1001499999,2023-03-24,59.791925,5.34085,48.76,"SORSTOKKEN, NO",46.7,11,41.5,11,9999.9,0,999.9,0,6.2,11,3.7,11,6.0,999.9,51.8,*,42.8,*,99.99, ,999.9,10000
1001499999,2023-03-26,59.791925,5.34085,48.76,"SORSTOKKEN, NO",38.6,9,23.8,9,9999.9,0,999.9,0,6.2,9,16.5,9,22.0,999.9,41.0,*,35.6,*,99.99, ,999.9,1000
1001499999,2023-03-27,59.791925,5.34085,48.76,"SORSTOKKEN, NO",37.4,11,27.1,11,9999.9,0,999.9,0,6.2,10,15.4,10,18.1,25.1,42.8,*,32.0,*,99.99, ,999.9,1000
1001499999,2023-03-28,59.791925,5.34085,48.76,"SORSTOKKEN, NO",34.9,11,34.5,11,9999.9,0,999.9,0,5.4,11,13.9,11,15.9,27.0,39.2,*,32.0,*,99.99, ,999.9,11000
1001499999,2023-03-29,59.791925,5.34085,48.76,"SORSTOKKEN, NO",42.0,12,29.6,12,9999.9,0,999.9,0,6.2,12,5.4,12,8.9,999.9,46.4,*,35.6,*,0.0,I,999.9,0
1001499999,2023-03-30,59.791925,5.34085,48.76,"SORSTOKKEN, NO",40.1,12,36.3,12,9999.9,0,999.9,0,6.2,12,10.7,12,22.0,35.0,42.8,*,35.6,*,99.99, ,999.9,10000
1001499999,2023-03-31,59.791925,5.34085,48.76,"SORSTOKKEN, NO",46.3,12,34.0,12,9999.9,0,999.9,0,6.2,12,4.7,12,9.9,999.9,51.8,*,37.4,*,0.0,I,999.9,0
1001499999,2023-04-02,59.791925,5.34085,48.76,"SORSTOKKEN, NO",43.9,8,33.3,8,9999.9,0,999.9,0,6.2,8,5.1,8,7.0,999.9,46.4,*,41.0,*,0.0,I,999.9,0
1001499999,2023-04-03,59.791925,5.34085,48.76,"SORSTOKKEN, NO",46.4,8,35.2,8,9999.9,0,999.9,0,6.2,8,6.9,8,8.9,999.9,50.0,*,42.8,*,0.0,I,999.9,0
1001499999,2023-04-04,59.791925,5.34085,48.76,"SORSTOKKEN, NO",45.4,11,30.0,11,9999.9,0,999.9,0,6.2,11,6.2,11,8.0,999.9,50.0,*,35.6,*,0.0,I,999.9,0
1001499999,2023-04-05,59.791925,5.34085,48.76,"SORSTOKKEN, NO",46.0,12,29.5,12,9999.9,0,999.9,0,6.2,12,11.3,12,15.9,26.0,50.0,*,37.4,*,0.0,I,999.9,0
1001499999,2023-04-09,59.791925,5.34085,48.76,"SORSTOKKEN, NO",43.7,4,42.3,4,9999.9,0,999.9,0,6.2,4,15.0,4,17.1,999.9,44.6,*,42.8,*,99.99, ,999.9,10000
1001499999,2023-04-11,59.791925,5.34085,48.76,"SORSTOKKEN, NO",46.6,11,42.1,11,9999.9,0,999.9,0,6.2,11,8.3,11,12.0,999.9,50.0,*,44.6,*,99.99, ,999.9,10000
1001499999,2023-04-12,59.791925,5.34085,48.76,"SORSTOKKEN, NO",47.6,12,30.3,12,9999.9,0,999.9,0,6.2,12,16.7,12,24.1,35.0,50.0,*,42.8,*,0.0,I,999.9,0
1001499999,2023-04-13,59.791925,5.34085,48.76,"SORSTOKKEN, NO",49.3,11,32.7,11,9999.9,0,999.9,0,6.2,11,8.5,11,19.0,22.9,51.8,*,33.8,*,99.99, ,999.9,10000
1001499999,2023-04-14,59.791925,5.34085,48.76,"SORSTOKKEN, NO",49.1,12,37.5,12,9999.9,0,999.9,0,6.2,12,11.0,12,20.0,28.9,53.6,*,44.6,*,99.99, ,999.9,10000
1001499999,2023-04-16,59.791925,5.34085,48.76,"SORSTOKKEN, NO",53.4,9,38.2,9,9999.9,0,999.9,0,6.2,9,6.7,9,12.0,999.9,66.2,*,50.0,*,0.0,I,999.9,0
1001499999,2023-04-17,59.791925,5.34085,48.76,"SORSTOKKEN, NO",52.7,10,37.4,10,9999.9,0,999.9,0,6.2,10,5.8,10,11.1,999.9,57.2,*,44.6,*,0.0,I,999.9,0
1001499999,2023-04-18,59.791925,5.34085,48.76,"SORSTOKKEN, NO",55.0,12,33.6,12,9999.9,0,999.9,0,6.2,12,6.6,12,9.9,999.9,60.8,*,44.6,*,0.0,I,999.9,0
1001499999,2023-04-19,59.791925,5.34085,48.76,"SORSTOKKEN, NO",56.5,12,31.6,12,9999.9,0,999.9,0,6.2,12,6.6,12,12.0,999.9,60.8,*,48.2,*,0.0,I,999.9,0
1001499999,2023-04-20,59.791925,5.34085,48.76,"SORSTOKKEN, NO",58.2,11,31.2,11,9999.9,0,999.9,0,6.2,11,6.2,11,11.1,999.9,64.4,*,48.2,*,0.0,I,999.9,0
1001499999,2023-04-21,59.791925,5.34085,48.76,"SORSTOKKEN, NO",54.7,11,35.3,11,9999.9,0,999.9,0,6.2,11,5.4,11,11.1,999.9,60.8,*,44.6,*,0.0,I,999.9,0
1001499999,2023-04-22,59.791925,5.34085,48.76,"SORSTOKKEN, NO",56.4,7,35.6,7,9999.9,0,999.9,0,6.2,7,6.9,7,14.0,999.9,59.0,*,51.8,*,0.0,I,999.9,0
1001499999,2023-04-23,59.791925,5.34085,48.76,"SORSTOKKEN, NO",48.0,8,45.3,8,9999.9,0,999.9,0,6.1,8,7.0,8,9.9,999.9,50.0,*,46.4,*,99.99, ,999.9,10000
1001499999,2023-04-24,59.791925,5.34085,48.76,"SORSTOKKEN, NO",43.3,7,41.5,7,9999.9,0,999.9,0,6.2,7,12.4,7,19.0,999.9,44.6,*,42.8,*,0.0,I,999.9,0
1001499999,2023-04-25,59.791925,5.34085,48.76,"SORSTOKKEN, NO",41.8,11,31.0,11,9999.9,0,999.9,0,6.2,11,25.4,11,31.1,38.1,44.6,*,39.2,*,0.0,I,999.9,0
1001499999,2023-04-26,59.791925,5.34085,48.76,"SORSTOKKEN, NO",41.6,12,32.6,12,9999.9,0,999.9,0,6.2,12,14.7,12,19.0,27.0,48.2,*,35.6,*,99.99, ,999.9,10000
1001499999,2023-04-27,59.791925,5.34085,48.76,"SORSTOKKEN, NO",42.6,12,34.8,12,9999.9,0,999.9,0,6.2,12,9.2,12,15.0,999.9,46.4,*,35.6,*,99.99, ,999.9,10000
1001499999,2023-04-28,59.791925,5.34085,48.76,"SORSTOKKEN, NO",40.4,12,34.1,12,9999.9,0,999.9,0,6.2,12,7.2,12,12.0,999.9,42.8,*,37.4,*,99.99, ,999.9,10000
1001499999,2023-04-30,59.791925,5.34085,48.76,"SORSTOKKEN, NO",43.0,9,33.4,9,9999.9,0,999.9,0,6.2,9,6.2,9,9.9,999.9,46.4,*,39.2,*,99.99, ,999.9,10000
1001499999,2023-05-02,59.791925,5.34085,48.76,"SORSTOKKEN, NO",43.9,10,37.9,10,9999.9,0,999.9,0,6.2,10,10.7,10,15.9,26.0,46.4,*,39.2,*,99.99, ,999.9,10000
1001499999,2023-05-03,59.791925,5.34085,48.76,"SORSTOKKEN, NO",47.0,12,39.3,12,9999.9,0,999.9,0,6.2,12,9.3,12,14.0,999.9,50.0,*,41.0,*,0.0,I,999.9,0
1001499999,2023-05-04,59.791925,5.34085,48.76,"SORSTOKKEN, NO",51.3,12,33.5,12,9999.9,0,999.9,0,6.2,12,5.9,12,9.9,999.9,57.2,*,41.0,*,0.0,I,999.9,0
1001499999,2023-05-05,59.791925,5.34085,48.76,"SORSTOKKEN, NO",51.3,11,21.0,11,9999.9,0,999.9,0,6.2,11,14.8,11,17.1,27.0,53.6,*,46.4,*,0.0,I,999.9,0
1001499999,2023-05-07,59.791925,5.34085,48.76,"SORSTOKKEN, NO",59.6,9,28.6,9,9999.9,0,999.9,0,6.2,9,7.7,9,12.0,999.9,62.6,*,51.8,*,0.0,I,999.9,0
1001499999,2023-05-08,59.791925,5.34085,48.76,"SORSTOKKEN, NO",57.2,11,38.7,11,9999.9,0,999.9,0,6.2,11,16.4,11,20.0,31.1,60.8,*,53.6,*,0.0,I,999.9,0
1001499999,2023-05-09,59.791925,5.34085,48.76,"SORSTOKKEN, NO",55.4,10,47.8,10,9999.9,0,999.9,0,6.2,10,13.8,10,18.1,22.9,57.2,*,51.8,*,99.99, ,999.9,10000
1001499999,2023-05-10,59.791925,5.34085,48.76,"SORSTOKKEN, NO",49.7,12,49.7,12,9999.9,0,999.9,0,6.1,12,6.3,12,12.0,999.9,51.8,*,48.2,*,99.99, ,999.9,10000
1001499999,2023-05-11,59.791925,5.34085,48.76,"SORSTOKKEN, NO",52.5,12,51.5,12,9999.9,0,999.9,0,5.6,12,4.5,12,9.9,999.9,57.2,*,48.2,*,0.0,I,999.9,0
1001499999,2023-05-12,59.791925,5.34085,48.76,"SORSTOKKEN, NO",50.4,13,49.3,13,9999.9,0,999.9,0,3.4,13,7.3,13,12.0,999.9,55.4,*,46.4,*,0.0,I,999.9,100000
1001499999,2023-05-14,59.791925,5.34085,48.76,"SORSTOKKEN, NO",59.0,4,48.6,4,9999.9,0,999.9,0,6.2,4,4.3,4,5.1,999.9,60.8,*,53.6,*,0.0,I,999.9,0
1001499999,2023-05-15,59.791925,5.34085,48.76,"SORSTOKKEN, NO",48.5,7,45.4,7,9999.9,0,999.9,0,5.9,7,6.2,7,13.0,999.9,50.0,*,46.4,*,99.99, ,999.9,10000
1001499999,2023-05-16,59.791925,5.34085,48.76,"SORSTOKKEN, NO",45.9,7,39.5,7,9999.9,0,999.9,0,6.2,7,19.9,7,27.0,35.0,50.0,*,42.8,*,99.99, ,999.9,10000
1001499999,2023-05-19,59.791925,5.34085,48.76,"SORSTOKKEN, NO",53.8,11,48.7,11,9999.9,0,999.9,0,6.2,8,6.3,11,12.0,999.9,57.2,*,50.0,*,0.0,I,999.9,0
1001499999,2023-05-21,59.791925,5.34085,48.76,"SORSTOKKEN, NO",61.0,9,42.2,9,9999.9,0,999.9,0,6.2,9,6.7,9,12.0,999.9,62.6,*,59.0,*,0.0,I,999.9,0
1001499999,2023-05-22,59.791925,5.34085,48.76,"SORSTOKKEN, NO",55.0,10,46.2,10,9999.9,0,999.9,0,6.2,10,7.1,10,15.0,999.9,60.8,*,48.2,*,99.99, ,999.9,10000
1001499999,2023-05-23,59.791925,5.34085,48.76,"SORSTOKKEN, NO",49.5,8,44.6,8,9999.9,0,999.9,0,6.2,8,19.9,8,22.9,999.9,51.8,*,46.4,*,0.0,I,999.9,0
1001499999,2023-05-24,59.791925,5.34085,48.76,"SORSTOKKEN, NO",49.8,12,49.7,12,9999.9,0,999.9,0,4.3,12,8.4,12,14.0,999.9,53.6,*,46.4,*,99.99, ,999.9,10000
1001499999,2023-05-25,59.791925,5.34085,48.76,"SORSTOKKEN, NO",51.5,12,43.0,12,9999.9,0,999.9,0,6.2,12,12.2,12,15.0,27.0,57.2,*,46.4,*,99.99, ,999.9,10000
1001499999,2023-05-26,59.791925,5.34085,48.76,"SORSTOKKEN, NO",52.0,12,45.2,12,9999.9,0,999.9,0,6.2,12,11.3,12,15.9,999.9,55.4,*,48.2,*,99.99, ,999.9,10000
1001499999,2023-05-28,59.791925,5.34085,48.76,"SORSTOKKEN, NO",49.0,9,38.0,9,9999.9,0,999.9,0,6.2,9,15.1,9,18.1,27.0,50.0,*,46.4,*,0.0,I,999.9,0
1001499999,2023-05-30,59.791925,5.34085,48.76,"SORSTOKKEN, NO",51.0,11,48.4,11,9999.9,0,999.9,0,6.2,11,9.3,11,13.0,999.9,55.4,*,46.4,*,0.0,I,999.9,0
1001499999,2023-05-31,59.791925,5.34085,48.76,"SORSTOKKEN, NO",50.8,12,49.7,12,9999.9,0,999.9,0,5.9,12,11.2,12,15.0,999.9,53.6,*,48.2,*,99.99, ,999.9,10000
1001499999,2023-06-01,59.791925,5.34085,48.76,"SORSTOKKEN, NO",48.8,6,38.9,6,9999.9,0,999.9,0,6.2,6,17.8,6,21.0,999.9,51.8,*,46.4,*,0.0,I,999.9,0
1001499999,2023-06-02,59.791925,5.34085,48.76,"SORSTOKKEN, NO",54.5,8,39.6,8,9999.9,0,999.9,0,6.2,8,7.5,8,11.1,999.9,59.0,*,50.0,*,0.0,I,999.9,0
1001499999,2023-06-03,59.791925,5.34085,48.76,"SORSTOKKEN, NO",53.1,7,43.8,7,9999.9,0,999.9,0,6.2,7,16.0,7,18.1,999.9,53.6,*,51.8,*,0.0,I,999.9,0
1001499999,2023-06-04,59.791925,5.34085,48.76,"SORSTOKKEN, NO",57.7,8,48.0,8,9999.9,0,999.9,0,6.2,8,9.4,8,14.0,999.9,59.0,*,55.4,*,0.0,I,999.9,0
1001499999,2023-06-05,59.791925,5.34085,48.76,"SORSTOKKEN, NO",52.0,9,45.4,9,9999.9,0,999.9,0,6.2,9,14.4,9,19.0,999.9,55.4,*,50.0,*,0.0,I,999.9,0
1001499999,2023-06-06,59.791925,5.34085,48.76,"SORSTOKKEN, NO",53.6,9,46.2,9,9999.9,0,999.9,0,6.2,9,18.8,9,21.0,999.9,55.4,*,51.8,*,0.0,I,999.9,0
1001499999,2023-06-07,59.791925,5.34085,48.76,"SORSTOKKEN, NO",54.2,9,46.0,9,9999.9,0,999.9,0,6.2,9,16.2,9,21.0,999.9,55.4,*,50.0,*,0.0,I,999.9,0
1001499999,2023-06-08,59.791925,5.34085,48.76,"SORSTOKKEN, NO",56.8,10,47.7,10,9999.9,0,999.9,0,6.2,10,8.8,10,12.0,999.9,60.8,*,50.0,*,0.0,I,999.9,0
1001499999,2023-06-09,59.791925,5.34085,48.76,"SORSTOKKEN, NO",65.7,11,50.7,11,9999.9,0,999.9,0,6.2,11,5.4,11,9.9,999.9,73.4,*,57.2,*,0.0,I,999.9,0
1001499999,2023-06-10,59.791925,5.34085,48.76,"SORSTOKKEN, NO",70.5,10,46.0,10,9999.9,0,999.9,0,6.2,10,9.8,9,13.0,999.9,75.2,*,64.4,*,0.0,I,999.9,0
1001499999,2023-06-11,59.791925,5.34085,48.76,"SORSTOKKEN, NO",72.3,11,44.1,11,9999.9,0,999.9,0,6.2,11,6.0,11,9.9,999.9,77.0,*,62.6,*,0.0,I,999.9,0
1001499999,2023-06-12,59.791925,5.34085,48.76,"SORSTOKKEN, NO",65.0,9,44.8,9,9999.9,0,999.9,0,6.2,9,6.1,9,8.0,999.9,68.0,*,60.8,*,0.0,I,999.9,0
1001499999,2023-06-13,59.791925,5.34085,48.76,"SORSTOKKEN, NO",65.3,10,45.0,10,9999.9,0,999.9,0,6.2,9,5.5,9,12.0,999.9,75.2,*,57.2,*,0.0,I,999.9,0
1001499999,2023-06-14,59.791925,5.34085,48.76,"SORSTOKKEN, NO",67.1,10,48.9,10,9999.9,0,999.9,0,6.2,10,7.9,10,12.0,999.9,71.6,*,60.8,*,0.0,I,999.9,0
1001499999,2023-06-15,59.791925,5.34085,48.76,"SORSTOKKEN, NO",66.4,8,56.1,8,9999.9,0,999.9,0,6.2,8,7.7,8,12.0,999.9,73.4,*,59.0,*,0.0,I,999.9,0
1001499999,2023-06-16,59.791925,5.34085,48.76,"SORSTOKKEN, NO",63.1,10,56.7,10,9999.9,0,999.9,0,6.2,10,8.1,10,11.1,999.9,66.2,*,59.0,*,0.0,I,999.9,0
1001499999,2023-06-18,59.791925,5.34085,48.76,"SORSTOKKEN, NO",64.1,7,57.2,7,9999.9,0,999.9,0,6.2,7,6.5,7,9.9,999.9,66.2,*,60.8,*,0.0,I,999.9,0
1001499999,2023-06-19,59.791925,5.34085,48.76,"SORSTOKKEN, NO",70.1,7,56.4,7,9999.9,0,999.9,0,6.2,7,4.9,7,8.0,999.9,75.2,*,66.2,*,0.0,I,999.9,0
1001499999,2023-06-20,59.791925,5.34085,48.76,"SORSTOKKEN, NO",71.1,10,59.5,10,9999.9,0,999.9,0,999.9,0,5.8,10,8.9,999.9,75.2,*,66.2,*,0.0,I,999.9,0
1001499999,2023-06-21,59.791925,5.34085,48.76,"SORSTOKKEN, NO",66.4,9,60.4,9,9999.9,0,999.9,0,6.2,8,9.5,9,14.0,26.0,69.8,*,62.6,*,0.0,I,999.9,0
1001499999,2023-06-22,59.791925,5.34085,48.76,"SORSTOKKEN, NO",64.2,9,56.0,9,9999.9,0,999.9,0,6.2,9,7.4,9,11.1,999.9,68.0,*,60.8,*,0.0,I,999.9,0
1001499999,2023-06-23,59.791925,5.34085,48.76,"SORSTOKKEN, NO",60.8,10,50.5,10,9999.9,0,999.9,0,6.2,10,10.9,10,13.0,999.9,62.6,*,59.0,*,0.0,I,999.9,0
1001499999,2023-06-25,59.791925,5.34085,48.76,"SORSTOKKEN, NO",74.9,7,60.5,7,9999.9,0,999.9,0,6.2,7,4.9,7,7.0,999.9,78.8,*,71.6,*,0.0,I,999.9,0
1001499999,2023-06-26,59.791925,5.34085,48.76,"SORSTOKKEN, NO",67.0,7,58.5,7,9999.9,0,999.9,0,6.1,7,10.9,7,15.0,28.9,75.2,*,60.8,*,99.99, ,999.9,10000
1001499999,2023-06-27,59.791925,5.34085,48.76,"SORSTOKKEN, NO",58.1,8,55.2,8,9999.9,0,999.9,0,6.2,8,16.0,8,19.0,999.9,60.8,*,55.4,*,0.0,I,999.9,0
1001499999,2023-06-28,59.791925,5.34085,48.76,"SORSTOKKEN, NO",63.5,8,54.5,8,9999.9,0,999.9,0,6.2,8,5.8,8,8.9,999.9,68.0,*,59.0,*,0.0,I,999.9,0
1001499999,2023-06-29,59.791925,5.34085,48.76,"SORSTOKKEN, NO",59.3,7,55.4,7,9999.9,0,999.9,0,6.2,7,13.2,7,15.0,999.9,60.8,*,57.2,*,0.0,I,999.9,0
1001499999,2023-06-30,59.791925,5.34085,48.76,"SORSTOKKEN, NO",60.6,10,48.6,10,9999.9,0,999.9,0,6.2,9,4.4,10,11.1,999.9,64.4,*,57.2,*,0.0,I,999.9,0
1001499999,2023-07-02,59.791925,5.34085,48.76,"SORSTOKKEN, NO",60.5,7,50.8,7,9999.9,0,999.9,0,6.2,7,5.7,7,8.9,999.9,62.6,*,59.0,*,0.0,I,999.9,0
1001499999,2023-07-03,59.791925,5.34085,48.76,"SORSTOKKEN, NO",55.4,8,55.4,8,9999.9,0,999.9,0,5.8,8,5.6,8,8.9,999.9,59.0,*,51.8,*,99.99, ,999.9,10000
1001499999,2023-07-04,59.791925,5.34085,48.76,"SORSTOKKEN, NO",57.0,9,48.0,9,9999.9,0,999.9,0,6.2,9,9.7,9,15.0,999.9,60.8,*,55.4,*,0.0,I,999.9,0
1001499999,2023-07-05,59.791925,5.34085,48.76,"SORSTOKKEN, NO",59.5,10,48.6,10,9999.9,0,999.9,0,6.2,10,7.2,10,15.9,999.9,64.4,*,55.4,*,0.0,I,999.9,0
1001499999,2023-07-06,59.791925,5.34085,48.76,"SORSTOKKEN, NO",59.0,10,56.8,10,9999.9,0,999.9,0,6.2,10,6.7,10,12.0,999.9,64.4,*,55.4,*,99.99, ,999.9,10000
1001499999,2023-07-07,59.791925,5.34085,48.76,"SORSTOKKEN, NO",60.8,10,52.0,10,9999.9,0,999.9,0,6.2,10,6.6,10,9.9,999.9,64.4,*,57.2,*,99.99, ,999.9,10000
1001499999,2023-07-09,59.791925,5.34085,48.76,"SORSTOKKEN, NO",77.8,7,57.2,7,9999.9,0,999.9,0,6.2,7,4.6,7,6.0,999.9,82.4,*,73.4,*,0.0,I,999.9,0
1001499999,2023-07-10,59.791925,5.34085,48.76,"SORSTOKKEN, NO",62.0,9,62.0,9,9999.9,0,999.9,0,6.0,9,3.3,9,6.0,999.9,64.4,*,60.8,*,99.99, ,999.9,10000
1001499999,2023-07-11,59.791925,5.34085,48.76,"SORSTOKKEN, NO",60.0,9,57.0,9,9999.9,0,999.9,0,6.2,9,12.0,9,22.0,32.1,60.8,*,59.0,*,99.99, ,999.9,10000
1001499999,2023-07-12,59.791925,5.34085,48.76,"SORSTOKKEN, NO",62.6,9,58.0,9,9999.9,0,999.9,0,6.2,9,12.1,9,15.9,22.0,66.2,*,59.0,*,0.0,I,999.9,0
1001499999,2023-07-13,59.791925,5.34085,48.76,"SORSTOKKEN, NO",58.6,8,57.4,8,9999.9,0,999.9,0,4.9,8,10.1,8,14.0,999.9,60.8,*,57.2,*,99.99, ,999.9,10000
1001499999,2023-07-14,59.791925,5.34085,48.76,"SORSTOKKEN, NO",61.0,8,54.3,8,9999.9,0,999.9,0,6.2,8,5.3,8,8.9,999.9,66.2,*,55.4,*,0.0,I,999.9,0
1001499999,2023-07-17,59.791925,5.34085,48.76,"SORSTOKKEN, NO",57.5,7,57.5,7,9999.9,0,999.9,0,6.2,7,9.4,7,11.1,21.0,59.0,*,57.2,*,99.99, ,999.9,10000
1001499999,2023-07-18,59.791925,5.34085,48.76,"SORSTOKKEN, NO",55.4,8,55.0,8,9999.9,0,999.9,0,6.2,8,6.6,8,13.0,18.1,60.8,*,51.8,*,99.99, ,999.9,10000
1001499999,2023-07-19,59.791925,5.34085,48.76,"SORSTOKKEN, NO",52.5,8,52.5,8,9999.9,0,999.9,0,6.2,8,7.3,8,11.1,999.9,53.6,*,51.8,*,99.99, ,999.9,10000
1001499999,2023-07-20,59.791925,5.34085,48.76,"SORSTOKKEN, NO",57.0,8,54.5,8,9999.9,0,999.9,0,6.2,8,8.2,8,11.1,999.9,60.8,*,53.6,*,99.99, ,999.9,10000
1001499999,2023-07-21,59.791925,5.34085,48.76,"SORSTOKKEN, NO",55.0,8,54.3,8,9999.9,0,999.9,0,6.2,8,6.8,8,8.0,999.9,57.2,*,51.8,*,99.99, ,999.9,10000
1001499999,2023-07-24,59.791925,5.34085,48.76,"SORSTOKKEN, NO",63.0,9,58.0,9,9999.9,0,999.9,0,6.2,9,6.2,9,8.9,999.9,68.0,*,59.0,*,0.0,I,999.9,0
1001499999,2023-07-25,59.791925,5.34085,48.76,"SORSTOKKEN, NO",56.8,10,56.8,10,9999.9,0,999.9,0,5.7,10,12.3,10,19.0,33.0,59.0,*,53.6,*,99.99, ,999.9,10000
1001499999,2023-07-26,59.791925,5.34085,48.76,"SORSTOKKEN, NO",62.8,10,56.7,10,9999.9,0,999.9,0,6.2,10,5.6,10,9.9,999.9,66.2,*,57.2,*,0.0,I,999.9,0
1001499999,2023-07-27,59.791925,5.34085,48.76,"SORSTOKKEN, NO",62.8,10,57.4,10,9999.9,0,999.9,0,6.2,10,4.2,10,7.0,999.9,68.0,*,59.0,*,0.0,I,999.9,0
1001499999,2023-07-28,59.791925,5.34085,48.76,"SORSTOKKEN, NO",62.8,9,56.0,9,9999.9,0,999.9,0,6.2,9,7.1,9,8.9,999.9,66.2,*,59.0,*,0.0,I,999.9,0
1001499999,2023-07-31,59.791925,5.34085,48.76,"SORSTOKKEN, NO",63.8,9,58.4,9,9999.9,0,999.9,0,6.2,9,8.8,9,13.0,999.9,66.2,*,57.2,*,0.0,I,999.9,0
1001499999,2023-08-01,59.791925,5.34085,48.76,"SORSTOKKEN, NO",63.9,10,60.3,10,9999.9,0,999.9,0,6.2,10,7.3,10,13.0,999.9,68.0,*,59.0,*,0.0,I,999.9,100000
1001499999,2023-08-02,59.791925,5.34085,48.76,"SORSTOKKEN, NO",63.9,10,56.3,10,9999.9,0,999.9,0,6.2,10,9.4,10,15.0,999.9,66.2,*,60.8,*,0.0,I,999.9,0
1001499999,2023-08-03,59.791925,5.34085,48.76,"SORSTOKKEN, NO",63.1,10,58.6,10,9999.9,0,999.9,0,6.2,10,8.4,10,12.0,999.9,66.2,*,60.8,*,0.0,I,999.9,0
1001499999,2023-08-04,59.791925,5.34085,48.76,"SORSTOKKEN, NO",59.0,10,54.9,10,9999.9,0,999.9,0,6.2,10,19.1,10,22.0,31.1,60.8,*,57.2,*,0.0,I,999.9,0
1001499999,2023-08-07,59.791925,5.34085,48.76,"SORSTOKKEN, NO",59.0,8,58.1,8,9999.9,0,999.9,0,6.2,8,12.0,8,20.0,999.9,60.8,*,57.2,*,99.99, ,999.9,10000
1001499999,2023-08-08,59.791925,5.34085,48.76,"SORSTOKKEN, NO",51.8,8,51.8,8,9999.9,0,999.9,0,3.7,8,34.4,8,35.9,51.1,9999.9, ,9999.9, ,99.99, ,999.9,10000
1001499999,2023-08-09,59.791925,5.34085,48.76,"SORSTOKKEN, NO",51.3,8,51.3,8,9999.9,0,999.9,0,4.8,8,14.2,8,21.0,32.1,51.8,*,50.0,*,99.99, ,999.9,10000
1001499999,2023-08-10,59.791925,5.34085,48.76,"SORSTOKKEN, NO",51.5,6,51.5,6,9999.9,0,999.9,0,6.2,6,8.5,6,11.1,999.9,53.6,*,50.0,*,99.99, ,999.9,10000
1001499999,2023-08-11,59.791925,5.34085,48.76,"SORSTOKKEN, NO",59.2,8,48.2,8,9999.9,0,999.9,0,6.2,7,5.3,8,8.9,999.9,64.4,*,55.4,*,0.0,I,999.9,0
1001499999,2023-08-12,59.791925,5.34085,48.76,"SORSTOKKEN, NO",64.7,7,59.3,7,9999.9,0,999.9,0,6.2,7,9.7,7,14.0,999.9,69.8,*,60.8,*,99.99, ,999.9,10000
1001499999,2023-08-14,59.791925,5.34085,48.76,"SORSTOKKEN, NO",61.5,8,58.8,8,9999.9,0,999.9,0,6.2,8,9.6,8,12.0,999.9,66.2,*,59.0,*,0.0,I,999.9,0
1001499999,2023-08-15,59.791925,5.34085,48.76,"SORSTOKKEN, NO",60.0,7,60.0,7,9999.9,0,999.9,0,5.4,7,7.0,7,9.9,999.9,64.4,*,59.0,*,99.99, ,999.9,10000
1001499999,2023-08-16,59.791925,5.34085,48.76,"SORSTOKKEN, NO",57.4,8,57.4,8,9999.9,0,999.9,0,6.2,8,14.4,8,17.1,999.9,59.0,*,57.2,*,0.0,I,999.9,0
1001499999,2023-08-17,59.791925,5.34085,48.76,"SORSTOKKEN, NO",61.1,6,58.1,6,9999.9,0,999.9,0,6.2,6,7.8,6,8.9,999.9,64.4,*,57.2,*,0.0,I,999.9,0
1001499999,2023-08-18,59.791925,5.34085,48.76,"SORSTOKKEN, NO",65.4,7,57.7,7,9999.9,0,999.9,0,6.2,7,4.1,7,11.1,999.9,75.2,*,57.2,*,0.0,I,999.9,0
1001499999,2023-08-21,59.791925,5.34085,48.76,"SORSTOKKEN, NO",63.0,8,59.9,8,9999.9,0,999.9,0,6.2,8,8.1,8,9.9,999.9,68.0,*,59.0,*,0.0,I,999.9,0
1001499999,2023-08-22,59.791925,5.34085,48.76,"SORSTOKKEN, NO",62.8,10,60.3,10,9999.9,0,999.9,0,6.2,10,9.2,10,12.0,21.0,66.2,*,57.2,*,99.99, ,999.9,10000
1001499999,2023-08-23,59.791925,5.34085,48.76,"SORSTOKKEN, NO",59.4,9,57.2,9,9999.9,0,999.9,0,6.2,9,6.7,9,8.9,999.9,62.6,*,57.2,*,99.99, ,999.9,10000
1001499999,2023-08-24,59.791925,5.34085,48.76,"SORSTOKKEN, NO",59.7,8,55.6,8,9999.9,0,999.9,0,6.2,8,3.9,8,6.0,999.9,62.6,*,53.6,*,0.0,I,999.9,0
1001499999,2023-08-25,59.791925,5.34085,48.76,"SORSTOKKEN, NO",61.3,11,55.6,11,9999.9,0,999.9,0,6.2,11,4.1,11,8.9,999.9,66.2,*,55.4,*,0.0,I,999.9,0
1001499999,2023-08-28,59.791925,5.34085,48.76,"SORSTOKKEN, NO",57.9,10,54.9,10,9999.9,0,999.9,0,6.0,10,4.6,10,6.0,999.9,60.8,*,55.4,*,99.99, ,999.9,10000
1001499999,2023-08-29,59.791925,5.34085,48.76,"SORSTOKKEN, NO",56.5,8,54.7,8,9999.9,0,999.9,0,6.2,8,7.4,8,8.9,999.9,60.8,*,53.6,*,99.99, ,999.9,10000
1001499999,2023-08-30,59.791925,5.34085,48.76,"SORSTOKKEN, NO",62.4,10,53.4,10,9999.9,0,999.9,0,6.2,10,5.4,10,8.9,999.9,68.0,*,55.4,*,0.0,I,999.9,0
1001499999,2023-08-31,59.791925,5.34085,48.76,"SORSTOKKEN, NO",60.5,7,55.1,7,9999.9,0,999.9,0,6.2,7,3.7,7,8.0,999.9,66.2,*,55.4,*,0.0,I,999.9,0
1001499999,2023-09-01,59.791925,5.34085,48.76,"SORSTOKKEN, NO",61.9,8,54.0,8,9999.9,0,999.9,0,6.2,8,15.7,8,19.0,999.9,64.4,*,59.0,*,0.0,I,999.9,0
1001499999,2023-09-03,59.791925,5.34085,48.76,"SORSTOKKEN, NO",57.4,8,57.4,8,9999.9,0,999.9,0,5.1,7,10.0,7,15.0,999.9,59.0,*,55.4,*,99.99, ,999.9,10000
1001499999,2023-09-04,59.791925,5.34085,48.76,"SORSTOKKEN, NO",63.0,10,61.0,10,9999.9,0,999.9,0,5.9,10,10.5,10,15.9,999.9,68.0,*,59.0,*,0.0,I,999.9,0
1001499999,2023-09-05,59.791925,5.34085,48.76,"SORSTOKKEN, NO",59.6,9,58.6,9,9999.9,0,999.9,0,3.4,9,7.4,9,15.0,999.9,62.6,*,59.0,*,99.99, ,999.9,10000
1001499999,2023-09-06,59.791925,5.34085,48.76,"SORSTOKKEN, NO",61.7,10,53.1,10,9999.9,0,999.9,0,6.2,10,4.5,10,7.0,999.9,69.8,*,50.0,*,0.0,I,999.9,0
1001499999,2023-09-07,59.791925,5.34085,48.76,"SORSTOKKEN, NO",66.5,12,59.6,12,9999.9,0,999.9,0,6.2,12,3.7,12,6.0,999.9,71.6,*,60.8,*,0.0,I,999.9,0
1001499999,2023-09-08,59.791925,5.34085,48.76,"SORSTOKKEN, NO",71.2,13,62.0,13,9999.9,0,999.9,0,6.2,13,5.8,13,11.1,999.9,75.2,*,64.4,*,0.0,I,999.9,0
1001499999,2023-09-10,59.791925,5.34085,48.76,"SORSTOKKEN, NO",62.0,9,62.0,9,9999.9,0,999.9,0,2.1,9,4.6,9,7.0,999.9,62.6,*,60.8,*,99.99, ,999.9,110000
1001499999,2023-09-11,59.791925,5.34085,48.76,"SORSTOKKEN, NO",63.0,10,63.0,10,9999.9,0,999.9,0,3.2,10,12.1,10,15.0,27.0,64.4,*,60.8,*,99.99, ,999.9,10000
1001499999,2023-09-12,59.791925,5.34085,48.76,"SORSTOKKEN, NO",57.0,9,51.8,9,9999.9,0,999.9,0,6.2,9,8.7,9,14.0,999.9,60.8,*,53.6,*,0.0,I,999.9,0
1001499999,2023-09-13,59.791925,5.34085,48.76,"SORSTOKKEN, NO",54.2,9,41.6,9,9999.9,0,999.9,0,6.2,9,12.3,9,15.0,999.9,57.2,*,50.0,*,0.0,I,999.9,0
1001499999,2023-09-14,59.791925,5.34085,48.76,"SORSTOKKEN, NO",53.9,11,48.2,11,9999.9,0,999.9,0,6.2,11,12.5,11,18.1,999.9,55.4,*,50.0,*,99.99, ,999.9,10000
1001499999,2023-09-15,59.791925,5.34085,48.76,"SORSTOKKEN, NO",56.2,13,55.8,13,9999.9,0,999.9,0,6.2,13,4.5,13,7.0,999.9,59.0,*,51.8,*,99.99, ,999.9,10000
1001499999,2023-09-17,59.791925,5.34085,48.76,"SORSTOKKEN, NO",61.2,9,47.6,9,9999.9,0,999.9,0,6.2,9,5.8,9,8.9,999.9,64.4,*,57.2,*,0.0,I,999.9,0
1001499999,2023-09-18,59.791925,5.34085,48.76,"SORSTOKKEN, NO",62.6,9,54.2,9,9999.9,0,999.9,0,6.2,9,14.4,9,19.0,999.9,66.2,*,57.2,*,99.99, ,999.9,10000
1001499999,2023-09-19,59.791925,5.34085,48.76,"SORSTOKKEN, NO",51.8,8,51.6,8,9999.9,0,999.9,0,6.2,8,7.4,8,11.1,999.9,55.4,*,50.0,*,99.99, ,999.9,10000
1001499999,2023-09-20,59.791925,5.34085,48.76,"SORSTOKKEN, NO",56.2,9,56.2,9,9999.9,0,999.9,0,2.7,9,16.1,9,22.9,28.0,60.8,*,50.0,*,99.99, ,999.9,10000
1001499999,2023-09-21,59.791925,5.34085,48.76,"SORSTOKKEN, NO",57.5,12,55.9,12,9999.9,0,999.9,0,6.2,12,11.3,12,15.0,999.9,60.8,*,55.4,*,99.99, ,999.9,10000
1001499999,2023-09-22,59.791925,5.34085,48.76,"SORSTOKKEN, NO",57.8,12,53.8,12,9999.9,0,999.9,0,6.2,12,9.5,12,13.0,20.0,60.8,*,55.4,*,99.99, ,999.9,10000
1001499999,2023-09-24,59.791925,5.34085,48.76,"SORSTOKKEN, NO",55.4,8,50.2,8,9999.9,0,999.9,0,6.1,8,16.0,8,19.0,999.9,57.2,*,53.6,*,99.99, ,999.9,10000
1001499999,2023-09-25,59.791925,5.34085,48.76,"SORSTOKKEN, NO",60.1,8,59.4,8,9999.9,0,999.9,0,6.2,8,17.0,8,20.0,34.0,62.6,*,57.2,*,99.99, ,999.9,10000
1001499999,2023-09-26,59.791925,5.34085,48.76,"SORSTOKKEN, NO",61.6,9,54.2,9,9999.9,0,999.9,0,6.2,9,11.8,9,14.0,28.0,64.4,*,59.0,*,0.0,I,999.9,0
1001499999,2023-09-27,59.791925,5.34085,48.76,"SORSTOKKEN, NO",59.6,9,56.4,9,9999.9,0,999.9,0,6.2,9,6.9,9,11.1,999.9,66.2,*,55.4,*,0.0,I,999.9,0
1001499999,2023-09-28,59.791925,5.34085,48.76,"SORSTOKKEN, NO",59.9,10,58.8,10,9999.9,0,999.9,0,6.1,10,15.9,10,20.0,32.1,62.6,*,57.2,*,99.99, ,999.9,10000
1001499999,2023-09-29,59.791925,5.34085,48.76,"SORSTOKKEN, NO",57.2,13,56.4,13,9999.9,0,999.9,0,6.0,13,10.5,13,15.0,22.9,60.8,*,55.4,*,99.99, ,999.9,10000
1001499999,2023-10-01,59.791925,5.34085,48.76,"SORSTOKKEN, NO",53.0,9,49.2,9,9999.9,0,999.9,0,6.1,9,10.7,9,15.0,999.9,55.4,*,51.8,*,99.99, ,999.9,10000
1001499999,2023-10-02,59.791925,5.34085,48.76,"SORSTOKKEN, NO",55.4,10,55.0,10,9999.9,0,999.9,0,5.8,10,7.0,10,9.9,999.9,59.0,*,51.8,*,0.0,I,999.9,0
1001499999,2023-10-03,59.791925,5.34085,48.76,"SORSTOKKEN, NO",54.1,10,53.2,10,9999.9,0,999.9,0,6.2,10,8.4,10,12.0,999.9,59.0,*,51.8,*,99.99, ,999.9,10000
1001499999,2023-10-04,59.791925,5.34085,48.76,"SORSTOKKEN, NO",52.5,10,50.7,10,9999.9,0,999.9,0,6.2,10,7.2,10,14.0,999.9,55.4,*,50.0,*,99.99, ,999.9,10000
1001499999,2023-10-05,59.791925,5.34085,48.76,"SORSTOKKEN, NO",52.2,12,46.7,12,9999.9,0,999.9,0,6.2,12,2.5,12,5.1,999.9,57.2,*,44.6,*,0.0,I,999.9,0
1001499999,2023-10-06,59.791925,5.34085,48.76,"SORSTOKKEN, NO",54.6,13,53.9,13,9999.9,0,999.9,0,4.7,13,17.3,13,28.9,44.1,57.2,*,51.8,*,99.99, ,999.9,10000
1001499999,2023-10-08,59.791925,5.34085,48.76,"SORSTOKKEN, NO",48.0,8,34.7,8,9999.9,0,999.9,0,6.2,8,4.0,8,7.0,999.9,50.0,*,44.6,*,0.0,I,999.9,0
1001499999,2023-10-09,59.791925,5.34085,48.76,"SORSTOKKEN, NO",47.5,10,37.6,10,9999.9,0,999.9,0,6.2,10,2.6,10,4.1,999.9,51.8,*,39.2,*,0.0,I,999.9,0
1001499999,2023-10-10,59.791925,5.34085,48.76,"SORSTOKKEN, NO",51.8,9,49.8,9,9999.9,0,999.9,0,4.9,8,14.0,7,15.9,26.0,55.4,*,50.0,*,99.99, ,999.9,10000
1001499999,2023-10-11,59.791925,5.34085,48.76,"SORSTOKKEN, NO",48.4,10,45.9,10,9999.9,0,999.9,0,6.2,10,18.5,10,24.1,40.0,51.8,*,46.4,*,99.99, ,999.9,10000
1001499999,2023-10-12,59.791925,5.34085,48.76,"SORSTOKKEN, NO",48.5,12,40.1,12,9999.9,0,999.9,0,6.2,12,12.2,12,19.0,32.1,51.8,*,46.4,*,99.99, ,999.9,11000
1001499999,2023-10-13,59.791925,5.34085,48.76,"SORSTOKKEN, NO",49.4,13,48.9,13,9999.9,0,999.9,0,6.1,13,11.7,13,18.1,22.9,50.0,*,48.2,*,99.99, ,999.9,10000
1001499999,2023-10-15,59.791925,5.34085,48.76,"SORSTOKKEN, NO",41.5,11,40.5,11,9999.9,0,999.9,0,6.2,11,12.4,11,21.0,33.0,44.6,*,39.2,*,99.99, ,999.9,10000
1001499999,2023-10-16,59.791925,5.34085,48.76,"SORSTOKKEN, NO",42.6,9,39.8,9,9999.9,0,999.9,0,6.2,9,7.2,9,12.0,999.9,46.4,*,37.4,*,99.99, ,999.9,10000
1001499999,2023-10-17,59.791925,5.34085,48.76,"SORSTOKKEN, NO",50.0,10,49.8,10,9999.9,0,999.9,0,6.1,10,13.1,10,15.9,24.1,51.8,*,9999.9, ,99.99, ,999.9,10000
1001499999,2023-10-18,59.791925,5.34085,48.76,"SORSTOKKEN, NO",47.4,9,41.4,9,9999.9,0,999.9,0,6.2,9,4.1,9,8.9,999.9,53.6,*,39.2,*,0.0,I,999.9,0
1001499999,2023-10-19,59.791925,5.34085,48.76,"SORSTOKKEN, NO",44.0,12,20.9,12,9999.9,0,999.9,0,6.2,12,16.8,12,24.1,35.0,46.4,*,41.0,*,0.0,I,999.9,0
1001499999,2023-10-20,59.791925,5.34085,48.76,"SORSTOKKEN, NO",43.1,13,18.7,13,9999.9,0,999.9,0,6.2,13,11.4,13,15.0,24.1,46.4,*,39.2,*,0.0,I,999.9,0
1001499999,2023-10-22,59.791925,5.34085,48.76,"SORSTOKKEN, NO",51.3,8,38.3,8,9999.9,0,999.9,0,6.2,8,14.3,8,17.1,26.0,51.8,*,48.2,*,99.99, ,999.9,10000
1001499999,2023-10-23,59.791925,5.34085,48.76,"SORSTOKKEN, NO",48.2,9,48.2,9,9999.9,0,999.9,0,5.0,9,4.8,9,9.9,999.9,50.0,*,46.4,*,0.0,I,999.9,0
1001499999,2023-10-24,59.791925,5.34085,48.76,"SORSTOKKEN, NO",49.1,10,42.8,10,9999.9,0,999.9,0,6.2,10,4.8,10,9.9,999.9,53.6,*,44.6,*,0.0,I,999.9,0
1001499999,2023-10-25,59.791925,5.34085,48.76,"SORSTOKKEN, NO",49.5,10,30.4,10,9999.9,0,999.9,0,6.2,10,6.7,10,9.9,999.9,51.8,*,46.4,*,0.0,I,999.9,0
1001499999,2023-10-26,59.791925,5.34085,48.76,"SORSTOKKEN, NO",44.6,12,27.8,12,9999.9,0,999.9,0,6.2,12,5.7,12,9.9,999.9,46.4,*,41.0,*,0.0,I,999.9,0
1001499999,2023-10-27,59.791925,5.34085,48.76,"SORSTOKKEN, NO",40.7,13,30.9,13,9999.9,0,999.9,0,6.2,13,3.0,13,6.0,999.9,44.6,*,35.6,*,0.0,I,999.9,0
1001499999,2023-10-29,59.791925,5.34085,48.76,"SORSTOKKEN, NO",47.6,9,28.6,9,9999.9,0,999.9,0,6.2,9,4.5,9,7.0,999.9,50.0,*,42.8,*,0.0,I,999.9,0
1001499999,2023-10-30,59.791925,5.34085,48.76,"SORSTOKKEN, NO",44.8,9,30.2,9,9999.9,0,999.9,0,6.2,9,4.4,9,7.0,999.9,48.2,*,39.2,*,0.0,I,999.9,0
1001499999,2023-10-31,59.791925,5.34085,48.76,"SORSTOKKEN, NO",40.2,7,25.6,7,9999.9,0,999.9,0,6.2,7,3.7,7,6.0,999.9,46.4,*,32.0,*,0.0,I,999.9,0
1001499999,2023-11-01,59.791925,5.34085,48.76,"SORSTOKKEN, NO",37.6,10,30.7,10,9999.9,0,999.9,0,5.9,10,13.5,10,18.1,999.9,39.2,*,33.8,*,99.99, ,999.9,11000
1001499999,2023-11-02,59.791925,5.34085,48.76,"SORSTOKKEN, NO",48.9,13,33.9,13,9999.9,0,999.9,0,6.2,13,15.3,13,20.0,28.9,50.0,*,46.4,*,0.0,I,999.9,0
1001499999,2023-11-03,59.791925,5.34085,48.76,"SORSTOKKEN, NO",50.0,13,35.7,13,9999.9,0,999.9,0,6.2,13,9.1,13,14.0,21.0,51.8,*,46.4,*,99.99, ,999.9,10000
1001499999,2023-11-05,59.791925,5.34085,48.76,"SORSTOKKEN, NO",49.8,8,33.6,8,9999.9,0,999.9,0,6.2,8,4.4,8,11.1,999.9,53.6,*,44.6,*,0.0,I,999.9,0
1001499999,2023-11-06,59.791925,5.34085,48.76,"SORSTOKKEN, NO",47.2,9,38.0,9,9999.9,0,999.9,0,6.2,9,5.0,9,8.0,999.9,51.8,*,44.6,*,0.0,I,999.9,0
1001499999,2023-11-07,59.791925,5.34085,48.76,"SORSTOKKEN, NO",45.0,10,42.6,10,9999.9,0,999.9,0,6.2,10,5.3,10,8.0,999.9,48.2,*,41.0,*,0.0,I,999.9,0
1001499999,2023-11-08,59.791925,5.34085,48.76,"SORSTOKKEN, NO",42.2,9,38.4,9,9999.9,0,999.9,0,6.2,9,9.1,9,12.0,999.9,44.6,*,39.2,*,0.0,I,999.9,0
1001499999,2023-11-09,59.791925,5.34085,48.76,"SORSTOKKEN, NO",42.8,12,37.0,12,9999.9,0,999.9,0,6.2,12,10.3,12,13.0,999.9,44.6,*,41.0,*,99.99, ,999.9,10000
1001499999,2023-11-10,59.791925,5.34085,48.76,"SORSTOKKEN, NO",43.7,12,30.2,12,9999.9,0,999.9,0,6.2,12,4.1,12,8.9,999.9,44.6,*,41.0,*,0.0,I,999.9,0
1001499999,2023-11-12,59.791925,5.34085,48.76,"SORSTOKKEN, NO",42.4,8,31.8,8,9999.9,0,999.9,0,6.2,8,2.4,8,4.1,999.9,44.6,*,39.2,*,0.0,I,999.9,0
1001499999,2023-11-13,59.791925,5.34085,48.76,"SORSTOKKEN, NO",44.0,9,32.8,9,9999.9,0,999.9,0,6.2,9,7.0,9,9.9,999.9,46.4,*,41.0,*,0.0,I,999.9,0
1001499999,2023-11-14,59.791925,5.34085,48.76,"SORSTOKKEN, NO",40.6,9,27.2,9,9999.9,0,999.9,0,6.2,9,4.0,9,8.0,999.9,42.8,*,37.4,*,0.0,I,999.9,0
1001499999,2023-11-15,59.791925,5.34085,48.76,"SORSTOKKEN, NO",37.9,10,33.8,10,9999.9,0,999.9,0,6.2,10,9.8,10,12.0,999.9,39.2,*,35.6,*,99.99, ,999.9,10000
1001499999,2023-11-16,59.791925,5.34085,48.76,"SORSTOKKEN, NO",37.2,12,34.9,12,9999.9,0,999.9,0,6.1,12,6.9,12,9.9,999.9,37.4,*,35.6,*,99.99, ,999.9,10000
1001499999,2023-11-17,59.791925,5.34085,48.76,"SORSTOKKEN, NO",35.8,9,28.6,9,9999.9,0,999.9,0,6.2,9,4.0,9,8.9,999.9,37.4,*,33.8,*,0.0,I,999.9,0
1001499999,2023-11-19,59.791925,5.34085,48.76,"SORSTOKKEN, NO",42.8,9,26.6,9,9999.9,0,999.9,0,6.2,9,12.8,9,19.0,999.9,9999.9, ,9999.9, ,0.0,I,999.9,0
1001499999,2023-11-20,59.791925,5.34085,48.76,"SORSTOKKEN, NO",42.6,9,32.6,9,9999.9,0,999.9,0,6.2,9,1.1,9,4.1,999.9,44.6,*,41.0,*,0.0,I,999.9,0
1001499999,2023-11-21,59.791925,5.34085,48.76,"SORSTOKKEN, NO",39.8,9,39.0,9,9999.9,0,999.9,0,6.2,9,7.1,9,11.1,999.9,41.0,*,37.4,*,99.99, ,999.9,10000
1001499999,2023-11-22,59.791925,5.34085,48.76,"SORSTOKKEN, NO",46.8,10,46.6,10,9999.9,0,999.9,0,5.0,10,15.7,10,21.0,40.0,50.0,*,42.8,*,99.99, ,999.9,10000
1001499999,2023-11-23,59.791925,5.34085,48.76,"SORSTOKKEN, NO",40.3,12,37.8,12,9999.9,0,999.9,0,6.2,12,24.1,12,36.9,49.9,42.8,*,37.4,*,99.99, ,999.9,11000
1001499999,2023-11-24,59.791925,5.34085,48.76,"SORSTOKKEN, NO",38.4,13,32.1,13,9999.9,0,999.9,0,6.1,13,17.8,13,26.0,39.0,41.0,*,35.6,*,99.99, ,999.9,11000
1001499999,2023-11-26,59.791925,5.34085,48.76,"SORSTOKKEN, NO",35.4,9,35.4,9,9999.9,0,999.9,0,5.3,9,11.8,9,15.0,999.9,37.4,*,33.8,*,99.99, ,999.9,10000
1001499999,2023-11-27,59.791925,5.34085,48.76,"SORSTOKKEN, NO",33.8,10,23.4,10,9999.9,0,999.9,0,6.2,10,5.8,10,9.9,999.9,35.6,*,30.2,*,0.0,I,999.9,0
1001499999,2023-11-28,59.791925,5.34085,48.76,"SORSTOKKEN, NO",24.6,10,8.4,10,9999.9,0,999.9,0,6.2,10,7.2,10,12.0,999.9,24.8,*,23.0,*,0.0,I,999.9,0
1001499999,2023-11-29,59.791925,5.34085,48.76,"SORSTOKKEN, NO",29.6,9,19.8,9,9999.9,0,999.9,0,6.2,9,4.0,9,8.0,999.9,32.0,*,26.6,*,0.0,I,999.9,0
1001499999,2023-11-30,59.791925,5.34085,48.76,"SORSTOKKEN, NO",31.1,12,15.7,12,9999.9,0,999.9,0,6.2,12,4.6,12,8.9,999.9,33.8,*,26.6,*,0.0,I,999.9,0
1001499999,2023-12-01,59.791925,5.34085,48.76,"SORSTOKKEN, NO",28.0,9,20.0,9,9999.9,0,999.9,0,6.2,9,3.1,9,6.0,999.9,32.0,*,24.8,*,0.0,I,999.9,0
1001499999,2023-12-03,59.791925,5.34085,48.76,"SORSTOKKEN, NO",33.6,9,33.2,9,9999.9,0,999.9,0,6.2,9,8.3,9,11.1,999.9,33.8,*,32.0,*,99.99, ,999.9,1000
1001499999,2023-12-04,59.791925,5.34085,48.76,"SORSTOKKEN, NO",30.7,10,27.0,10,9999.9,0,999.9,0,6.2,10,3.2,10,6.0,999.9,33.8,*,28.4,*,0.0,I,999.9,0
1001499999,2023-12-05,59.791925,5.34085,48.76,"SORSTOKKEN, NO",30.6,10,27.1,10,9999.9,0,999.9,0,6.2,10,8.2,10,9.9,999.9,32.0,*,28.4,*,0.0,I,999.9,0
1001499999,2023-12-06,59.791925,5.34085,48.76,"SORSTOKKEN, NO",34.4,9,24.6,9,9999.9,0,999.9,0,6.2,9,8.8,9,11.1,999.9,35.6,*,32.0,*,0.0,I,999.9,0
1001499999,2023-12-07,59.791925,5.34085,48.76,"SORSTOKKEN, NO",32.6,12,25.5,12,9999.9,0,999.9,0,6.2,12,7.5,12,11.1,999.9,33.8,*,30.2,*,0.0,I,999.9,0
1001499999,2023-12-08,59.791925,5.34085,48.76,"SORSTOKKEN, NO",33.4,13,21.6,13,9999.9,0,999.9,0,5.5,13,9.7,13,15.9,999.9,35.6,*,32.0,*,99.99, ,999.9,1000
1001499999,2023-12-10,59.791925,5.34085,48.76,"SORSTOKKEN, NO",42.3,10,27.5,10,9999.9,0,999.9,0,6.2,10,5.3,10,11.1,999.9,42.8,*,41.0,*,0.0,I,999.9,0
1001499999,2023-12-11,59.791925,5.34085,48.76,"SORSTOKKEN, NO",37.4,9,25.6,9,9999.9,0,999.9,0,6.2,9,2.7,9,6.0,999.9,39.2,*,33.8,*,0.0,I,999.9,0
1001499999,2023-12-12,59.791925,5.34085,48.76,"SORSTOKKEN, NO",37.4,4,28.9,4,9999.9,0,999.9,0,6.2,4,5.5,4,7.0,999.9,9999.9, ,9999.9, ,0.0,I,999.9,0
1001499999,2023-12-13,59.791925,5.34085,48.76,"SORSTOKKEN, NO",32.4,10,23.4,10,9999.9,0,999.9,0,6.2,10,3.9,10,7.0,999.9,33.8,*,30.2,*,99.99, ,999.9,1000
1001499999,2023-12-14,59.791925,5.34085,48.76,"SORSTOKKEN, NO",33.3,12,28.5,12,9999.9,0,999.9,0,6.2,12,16.9,12,22.0,29.9,35.6,*,30.2,*,99.99, ,999.9,11000
1001499999,2023-12-15,59.791925,5.34085,48.76,"SORSTOKKEN, NO",45.5,12,45.5,12,9999.9,0,999.9,0,6.2,12,9.0,12,12.0,999.9,46.4,*,44.6,*,99.99, ,999.9,10000
1001499999,2023-12-17,59.791925,5.34085,48.76,"SORSTOKKEN, NO",47.5,8,47.1,8,9999.9,0,999.9,0,2.7,8,10.5,8,15.0,25.1,48.2,*,46.4,*,99.99, ,999.9,10000
1001499999,2023-12-18,59.791925,5.34085,48.76,"SORSTOKKEN, NO",44.0,9,44.0,9,9999.9,0,999.9,0,2.2,9,8.4,9,13.0,999.9,44.6,*,42.8,*,99.99, ,999.9,110000
1001499999,2023-12-19,59.791925,5.34085,48.76,"SORSTOKKEN, NO",39.0,10,39.0,10,9999.9,0,999.9,0,6.1,9,9.7,10,15.9,26.0,41.0,*,35.6,*,99.99, ,999.9,11000
1001499999,2023-12-20,59.791925,5.34085,48.76,"SORSTOKKEN, NO",35.8,9,35.8,9,9999.9,0,999.9,0,6.2,9,10.0,9,19.0,32.1,37.4,*,33.8,*,99.99, ,999.9,11000
1001499999,2023-12-21,59.791925,5.34085,48.76,"SORSTOKKEN, NO",39.2,11,38.5,11,9999.9,0,999.9,0,6.2,11,22.1,11,47.0,65.1,41.0,*,37.4,*,99.99, ,999.9,11000
1001499999,2023-12-22,59.791925,5.34085,48.76,"SORSTOKKEN, NO",30.2,8,25.0,8,9999.9,0,999.9,0,3.7,8,6.1,8,9.9,999.9,32.0,*,28.4,*,99.99, ,999.9,1000
1001499999,2023-12-26,59.791925,5.34085,48.76,"SORSTOKKEN, NO",37.4,4,36.5,4,9999.9,0,999.9,0,6.2,4,16.8,4,20.0,999.9,9999.9, ,9999.9, ,0.0,I,999.9,0
1001499999,2023-12-27,59.791925,5.34085,48.76,"SORSTOKKEN, NO",31.5,10,22.5,10,9999.9,0,999.9,0,6.2,10,7.5,10,17.1,999.9,33.8,*,28.4,*,0.0,I,999.9,0
1001499999,2023-12-28,59.791925,5.34085,48.76,"SORSTOKKEN, NO",39.5,12,37.7,12,9999.9,0,999.9,0,6.2,12,14.1,12,18.1,27.0,42.8,*,37.4,*,99.99, ,999.9,10000
1001499999,2023-12-29,59.791925,5.34085,48.76,"SORSTOKKEN, NO",39.4,8,39.4,8,9999.9,0,999.9,0,6.1,8,8.3,8,9.9,999.9,41.0,*,39.2,*,99.99, ,999.9,10000
1002099999,2023-02-14,80.05,16.25,8.0,"VERLEGENHUKEN, NO",19.7,10,16.2,10,992.7,10,991.5,10,999.9,0,30.9,10,39.0,48.6,30.2,*,9.9, ,0.0,I,999.9,0
1002099999,2023-10-19,80.05,16.25,8.0,"VERLEGENHUKEN, NO",27.4,5,22.3,5,997.5,5,996.3,5,999.9,0,25.0,5,35.0,999.9,36.1, ,17.1, ,0.0,I,999.9,0
1002099999,2023-10-22,80.05,16.25,8.0,"VERLEGENHUKEN, NO",17.8,5,13.0,5,1019.4,5,18.1,5,999.9,0,10.4,5,13.8,20.0,19.0,*,16.5, ,0.0,I,999.9,0
1002099999,2023-10-25,80.05,16.25,8.0,"VERLEGENHUKEN, NO",29.2,4,22.6,4,1016.5,4,15.2,4,999.9,0,5.3,4,13.6,999.9,30.0, ,27.0, ,0.0,I,999.9,0
1002099999,2023-10-28,80.05,16.25,8.0,"VERLEGENHUKEN, NO",28.7,5,26.3,5,1012.0,5,10.8,5,999.9,0,5.9,5,11.7,999.9,31.5, ,26.2, ,0.0,I,999.9,0
1002099999,2023-10-29,80.05,16.25,8.0,"VERLEGENHUKEN, NO",27.8,4,23.2,4,1012.7,4,11.5,4,999.9,0,5.3,4,7.8,999.9,30.2, ,24.6, ,0.0,I,999.9,0
1002099999,2023-10-30,80.05,16.25,8.0,"VERLEGENHUKEN, NO",26.7,4,20.1,4,1006.6,4,5.4,4,999.9,0,13.6,4,17.5,999.9,30.0, ,19.0, ,0.0,I,999.9,0
1002099999,2023-10-31,80.05,16.25,8.0,"VERLEGENHUKEN, NO",22.3,5,17.5,5,1005.3,5,4.1,5,999.9,0,17.6,5,21.4,999.9,26.8, ,17.1, ,0.0,I,999.9,0
1002099999,2023-11-01,80.05,16.25,8.0,"VERLEGENHUKEN, NO",16.1,4,9.9,4,1016.2,4,15.0,4,999.9,0,7.8,4,9.7,999.9,16.9, ,14.7, ,0.0,I,999.9,0
1002099999,2023-11-02,80.05,16.25,8.0,"VERLEGENHUKEN, NO",15.3,4,7.3,4,1017.1,4,15.9,4,999.9,0,11.2,4,11.7,999.9,18.0, ,11.5, ,0.0,I,999.9,0
1002099999,2023-11-03,80.05,16.25,8.0,"VERLEGENHUKEN, NO",15.4,5,9.1,5,1014.7,5,13.5,5,999.9,0,11.4,5,15.5,999.9,18.5, ,10.4, ,0.0,I,999.9,0
1002099999,2023-11-04,80.05,16.25,8.0,"VERLEGENHUKEN, NO",12.1,4,5.4,4,1015.5,4,14.3,4,999.9,0,15.8,4,21.4,999.9,16.0, ,10.0,*,0.0,I,999.9,0
1002099999,2023-11-05,80.05,16.25,8.0,"VERLEGENHUKEN, NO",13.4,4,8.2,4,1014.8,4,13.6,4,999.9,0,9.7,4,15.5,999.9,14.5, ,11.5, ,0.0,I,999.9,0
1002099999,2023-11-06,80.05,16.25,8.0,"VERLEGENHUKEN, NO",15.3,5,9.8,5,1013.4,5,12.2,5,999.9,0,12.7,5,15.9,21.6,17.8, ,12.2,*,0.0,I,999.9,0
1002099999,2023-11-08,80.05,16.25,8.0,"VERLEGENHUKEN, NO",16.3,5,12.5,5,1009.5,5,8.2,5,999.9,0,10.5,5,13.6,22.1,21.2, ,12.4, ,0.0,I,999.9,0
1002099999,2023-11-09,80.05,16.25,8.0,"VERLEGENHUKEN, NO",18.9,5,15.6,5,1006.0,5,4.8,5,999.9,0,16.6,5,21.4,999.9,21.7, ,14.2,*,0.0,I,999.9,0
1002099999,2023-11-11,80.05,16.25,8.0,"VERLEGENHUKEN, NO",14.9,4,8.9,4,1014.5,4,13.2,4,999.9,0,11.7,4,13.6,999.9,24.3, ,10.8, ,0.0,I,999.9,0
1002099999,2023-11-12,80.05,16.25,8.0,"VERLEGENHUKEN, NO",16.1,5,11.9,5,1008.2,5,7.0,5,999.9,0,19.7,5,23.3,999.9,23.2,*,10.4,*,0.0,I,999.9,0
1002099999,2023-11-14,80.05,16.25,8.0,"VERLEGENHUKEN, NO",3.6,4,-1.0,4,1017.7,4,16.4,4,999.9,0,12.9,4,16.7,18.5,6.6, ,1.0, ,0.0,I,999.9,0
1002099999,2023-11-15,80.05,16.25,8.0,"VERLEGENHUKEN, NO",3.0,5,-0.6,5,1018.8,5,17.5,5,999.9,0,12.5,5,15.5,19.0,5.5, ,0.5, ,0.0,I,999.9,0
1002099999,2023-11-16,80.05,16.25,8.0,"VERLEGENHUKEN, NO",10.0,5,5.2,5,1007.8,5,6.7,5,999.9,0,10.0,5,17.1,19.0,15.8, ,5.2, ,0.0,I,999.9,0
1002099999,2023-11-17,80.05,16.25,8.0,"VERLEGENHUKEN, NO",4.8,4,0.9,4,1011.9,4,10.7,4,999.9,0,11.2,4,13.6,999.9,9.3, ,3.0, ,0.0,I,999.9,0
1002099999,2023-11-18,80.05,16.25,8.0,"VERLEGENHUKEN, NO",5.2,6,0.3,6,1016.5,6,15.2,6,999.9,0,11.2,6,12.6,16.3,8.1, ,3.2,*,0.0,I,999.9,0
1002099999,2023-11-19,80.05,16.25,8.0,"VERLEGENHUKEN, NO",11.3,5,4.1,5,1009.1,5,7.9,5,999.9,0,11.8,5,15.5,999.9,19.4, ,2.7, ,0.0,I,999.9,0
1002099999,2023-11-20,80.05,16.25,8.0,"VERLEGENHUKEN, NO",19.8,4,16.7,4,1002.8,4,1.7,4,999.9,0,9.7,4,17.5,999.9,26.6, ,16.9, ,0.0,I,999.9,0
1002099999,2023-11-21,80.05,16.25,8.0,"VERLEGENHUKEN, NO",28.4,4,22.6,4,991.3,4,990.2,4,999.9,0,14.7,4,21.4,999.9,30.4, ,22.8, ,0.0,I,999.9,0
1002099999,2023-11-22,80.05,16.25,8.0,"VERLEGENHUKEN, NO",31.4,5,27.3,5,980.2,5,979.0,5,999.9,0,32.0,5,38.9,42.0,35.6, ,30.4, ,0.0,I,999.9,0
1002099999,2023-11-23,80.05,16.25,8.0,"VERLEGENHUKEN, NO",26.2,4,21.8,4,998.3,4,997.1,4,999.9,0,25.1,4,35.0,999.9,29.8, ,21.2,*,0.0,I,999.9,0
1002099999,2023-11-24,80.05,16.25,8.0,"VERLEGENHUKEN, NO",21.2,4,16.7,4,1010.1,4,8.9,4,999.9,0,15.9,4,19.4,999.9,25.2, ,17.2, ,0.0,I,999.9,0
1002099999,2023-11-26,80.05,16.25,8.0,"VERLEGENHUKEN, NO",25.4,4,16.6,4,1013.0,4,11.8,4,999.9,0,10.7,4,13.6,999.9,31.1, ,19.2, ,0.0,I,999.9,0
1002099999,2023-11-27,80.05,16.25,8.0,"VERLEGENHUKEN, NO",35.4,4,27.0,4,1010.2,4,9.0,4,999.9,0,17.0,4,23.3,999.9,38.7, ,31.3, ,0.0,I,999.9,0
1002099999,2023-11-28,80.05,16.25,8.0,"VERLEGENHUKEN, NO",34.1,5,28.7,5,1018.8,5,17.6,5,999.9,0,13.8,5,17.5,18.5,38.1, ,27.3, ,0.0,I,999.9,0
1002099999,2023-11-29,80.05,16.25,8.0,"VERLEGENHUKEN, NO",20.7,4,17.3,4,1033.5,4,32.2,4,999.9,0,15.5,4,21.4,999.9,23.5, ,18.5, ,0.0,I,999.9,0
1002099999,2023-11-30,80.05,16.25,8.0,"VERLEGENHUKEN, NO",20.3,5,15.8,5,1033.3,5,32.0,5,999.9,0,18.6,5,21.0,25.1,21.9, ,17.4, ,0.0,I,999.9,0
1002099999,2023-12-01,80.05,16.25,8.0,"VERLEGENHUKEN, NO",9.6,5,3.8,5,1032.6,5,31.3,5,999.9,0,20.2,5,23.3,24.5,13.3, ,6.8, ,0.0,I,999.9,0
1002099999,2023-12-02,80.05,16.25,8.0,"VERLEGENHUKEN, NO",14.6,4,8.1,4,1032.4,4,31.1,4,999.9,0,14.1,4,15.5,999.9,21.2, ,9.3, ,0.0,I,999.9,0
1002099999,2023-12-03,80.05,16.25,8.0,"VERLEGENHUKEN, NO",16.3,5,11.1,5,1030.2,5,29.0,5,999.9,0,14.2,5,21.4,23.7,21.2, ,13.5, ,0.0,I,999.9,0
1002099999,2023-12-04,80.05,16.25,8.0,"VERLEGENHUKEN, NO",17.2,5,10.3,5,1035.1,5,33.8,5,999.9,0,14.1,5,20.2,23.5,20.3, ,11.1, ,0.0,I,999.9,0
1002099999,2023-12-05,80.05,16.25,8.0,"VERLEGENHUKEN, NO",17.0,6,10.0,6,1038.3,6,37.0,6,999.9,0,19.6,6,25.3,999.9,20.1, ,12.7, ,0.0,I,999.9,0
1002099999,2023-12-06,80.05,16.25,8.0,"VERLEGENHUKEN, NO",17.2,5,9.5,5,1037.5,5,36.2,5,999.9,0,14.8,5,20.0,22.0,22.6, ,11.7, ,0.0,I,999.9,0
1002099999,2023-12-07,80.05,16.25,8.0,"VERLEGENHUKEN, NO",18.6,5,11.1,5,1026.2,5,25.0,5,999.9,0,18.8,5,22.3,24.1,22.5, ,14.5, ,0.0,I,999.9,0
1002099999,2023-12-08,80.05,16.25,8.0,"VERLEGENHUKEN, NO",26.5,4,20.4,4,1010.5,4,9.3,4,999.9,0,23.6,4,27.2,999.9,28.6, ,24.4, ,0.0,I,999.9,0
1002099999,2023-12-09,80.05,16.25,8.0,"VERLEGENHUKEN, NO",27.1,4,21.7,4,1003.6,4,2.4,4,999.9,0,9.2,4,15.5,16.3,29.8, ,24.8,*,0.0,I,999.9,0
1002099999,2023-12-10,80.05,16.25,8.0,"VERLEGENHUKEN, NO",21.8,5,16.5,5,1000.0,5,998.8,5,999.9,0,12.4,5,15.2,16.7,24.4, ,17.4, ,0.0,I,999.9,0
1002099999,2023-12-11,80.05,16.25,8.0,"VERLEGENHUKEN, NO",17.9,4,15.3,4,999.1,4,997.8,4,999.9,0,21.2,4,27.2,999.9,25.7, ,11.8,*,0.0,I,999.9,0
1002099999,2023-12-12,80.05,16.25,8.0,"VERLEGENHUKEN, NO",13.0,5,7.4,5,1004.1,5,2.9,5,999.9,0,10.4,5,15.5,999.9,15.3, ,8.8, ,0.0,I,999.9,0
1002099999,2023-12-13,80.05,16.25,8.0,"VERLEGENHUKEN, NO",23.6,5,19.0,5,994.0,5,992.8,5,999.9,0,16.9,5,25.3,999.9,32.2, ,7.3, ,0.0,I,999.9,0
1002099999,2023-12-14,80.05,16.25,8.0,"VERLEGENHUKEN, NO",26.9,4,23.0,4,1001.0,4,999.8,4,999.9,0,9.7,4,17.5,999.9,32.5, ,20.1, ,0.0,I,999.9,0
1002099999,2023-12-15,80.05,16.25,8.0,"VERLEGENHUKEN, NO",24.0,6,19.9,6,1004.1,6,2.9,6,999.9,0,14.1,6,17.5,20.2,29.8, ,17.4, ,0.0,I,999.9,0
1002099999,2023-12-16,80.05,16.25,8.0,"VERLEGENHUKEN, NO",27.7,5,24.5,5,991.6,5,990.4,5,999.9,0,22.6,5,29.1,999.9,28.9,*,22.5, ,0.0,I,999.9,0
1002099999,2023-12-17,80.05,16.25,8.0,"VERLEGENHUKEN, NO",28.9,4,25.2,4,984.6,4,983.3,4,999.9,0,22.3,4,27.2,999.9,30.6, ,27.1, ,0.0,I,999.9,0
1002099999,2023-12-18,80.05,16.25,8.0,"VERLEGENHUKEN, NO",23.6,5,19.2,5,985.5,5,984.4,5,999.9,0,20.2,5,25.3,999.9,27.0, ,18.5, ,0.0,I,999.9,0
1002099999,2023-12-19,80.05,16.25,8.0,"VERLEGENHUKEN, NO",20.7,4,14.4,4,990.1,4,988.9,4,999.9,0,19.9,4,21.4,999.9,23.4, ,18.7, ,0.0,I,999.9,0
1002099999,2023-12-20,80.05,16.25,8.0,"VERLEGENHUKEN, NO",17.8,4,12.0,4,993.3,4,992.1,4,999.9,0,20.8,4,23.3,999.9,18.5, ,16.2, ,0.0,I,999.9,0
1002099999,2023-12-21,80.05,16.25,8.0,"VERLEGENHUKEN, NO",13.0,4,7.0,4,997.8,4,996.6,4,999.9,0,16.0,4,17.5,999.9,15.1, ,11.3, ,0.0,I,999.9,0
1002099999,2023-12-22,80.05,16.25,8.0,"VERLEGENHUKEN, NO",5.5,5,0.3,5,1005.5,5,4.3,5,999.9,0,20.0,5,23.3,28.7,10.0, ,3.7,*,0.0,I,999.9,0
1002099999,2023-12-23,80.05,16.25,8.0,"VERLEGENHUKEN, NO",6.0,4,1.1,4,1014.1,4,12.9,4,999.9,0,14.1,4,19.4,999.9,6.8, ,4.8, ,0.0,I,999.9,0
1002099999,2023-12-24,80.05,16.25,8.0,"VERLEGENHUKEN, NO",6.0,4,0.0,4,1020.8,4,19.5,4,999.9,0,11.4,4,12.6,16.3,7.3, ,2.8, ,0.0,I,999.9,0
1002099999,2023-12-25,80.05,16.25,8.0,"VERLEGENHUKEN, NO",6.7,4,-1.3,4,1019.1,4,17.8,4,999.9,0,17.8,4,22.5,26.8,7.7, ,5.2, ,0.0,I,999.9,0
1002099999,2023-12-26,80.05,16.25,8.0,"VERLEGENHUKEN, NO",13.7,4,8.6,4,1011.8,4,10.6,4,999.9,0,23.8,4,27.2,999.9,16.5, ,8.6, ,0.0,I,999.9,0
1002099999,2023-12-28,80.05,16.25,8.0,"VERLEGENHUKEN, NO",27.3,4,24.0,4,1005.9,4,4.7,4,999.9,0,20.3,4,25.3,26.4,28.8, ,25.2, ,0.0,I,999.9,0
1002099999,2023-12-30,80.05,16.25,8.0,"VERLEGENHUKEN, NO",27.4,5,23.3,5,1013.7,5,12.5,5,999.9,0,17.8,5,25.3,999.9,29.8, ,24.4, ,0.0,I,999.9,0
1002099999,2023-12-31,80.05,16.25,8.0,"VERLEGENHUKEN, NO",27.4,4,18.8,4,1012.0,4,10.8,4,999.9,0,11.1,4,15.5,999.9,29.5, ,25.2, ,0.0,I,999.9,0
1003099999,2023-01-02,77.0,15.5,12.0,"HORNSUND, NO",32.4,4,30.1,4,997.3,4,995.9,4,999.9,0,999.9,0,999.9,999.9,33.3, ,31.1, ,99.99, ,1.6,10000
1003099999,2023-01-10,77.0,15.5,12.0,"HORNSUND, NO",31.6,5,25.1,5,993.2,5,991.8,5,999.9,0,22.8,5,27.2,43.7,33.1, ,30.6, ,0.01,G,6.7,1000
1003099999,2023-01-12,77.0,15.5,12.0,"HORNSUND, NO",33.5,4,25.7,4,988.2,4,986.8,4,999.9,0,12.7,4,17.9,24.3,34.2, ,30.4, ,99.99, ,999.9,1000
1003099999,2023-01-16,77.0,15.5,12.0,"HORNSUND, NO",22.8,5,13.9,5,996.5,5,995.1,5,999.9,0,23.5,5,29.3,44.3,24.1, ,21.4, ,99.99, ,999.9,1000
1003099999,2023-01-17,77.0,15.5,12.0,"HORNSUND, NO",24.3,5,15.9,5,997.9,5,996.5,5,999.9,0,22.3,5,30.9,46.8,26.1, ,21.6, ,99.99, ,999.9,1000
1003099999,2023-01-19,77.0,15.5,12.0,"HORNSUND, NO",26.7,4,20.5,4,1004.2,4,2.9,4,999.9,0,26.3,4,32.8,47.4,30.4, ,22.6,*,0.0,I,999.9,0
1003099999,2023-01-30,77.0,15.5,12.0,"HORNSUND, NO",23.1,5,14.8,5,994.5,5,993.1,5,4.0,4,18.9,5,22.0,41.2,25.5, ,20.3,*,99.99, ,999.9,1000
1003099999,2023-02-14,77.0,15.5,12.0,"HORNSUND, NO",29.2,10,27.2,10,995.0,10,993.6,10,999.9,0,12.0,10,19.8,31.5,34.7, ,25.0, ,99.99, ,999.9,11000
1003099999,2023-03-21,77.0,15.5,12.0,"HORNSUND, NO",-3.2,4,-15.1,4,1005.0,4,3.5,4,26.4,4,5.0,4,6.8,12.8,0.9, ,-8.0,*,0.0,I,999.9,0
1003099999,2023-03-24,77.0,15.5,12.0,"HORNSUND, NO",5.9,4,-6.9,4,1004.6,4,3.1,4,999.9,0,10.2,4,14.2,21.6,9.5, ,3.6, ,0.0,I,999.9,0
1003099999,2023-05-25,77.0,15.5,12.0,"HORNSUND, NO",33.8,4,30.5,4,984.3,4,982.9,4,999.9,0,14.0,4,15.5,22.1,34.9, ,32.7, ,0.03,G,999.9,10000
1003099999,2023-08-15,77.0,15.5,12.0,"HORNSUND, NO",43.9,4,39.2,4,1009.8,4,8.4,4,999.9,0,23.2,4,24.9,42.3,44.6, ,43.0, ,0.0,I,999.9,0
1003099999,2023-10-11,77.0,15.5,12.0,"HORNSUND, NO",27.3,4,17.8,4,1006.7,4,5.3,4,999.9,0,18.2,4,23.3,39.2,28.4, ,25.9, ,99.99, ,999.9,1000
1003099999,2023-10-16,77.0,15.5,12.0,"HORNSUND, NO",30.6,5,20.3,5,1013.7,5,12.3,5,999.9,0,20.4,5,23.5,39.6,33.4, ,27.5, ,0.01,G,999.9,1000
1003099999,2023-10-18,77.0,15.5,12.0,"HORNSUND, NO",29.9,5,24.2,5,1022.3,5,20.9,5,21.1,5,5.0,5,5.8,10.1,35.2, ,25.3, ,0.0,E,999.9,0
1003099999,2023-10-19,77.0,15.5,12.0,"HORNSUND, NO",36.0,8,32.2,8,1006.2,8,4.8,8,8.9,8,23.1,8,29.1,999.9,38.7, ,28.9, ,0.07,G,999.9,11000
1003099999,2023-10-20,77.0,15.5,12.0,"HORNSUND, NO",26.8,9,17.8,9,1006.4,9,5.0,9,11.0,8,17.9,9,27.2,44.9,36.0, ,24.8, ,0.09,G,999.9,1000
1003099999,2023-10-21,77.0,15.5,12.0,"HORNSUND, NO",25.5,8,16.4,8,1016.6,8,15.2,8,23.8,8,5.1,8,13.6,999.9,28.6, ,21.7, ,0.0,G,999.9,0
1003099999,2023-10-22,77.0,15.5,12.0,"HORNSUND, NO",20.3,8,12.6,8,1016.7,8,15.3,8,31.1,8,6.1,8,7.8,999.9,25.7, ,16.9, ,0.0,G,999.9,0
1003099999,2023-10-23,77.0,15.5,12.0,"HORNSUND, NO",21.3,8,15.8,8,1021.9,8,20.5,8,29.9,8,7.0,8,9.7,999.9,26.2, ,16.5, ,0.0,G,999.9,0
1003099999,2023-10-24,77.0,15.5,12.0,"HORNSUND, NO",30.2,7,28.9,7,1021.6,7,20.2,7,4.6,7,3.0,7,5.8,999.9,33.6, ,23.4, ,0.1,G,999.9,11000
1003099999,2023-10-25,77.0,15.5,12.0,"HORNSUND, NO",28.1,9,24.4,9,1018.1,9,16.7,9,25.8,8,5.9,9,9.7,11.5,32.2, ,22.6, ,0.11,G,1.6,1000
1003099999,2023-10-26,77.0,15.5,12.0,"HORNSUND, NO",30.6,8,24.6,8,1013.2,8,11.8,8,17.7,8,10.0,8,13.6,999.9,31.5, ,23.5, ,0.0,G,1.2,0
1003099999,2023-10-27,77.0,15.5,12.0,"HORNSUND, NO",29.5,8,25.9,8,1011.3,8,9.9,8,11.8,8,8.2,8,9.7,11.7,31.3, ,26.8, ,0.0,G,1.2,1000
1003099999,2023-10-28,77.0,15.5,12.0,"HORNSUND, NO",28.3,9,23.4,9,1012.1,9,10.7,9,17.6,8,6.3,9,9.7,10.9,31.3, ,25.9, ,0.0,G,1.6,0
1003099999,2023-10-29,77.0,15.5,12.0,"HORNSUND, NO",27.0,8,22.6,8,1013.7,8,12.3,8,17.9,8,5.5,8,9.7,11.5,29.5, ,23.0, ,0.0,G,1.6,0
1003099999,2023-10-30,77.0,15.5,12.0,"HORNSUND, NO",24.2,8,21.0,8,1011.9,8,10.5,8,23.7,8,4.6,8,9.7,999.9,32.4, ,19.6, ,0.0,G,1.2,100000
1003099999,2023-10-31,77.0,15.5,12.0,"HORNSUND, NO",28.2,8,22.6,8,1005.3,8,4.0,8,12.3,8,12.0,8,16.3,23.9,33.3, ,20.3, ,0.02,G,999.9,1000
1003099999,2023-11-01,77.0,15.5,12.0,"HORNSUND, NO",17.9,8,9.7,8,1014.2,8,12.8,8,28.7,8,6.1,8,9.7,999.9,25.7, ,13.1, ,0.0,G,2.0,0
1003099999,2023-11-02,77.0,15.5,12.0,"HORNSUND, NO",18.5,8,11.2,8,1015.7,8,14.3,8,24.1,8,10.2,8,11.7,999.9,20.1, ,15.3, ,0.0,G,2.4,0
1003099999,2023-11-03,77.0,15.5,12.0,"HORNSUND, NO",22.2,8,17.4,8,1013.6,8,12.2,8,14.5,8,9.5,8,11.7,999.9,24.6, ,16.7, ,0.0,G,2.4,1000
1003099999,2023-11-04,77.0,15.5,12.0,"HORNSUND, NO",22.7,8,16.8,8,1011.2,8,9.8,8,7.1,7,15.9,8,24.9,43.1,26.2, ,20.5, ,0.01,G,2.4,1000
1003099999,2023-11-05,77.0,15.5,12.0,"HORNSUND, NO",21.0,8,12.7,8,1009.0,8,7.6,8,8.9,8,17.1,8,26.0,40.4,22.8, ,17.4, ,0.01,G,1.2,101000
1003099999,2023-11-06,77.0,15.5,12.0,"HORNSUND, NO",15.9,6,3.9,6,1010.6,6,9.2,6,25.4,6,10.7,6,14.0,22.9,17.8, ,13.6, ,1.18,G,999.9,0
1003099999,2023-11-07,77.0,15.5,12.0,"HORNSUND, NO",12.0,8,5.0,8,1015.5,8,14.0,8,29.9,8,5.1,8,7.8,999.9,16.0, ,9.5, ,0.0,G,1.2,0
1003099999,2023-11-08,77.0,15.5,12.0,"HORNSUND, NO",24.2,8,21.7,8,1011.4,8,10.0,8,6.6,8,5.1,8,13.6,999.9,28.8, ,11.1, ,0.08,E,2.8,1000
1003099999,2023-11-09,77.0,15.5,12.0,"HORNSUND, NO",27.1,7,23.9,7,1000.8,7,999.4,7,6.9,7,6.5,7,15.5,28.0,32.9, ,23.7, ,0.28,G,0.4,11000
1003099999,2023-11-10,77.0,15.5,12.0,"HORNSUND, NO",23.3,7,17.5,7,1010.5,7,9.1,7,9.1,7,10.6,7,19.4,999.9,28.9, ,19.0, ,0.03,G,5.1,1000
1003099999,2023-11-11,77.0,15.5,12.0,"HORNSUND, NO",23.2,8,18.6,8,1016.5,8,15.1,8,9.9,8,5.6,8,15.5,999.9,30.2, ,19.2, ,0.0,G,4.7,1000
1003099999,2023-11-12,77.0,15.5,12.0,"HORNSUND, NO",25.5,8,21.0,8,1008.6,8,7.3,8,18.8,8,8.7,8,17.5,999.9,32.9, ,20.1, ,0.12,G,7.9,1000
1003099999,2023-11-13,77.0,15.5,12.0,"HORNSUND, NO",22.8,8,19.0,8,1009.4,8,8.0,8,6.6,8,7.3,8,13.6,18.5,28.2, ,19.0, ,0.05,G,7.9,1000
1003099999,2023-11-14,77.0,15.5,12.0,"HORNSUND, NO",18.7,7,11.4,7,1011.8,7,10.4,7,5.4,7,11.1,7,21.4,999.9,21.4, ,15.1, ,0.05,G,9.1,1000
1003099999,2023-11-15,77.0,15.5,12.0,"HORNSUND, NO",11.3,8,2.6,8,1016.9,8,15.4,8,26.0,8,7.5,8,9.7,999.9,16.9, ,5.2, ,0.0,G,7.9,1000
1003099999,2023-11-16,77.0,15.5,12.0,"HORNSUND, NO",17.5,9,10.7,9,1004.4,9,3.0,9,11.7,8,18.5,9,26.2,40.6,20.3, ,5.0, ,0.0,H,7.9,1000
1003099999,2023-11-17,77.0,15.5,12.0,"HORNSUND, NO",12.4,9,4.3,9,1009.2,9,7.8,9,19.2,8,6.5,9,9.7,12.4,20.1, ,7.3, ,0.0,G,5.1,0
1003099999,2023-11-18,77.0,15.5,12.0,"HORNSUND, NO",9.5,8,2.7,8,1014.2,8,12.7,8,26.0,8,7.5,8,9.7,10.9,13.5, ,6.4, ,0.0,I,999.9,0
1003099999,2023-11-19,77.0,15.5,12.0,"HORNSUND, NO",14.1,8,8.5,8,1013.1,8,11.7,8,21.1,8,8.0,8,11.7,999.9,18.5, ,7.2, ,0.0,G,3.9,1000
1003099999,2023-11-20,77.0,15.5,12.0,"HORNSUND, NO",28.1,8,25.1,8,1006.9,8,5.5,8,5.6,8,7.8,8,13.6,999.9,31.8, ,14.4, ,0.05,G,5.5,1000
1003099999,2023-11-21,77.0,15.5,12.0,"HORNSUND, NO",32.9,8,30.6,8,998.3,8,996.9,8,5.6,8,10.9,8,19.4,999.9,37.2, ,28.6, ,0.16,G,6.7,11000
1003099999,2023-11-22,77.0,15.5,12.0,"HORNSUND, NO",34.0,8,30.9,8,980.3,8,979.0,8,4.1,8,18.5,8,23.3,999.9,37.4, ,32.7, ,0.17,G,4.7,11000
1003099999,2023-11-23,77.0,15.5,12.0,"HORNSUND, NO",31.6,10,25.0,10,990.2,10,988.8,10,2.9,8,24.2,10,29.1,44.3,34.3, ,29.1, ,0.1,G,3.1,1000
1003099999,2023-11-24,77.0,15.5,12.0,"HORNSUND, NO",24.9,10,17.5,10,1011.0,10,9.5,10,24.2,8,5.5,10,11.8,18.8,31.1, ,18.5, ,0.07,G,999.9,1000
1003099999,2023-11-25,77.0,15.5,12.0,"HORNSUND, NO",26.7,9,22.0,9,1014.2,9,12.8,9,11.8,8,7.4,9,10.9,13.8,28.0, ,24.6, ,0.0,G,4.3,1000
1003099999,2023-11-26,77.0,15.5,12.0,"HORNSUND, NO",28.4,7,26.2,7,1017.8,7,16.4,7,20.4,7,6.0,7,7.8,11.8,32.7, ,24.1, ,0.0,G,4.3,1000
1003099999,2023-11-27,77.0,15.5,12.0,"HORNSUND, NO",35.0,8,32.5,8,1019.7,8,18.3,8,10.7,8,12.6,8,15.5,999.9,37.2, ,31.5, ,0.03,G,3.1,11000
1003099999,2023-11-28,77.0,15.5,12.0,"HORNSUND, NO",34.7,8,33.1,8,1024.9,8,23.5,8,5.7,8,11.7,8,13.6,999.9,36.9, ,32.4, ,0.04,G,2.0,110000
1003099999,2023-11-29,77.0,15.5,12.0,"HORNSUND, NO",32.0,8,30.7,8,1030.4,8,29.0,8,4.5,8,7.8,8,18.1,21.4,36.3, ,29.8, ,0.13,G,999.9,110000
1003099999,2023-11-30,77.0,15.5,12.0,"HORNSUND, NO",25.7,6,20.8,6,1029.9,6,28.5,6,12.1,6,18.1,6,19.4,27.0,29.7, ,23.0, ,0.0,G,999.9,1000
1003099999,2023-12-01,77.0,15.5,12.0,"HORNSUND, NO",20.2,8,12.5,8,1029.0,8,27.5,8,13.3,7,16.7,8,23.5,34.8,23.0,*,17.2, ,1.57,G,999.9,1000
1003099999,2023-12-02,77.0,15.5,12.0,"HORNSUND, NO",21.5,8,13.9,8,1031.2,8,29.8,8,12.7,8,16.2,8,23.5,34.0,26.1, ,15.6, ,1.57,G,999.9,1000
1003099999,2023-12-03,77.0,15.5,12.0,"HORNSUND, NO",18.3,9,11.8,9,1027.2,9,25.7,9,27.0,8,6.4,9,14.2,18.3,23.0, ,13.5, ,1.57,G,999.9,0
1003099999,2023-12-04,77.0,15.5,12.0,"HORNSUND, NO",23.6,8,15.4,8,1024.0,8,22.5,8,7.4,8,23.1,8,40.8,48.6,30.7, ,16.5, ,0.0,G,1.6,1000
1003099999,2023-12-05,77.0,15.5,12.0,"HORNSUND, NO",27.7,9,20.6,9,1031.9,9,30.5,9,3.0,8,22.7,9,29.1,45.1,30.9, ,24.8, ,0.05,G,1.2,1000
1003099999,2023-12-06,77.0,15.5,12.0,"HORNSUND, NO",26.9,10,23.5,10,1031.8,10,30.4,10,1.7,8,21.6,10,24.9,37.7,28.4, ,25.2, ,0.04,G,2.0,1000
1003099999,2023-12-07,77.0,15.5,12.0,"HORNSUND, NO",27.9,10,23.9,10,1024.0,10,22.6,10,1.7,8,20.6,10,23.7,41.2,30.7, ,26.2, ,0.05,G,2.8,1000
1003099999,2023-12-08,77.0,15.5,12.0,"HORNSUND, NO",31.0,8,28.1,8,1011.1,8,9.7,8,7.9,8,8.2,8,13.6,999.9,33.1, ,27.5, ,0.07,G,999.9,1000
1003099999,2023-12-09,77.0,15.5,12.0,"HORNSUND, NO",27.7,8,25.2,8,1003.6,8,2.2,8,5.9,8,7.4,8,13.6,999.9,30.2, ,23.2, ,0.44,G,0.4,1000
1003099999,2023-12-10,77.0,15.5,12.0,"HORNSUND, NO",26.3,8,23.0,8,996.8,8,995.4,8,7.5,7,9.0,8,21.4,999.9,31.5, ,14.2, ,0.06,G,11.8,1000
1003099999,2023-12-11,77.0,15.5,12.0,"HORNSUND, NO",25.3,8,21.6,8,994.3,8,992.9,8,7.0,8,13.8,8,17.5,999.9,28.4, ,22.1, ,0.65,G,18.5,1000
1003099999,2023-12-12,77.0,15.5,12.0,"HORNSUND, NO",20.0,8,12.3,8,1004.7,8,3.3,8,16.2,8,8.0,8,15.5,21.0,23.0, ,16.5, ,0.01,G,17.7,1000
1003099999,2023-12-13,77.0,15.5,12.0,"HORNSUND, NO",31.7,8,29.6,8,998.4,8,997.0,8,5.6,8,12.6,8,19.4,999.9,35.2, ,14.5, ,0.06,G,16.9,11000
1003099999,2023-12-14,77.0,15.5,12.0,"HORNSUND, NO",31.4,8,28.2,8,1002.5,8,1.1,8,17.6,8,7.7,8,11.7,15.2,33.6, ,28.2, ,0.04,G,13.8,11000
1003099999,2023-12-15,77.0,15.5,12.0,"HORNSUND, NO",32.6,8,28.9,8,1003.6,8,2.2,8,9.1,8,11.7,8,19.8,33.2,35.8, ,29.7, ,0.16,G,13.8,11000
1003099999,2023-12-16,77.0,15.5,12.0,"HORNSUND, NO",30.8,7,25.1,7,987.4,7,986.0,7,6.8,7,21.4,7,29.1,999.9,32.7, ,28.4, ,0.0,G,999.9,11000
1003099999,2023-12-17,77.0,15.5,12.0,"HORNSUND, NO",32.3,8,25.7,8,976.3,8,975.0,8,7.8,8,15.5,8,27.2,33.2,35.1, ,28.4, ,0.0,G,13.8,1000
1003099999,2023-12-18,77.0,15.5,12.0,"HORNSUND, NO",29.3,24,23.1,24,982.8,24,981.4,24,7.5,8,15.1,24,21.0,34.8,33.6, ,25.7, ,0.02,G,999.9,1000
1003099999,2023-12-19,77.0,15.5,12.0,"HORNSUND, NO",25.7,24,18.0,24,984.0,24,982.6,24,6.4,8,17.4,24,22.3,39.6,27.9, ,22.8, ,99.99, ,999.9,1000
1003099999,2023-12-20,77.0,15.5,12.0,"HORNSUND, NO",18.6,23,9.7,23,986.6,23,985.2,23,10.6,8,17.9,23,23.5,36.9,25.3, ,13.6, ,99.99, ,999.9,1000
1003099999,2023-12-21,77.0,15.5,12.0,"HORNSUND, NO",14.0,11,3.6,11,991.8,11,990.4,11,10.4,8,17.6,11,23.5,34.6,17.1, ,12.4, ,0.0,G,13.0,1000
1003099999,2023-12-22,77.0,15.5,12.0,"HORNSUND, NO",8.9,12,-1.1,12,1003.0,12,1.5,12,24.5,8,11.7,12,21.4,32.6,14.4, ,4.5, ,0.0,G,12.2,0
1003099999,2023-12-23,77.0,15.5,12.0,"HORNSUND, NO",5.5,8,-2.0,8,1012.4,8,10.9,8,27.7,8,7.3,8,9.7,999.9,10.2, ,0.9, ,0.0,G,12.2,1000
1003099999,2023-12-24,77.0,15.5,12.0,"HORNSUND, NO",7.7,23,-1.4,23,1017.8,23,16.3,23,24.2,8,15.3,23,22.3,34.2,10.6, ,6.1, ,0.0,I,999.9,0
1003099999,2023-12-25,77.0,15.5,12.0,"HORNSUND, NO",10.8,9,2.5,9,1009.4,9,8.0,9,5.6,8,26.6,9,31.1,44.3,16.2, ,6.1, ,99.99, ,12.2,1000
1003099999,2023-12-26,77.0,15.5,12.0,"HORNSUND, NO",22.2,8,17.1,8,1000.1,8,998.6,8,1.3,8,27.0,8,33.0,48.0,26.8,*,16.3, ,0.04,G,999.9,1000
1003099999,2023-12-27,77.0,15.5,12.0,"HORNSUND, NO",25.2,9,19.1,9,1002.9,9,1.5,9,6.0,8,17.4,9,28.7,46.6,27.1, ,23.2, ,0.02,G,11.4,1000
1003099999,2023-12-28,77.0,15.5,12.0,"HORNSUND, NO",30.2,8,24.0,8,1001.6,8,0.2,8,7.8,8,11.4,8,15.5,19.2,32.4, ,25.3, ,0.0,G,11.0,1000
1003099999,2023-12-29,77.0,15.5,12.0,"HORNSUND, NO",32.4,7,27.3,7,1001.1,7,999.7,7,10.4,7,13.7,7,15.5,22.0,34.9, ,29.8, ,99.99, ,999.9,1000
1003099999,2023-12-30,77.0,15.5,12.0,"HORNSUND, NO",32.1,6,27.3,6,1011.5,6,10.1,6,7.0,6,12.0,6,13.8,24.5,34.9, ,30.4, ,99.99, ,999.9,1000
1003099999,2023-12-31,77.0,15.5,12.0,"HORNSUND, NO",31.9,7,26.6,7,1012.6,7,11.2,7,9.9,7,10.2,7,15.7,21.8,33.6, ,28.0, ,0.03,G,11.8,11000
1006099999,2023-01-13,78.25,22.8166666,14.0,"EDGEOYA, NO",28.6,7,27.3,7,989.7,7,988.2,7,999.9,0,23.4,7,31.9,37.5,28.8, ,28.4, ,0.0,I,999.9,0
1006099999,2023-02-14,78.25,22.8166666,14.0,"EDGEOYA, NO",28.7,8,27.3,8,998.4,8,996.8,8,999.9,0,12.5,8,16.9,20.0,32.5, ,24.6, ,0.0,I,999.9,0
1006099999,2023-10-19,78.25,22.8166666,14.0,"EDGEOYA, NO",32.7,4,27.4,4,1000.6,4,999.1,4,999.9,0,999.9,0,999.9,999.9,36.9, ,22.6,*,0.0,I,999.9,0
1006099999,2023-10-20,78.25,22.8166666,14.0,"EDGEOYA, NO",23.6,4,16.1,4,1000.0,4,998.3,4,999.9,0,31.1,4,38.9,999.9,24.6, ,21.9, ,0.0,I,999.9,0
1006099999,2023-10-21,78.25,22.8166666,14.0,"EDGEOYA, NO",23.5,5,16.8,5,1015.5,5,13.9,5,999.9,0,24.7,5,29.1,999.9,24.8, ,22.5, ,0.0,I,999.9,0
1006099999,2023-10-22,78.25,22.8166666,14.0,"EDGEOYA, NO",23.1,5,17.0,5,1016.5,5,14.9,5,999.9,0,23.3,5,27.2,999.9,24.4,*,21.4, ,0.0,I,999.9,0
1006099999,2023-10-23,78.25,22.8166666,14.0,"EDGEOYA, NO",20.0,4,15.8,4,1022.2,4,20.6,4,999.9,0,8.7,4,11.7,999.9,24.1, ,16.3, ,0.0,I,999.9,0
1006099999,2023-10-24,78.25,22.8166666,14.0,"EDGEOYA, NO",23.0,4,18.5,4,1022.2,4,20.6,4,999.9,0,6.8,4,7.8,999.9,25.5, ,19.9, ,0.0,I,999.9,0
1006099999,2023-10-25,78.25,22.8166666,14.0,"EDGEOYA, NO",23.4,4,9999.9,0,1018.8,4,17.2,4,999.9,0,5.0,4,9.7,999.9,25.3, ,21.6, ,0.0,I,999.9,0
1006099999,2023-10-27,78.25,22.8166666,14.0,"EDGEOYA, NO",25.4,5,21.8,5,1013.6,5,12.0,5,999.9,0,6.6,5,9.7,999.9,27.7, ,18.5, ,0.0,I,999.9,0
1006099999,2023-10-28,78.25,22.8166666,14.0,"EDGEOYA, NO",25.3,4,24.2,4,1013.8,4,12.2,4,999.9,0,1.9,4,3.9,999.9,26.2, ,23.0, ,0.0,I,999.9,0
1006099999,2023-10-29,78.25,22.8166666,14.0,"EDGEOYA, NO",25.6,4,21.9,4,1014.6,4,13.0,4,999.9,0,5.8,4,7.8,999.9,27.7, ,24.3, ,0.0,I,999.9,0
1006099999,2023-10-30,78.25,22.8166666,14.0,"EDGEOYA, NO",21.4,4,16.0,4,1011.3,4,9.7,4,999.9,0,7.3,4,7.8,999.9,25.5, ,18.1, ,0.0,I,999.9,0
1006099999,2023-10-31,78.25,22.8166666,14.0,"EDGEOYA, NO",26.6,4,20.6,4,1003.3,4,1.8,4,999.9,0,25.3,4,33.0,999.9,30.7, ,20.1, ,0.0,I,999.9,0
1006099999,2023-11-01,78.25,22.8166666,14.0,"EDGEOYA, NO",20.2,5,11.5,5,1013.3,5,11.7,5,999.9,0,20.4,5,33.0,999.9,21.6, ,19.9, ,0.0,I,999.9,0
1006099999,2023-11-02,78.25,22.8166666,14.0,"EDGEOYA, NO",19.2,4,11.1,4,1016.7,4,15.1,4,999.9,0,8.3,4,11.7,999.9,20.8, ,17.6, ,0.0,I,999.9,0
1006099999,2023-11-03,78.25,22.8166666,14.0,"EDGEOYA, NO",17.9,5,12.8,5,1015.1,5,13.5,5,999.9,0,7.0,5,11.7,999.9,19.8, ,15.1, ,0.0,I,999.9,0
1006099999,2023-11-05,78.25,22.8166666,14.0,"EDGEOYA, NO",16.7,4,11.0,4,1012.8,4,11.2,4,999.9,0,13.6,4,17.5,999.9,17.1, ,16.2, ,0.0,I,999.9,0
1006099999,2023-11-06,78.25,22.8166666,14.0,"EDGEOYA, NO",17.4,4,8.7,4,1011.2,4,9.6,4,999.9,0,13.6,4,15.5,999.9,18.3, ,16.3, ,0.0,I,999.9,0
1006099999,2023-11-07,78.25,22.8166666,14.0,"EDGEOYA, NO",14.8,4,7.6,4,1014.9,4,13.2,4,999.9,0,13.6,4,17.5,999.9,17.4, ,6.8, ,0.0,I,999.9,0
1006099999,2023-11-08,78.25,22.8166666,14.0,"EDGEOYA, NO",20.6,4,15.1,4,1010.4,4,8.8,4,999.9,0,11.1,4,19.4,999.9,23.0,*,16.9, ,0.0,I,999.9,0
1006099999,2023-11-09,78.25,22.8166666,14.0,"EDGEOYA, NO",24.0,6,18.7,6,1004.8,6,3.2,6,999.9,0,13.4,6,21.4,25.4,27.3, ,21.4, ,0.0,I,999.9,0
1006099999,2023-11-11,78.25,22.8166666,14.0,"EDGEOYA, NO",14.8,4,7.9,4,1017.2,4,15.6,4,999.9,0,10.3,4,14.0,17.3,20.8,*,7.5, ,0.0,I,999.9,0
1006099999,2023-11-12,78.25,22.8166666,14.0,"EDGEOYA, NO",24.4,4,18.3,4,1008.5,4,6.9,4,999.9,0,11.7,4,15.5,999.9,28.0, ,19.4, ,0.0,I,999.9,0
1006099999,2023-11-13,78.25,22.8166666,14.0,"EDGEOYA, NO",15.7,4,9.9,4,1011.4,4,9.8,4,999.9,0,13.6,4,19.4,999.9,19.8, ,12.7, ,0.0,I,999.9,0
1006099999,2023-11-15,78.25,22.8166666,14.0,"EDGEOYA, NO",6.8,5,1.1,5,1017.0,5,15.3,5,999.9,0,11.8,5,13.6,17.3,9.5, ,-0.9, ,0.0,I,999.9,0
1006099999,2023-11-16,78.25,22.8166666,14.0,"EDGEOYA, NO",9.0,5,4.6,5,1010.0,5,8.4,5,999.9,0,7.8,5,11.7,999.9,11.3, ,7.3,*,0.0,I,999.9,0
1006099999,2023-11-17,78.25,22.8166666,14.0,"EDGEOYA, NO",10.7,5,5.0,5,1010.4,5,8.7,5,999.9,0,4.9,5,7.2,11.1,12.7, ,9.3, ,0.0,I,999.9,0
1006099999,2023-11-18,78.25,22.8166666,14.0,"EDGEOYA, NO",8.6,4,1.8,4,1015.0,4,13.3,4,999.9,0,12.6,4,17.5,999.9,10.9, ,7.2, ,0.0,I,999.9,0
1006099999,2023-11-19,78.25,22.8166666,14.0,"EDGEOYA, NO",4.0,5,-0.5,5,1013.2,5,11.6,5,999.9,0,5.2,5,7.8,13.0,11.5,*,-4.4, ,0.0,I,999.9,0
1006099999,2023-11-20,78.25,22.8166666,14.0,"EDGEOYA, NO",23.0,4,18.9,4,1005.2,4,3.6,4,999.9,0,13.3,4,15.5,999.9,24.3, ,19.8, ,0.0,I,999.9,0
1006099999,2023-11-21,78.25,22.8166666,14.0,"EDGEOYA, NO",31.6,4,27.4,4,997.0,4,995.4,4,999.9,0,21.4,4,27.2,999.9,37.4, ,24.4, ,0.0,I,999.9,0
1006099999,2023-11-22,78.25,22.8166666,14.0,"EDGEOYA, NO",32.4,4,27.3,4,987.7,4,986.2,4,999.9,0,28.2,4,31.1,33.0,34.7, ,31.3, ,0.0,I,999.9,0
1006099999,2023-11-23,78.25,22.8166666,14.0,"EDGEOYA, NO",28.5,6,24.6,6,1000.2,6,998.7,6,999.9,0,16.7,6,25.3,999.9,30.4, ,27.1, ,0.0,I,999.9,0
1006099999,2023-11-24,78.25,22.8166666,14.0,"EDGEOYA, NO",23.2,4,19.3,4,1011.1,4,9.5,4,999.9,0,8.7,4,11.7,999.9,26.4, ,18.5, ,0.0,I,999.9,0
1006099999,2023-11-25,78.25,22.8166666,14.0,"EDGEOYA, NO",25.4,5,20.2,5,1015.2,5,13.6,5,999.9,0,3.5,5,8.0,10.7,26.6, ,24.6, ,0.0,I,999.9,0
1006099999,2023-11-26,78.25,22.8166666,14.0,"EDGEOYA, NO",22.8,4,19.0,4,1017.3,4,15.7,4,999.9,0,11.7,4,15.5,999.9,27.1, ,19.0, ,0.0,I,999.9,0
1006099999,2023-11-27,78.25,22.8166666,14.0,"EDGEOYA, NO",33.4,4,28.8,4,1016.0,4,14.4,4,999.9,0,26.2,4,31.1,35.0,35.6,*,31.5, ,0.0,I,999.9,0
1006099999,2023-11-28,78.25,22.8166666,14.0,"EDGEOYA, NO",35.6,4,29.7,4,1019.3,4,17.7,4,999.9,0,29.2,4,36.9,999.9,37.8, ,33.3,*,0.0,I,999.9,0
1006099999,2023-11-29,78.25,22.8166666,14.0,"EDGEOYA, NO",25.2,4,23.2,4,1032.1,4,30.4,4,999.9,0,11.7,4,13.6,999.9,30.2, ,21.2, ,0.0,I,999.9,0
1006099999,2023-11-30,78.25,22.8166666,14.0,"EDGEOYA, NO",17.1,4,13.2,4,1033.7,4,32.0,4,999.9,0,13.1,4,15.5,999.9,20.3, ,13.3, ,0.0,I,999.9,0
1006099999,2023-12-02,78.25,22.8166666,14.0,"EDGEOYA, NO",12.6,4,9.0,4,1034.9,4,33.2,4,999.9,0,7.3,4,13.6,999.9,17.6, ,9.9, ,0.0,I,999.9,0
1006099999,2023-12-03,78.25,22.8166666,14.0,"EDGEOYA, NO",16.7,4,12.6,4,1027.2,4,25.6,4,999.9,0,15.2,4,18.3,23.3,21.4, ,10.6, ,0.0,I,999.9,0
1006099999,2023-12-04,78.25,22.8166666,14.0,"EDGEOYA, NO",19.6,4,16.6,4,1030.7,4,29.1,4,999.9,0,20.9,4,25.3,999.9,25.3, ,14.2, ,0.0,I,999.9,0
1006099999,2023-12-05,78.25,22.8166666,14.0,"EDGEOYA, NO",22.1,5,19.5,5,1039.4,5,37.8,5,999.9,0,7.1,5,13.6,999.9,24.3, ,18.7, ,0.0,I,999.9,0
1006099999,2023-12-06,78.25,22.8166666,14.0,"EDGEOYA, NO",21.7,5,19.2,5,1038.8,5,37.2,5,999.9,0,4.8,5,7.6,11.3,22.6,*,19.4, ,0.0,I,999.9,0
1006099999,2023-12-07,78.25,22.8166666,14.0,"EDGEOYA, NO",21.2,4,19.4,4,1029.6,4,28.0,4,999.9,0,7.3,4,11.7,999.9,22.6, ,17.4, ,0.0,I,999.9,0
1006099999,2023-12-08,78.25,22.8166666,14.0,"EDGEOYA, NO",28.2,4,25.1,4,1015.3,4,13.7,4,999.9,0,16.8,4,24.5,26.8,30.4,*,25.0, ,0.0,I,999.9,0
1006099999,2023-12-09,78.25,22.8166666,14.0,"EDGEOYA, NO",29.6,4,26.7,4,1004.5,4,2.9,4,999.9,0,13.5,4,17.5,18.3,31.6, ,28.2, ,0.0,I,999.9,0
1006099999,2023-12-10,78.25,22.8166666,14.0,"EDGEOYA, NO",26.2,4,22.9,4,998.8,4,997.3,4,999.9,0,10.6,4,15.3,18.1,29.1, ,19.9, ,0.0,I,999.9,0
1006099999,2023-12-11,78.25,22.8166666,14.0,"EDGEOYA, NO",24.3,4,22.7,4,994.6,4,993.0,4,999.9,0,13.6,4,25.3,999.9,28.6, ,19.0, ,0.0,I,999.9,0
1006099999,2023-12-12,78.25,22.8166666,14.0,"EDGEOYA, NO",13.3,4,7.8,4,1004.3,4,2.7,4,999.9,0,10.9,4,13.6,999.9,17.8, ,7.7,*,0.0,I,999.9,0
1006099999,2023-12-13,78.25,22.8166666,14.0,"EDGEOYA, NO",28.4,5,23.5,5,999.4,5,997.9,5,999.9,0,19.7,5,25.3,27.0,36.1, ,10.0, ,0.0,I,999.9,0
1006099999,2023-12-14,78.25,22.8166666,14.0,"EDGEOYA, NO",29.2,4,25.2,4,1003.9,4,2.3,4,999.9,0,12.6,4,23.3,999.9,33.3, ,24.6, ,0.0,I,999.9,0
1006099999,2023-12-15,78.25,22.8166666,14.0,"EDGEOYA, NO",28.9,4,25.8,4,1007.5,4,5.9,4,999.9,0,9.7,4,11.7,999.9,32.4, ,25.0, ,0.0,I,999.9,0
1006099999,2023-12-16,78.25,22.8166666,14.0,"EDGEOYA, NO",28.5,5,26.7,5,992.4,5,990.9,5,999.9,0,13.8,5,17.5,999.9,29.1, ,26.1, ,0.0,I,999.9,0
1006099999,2023-12-17,78.25,22.8166666,14.0,"EDGEOYA, NO",28.8,5,27.6,5,982.8,5,981.2,5,999.9,0,17.8,5,19.4,20.0,29.1, ,28.2, ,0.0,I,999.9,0
1006099999,2023-12-18,78.25,22.8166666,14.0,"EDGEOYA, NO",25.4,6,22.7,6,986.6,6,985.1,6,999.9,0,12.6,6,14.4,18.3,28.4,*,22.6,*,0.0,I,999.9,0
1006099999,2023-12-19,78.25,22.8166666,14.0,"EDGEOYA, NO",19.9,5,17.2,5,988.3,5,986.8,5,999.9,0,15.5,5,19.4,999.9,24.1, ,14.2, ,0.0,I,999.9,0
1006099999,2023-12-20,78.25,22.8166666,14.0,"EDGEOYA, NO",12.3,4,9.3,4,990.2,4,988.6,4,999.9,0,15.5,4,17.5,999.9,14.7, ,10.0, ,0.0,I,999.9,0
1006099999,2023-12-21,78.25,22.8166666,14.0,"EDGEOYA, NO",6.0,4,2.0,4,995.0,4,993.4,4,999.9,0,6.9,4,9.7,14.8,11.1, ,0.7, ,0.0,I,999.9,0
1006099999,2023-12-22,78.25,22.8166666,14.0,"EDGEOYA, NO",1.9,5,-3.5,5,1004.7,5,3.1,5,999.9,0,6.3,5,7.8,999.9,3.7, ,-1.8, ,0.0,I,999.9,0
1006099999,2023-12-23,78.25,22.8166666,14.0,"EDGEOYA, NO",-0.3,4,-5.8,4,1013.5,4,11.8,4,999.9,0,6.8,4,9.7,999.9,1.4, ,-1.8, ,0.0,I,999.9,0
1006099999,2023-12-24,78.25,22.8166666,14.0,"EDGEOYA, NO",-1.1,4,-5.3,4,1021.2,4,19.5,4,999.9,0,4.2,4,7.8,999.9,1.0, ,-3.5, ,0.0,I,999.9,0
1006099999,2023-12-25,78.25,22.8166666,14.0,"EDGEOYA, NO",2.2,5,-2.7,5,1016.5,5,14.8,5,999.9,0,15.9,5,17.5,22.3,4.1, ,-0.4, ,0.0,I,999.9,0
1006099999,2023-12-26,78.25,22.8166666,14.0,"EDGEOYA, NO",9.5,4,6.6,4,1010.0,4,8.3,4,999.9,0,13.1,4,15.5,999.9,11.5, ,5.5, ,0.0,I,999.9,0
1006099999,2023-12-27,78.25,22.8166666,14.0,"EDGEOYA, NO",18.8,4,16.8,4,1007.4,4,5.8,4,999.9,0,11.7,4,15.5,999.9,25.5, ,12.2, ,0.0,I,999.9,0
1006099999,2023-12-28,78.25,22.8166666,14.0,"EDGEOYA, NO",27.8,4,27.0,4,1004.8,4,3.2,4,999.9,0,7.1,4,13.6,999.9,28.6, ,26.2, ,0.0,I,999.9,0
1006099999,2023-12-29,78.25,22.8166666,14.0,"EDGEOYA, NO",28.7,5,27.9,5,1006.4,5,4.8,5,999.9,0,9.4,5,11.7,12.6,30.0, ,25.9, ,0.0,I,999.9,0
1006099999,2023-12-30,78.25,22.8166666,14.0,"EDGEOYA, NO",28.8,6,27.8,6,1017.6,6,16.0,6,999.9,0,12.1,6,15.5,20.6,29.5, ,27.5,*,0.0,I,999.9,0
1006099999,2023-12-31,78.25,22.8166666,14.0,"EDGEOYA, NO",28.4,4,25.7,4,1016.4,4,14.8,4,999.9,0,10.7,4,17.5,999.9,29.5, ,27.7, ,0.0,I,999.9,0
1007099999,2023-01-01,78.9166666,11.9333333,7.7,"NY ALESUND, SV",34.5,4,24.8,4,991.9,4,990.9,4,999.9,0,22.2,4,28.7,39.2,37.0, ,32.2, ,0.0,I,2.8,0
1007099999,2023-01-02,78.9166666,11.9333333,7.7,"NY ALESUND, SV",31.8,4,23.3,4,1005.1,4,4.1,4,999.9,0,23.0,4,25.8,35.0,33.3, ,29.1, ,0.0,I,1.6,0
1007099999,2023-01-03,78.9166666,11.9333333,7.7,"NY ALESUND, SV",31.6,4,22.9,4,1015.0,4,14.0,4,999.9,0,22.5,4,29.9,48.6,33.3, ,28.2, ,5.12,G,999.9,0
1007099999,2023-01-05,78.9166666,11.9333333,7.7,"NY ALESUND, SV",31.9,4,28.7,4,1021.8,4,20.8,4,999.9,0,3.6,4,5.2,14.2,33.6, ,29.3, ,0.0,I,999.9,0
1007099999,2023-01-06,78.9166666,11.9333333,7.7,"NY ALESUND, SV",30.4,4,26.7,4,1022.4,4,21.4,4,999.9,0,3.6,4,5.6,13.2,33.1, ,27.5, ,0.0,I,5.5,0
1007099999,2023-01-08,78.9166666,11.9333333,7.7,"NY ALESUND, SV",28.7,4,19.8,4,1015.2,4,14.2,4,999.9,0,14.3,4,18.5,28.9,30.2, ,26.1, ,0.0,I,6.7,0
1007099999,2023-01-09,78.9166666,11.9333333,7.7,"NY ALESUND, SV",25.8,4,17.0,4,1007.7,4,6.7,4,999.9,0,10.3,4,11.1,19.2,30.4, ,22.3, ,0.0,I,6.3,0
1007099999,2023-01-10,78.9166666,11.9333333,7.7,"NY ALESUND, SV",29.7,6,20.8,6,996.3,6,995.3,6,999.9,0,8.2,6,11.5,17.1,30.9, ,27.5, ,0.0,I,5.5,0
1007099999,2023-01-12,78.9166666,11.9333333,7.7,"NY ALESUND, SV",21.0,5,15.5,5,994.1,5,993.1,5,999.9,0,3.5,5,4.5,9.9,22.6, ,16.5, ,0.0,I,5.1,0
1007099999,2023-01-13,78.9166666,11.9333333,7.7,"NY ALESUND, SV",28.5,5,17.7,5,991.3,5,990.3,5,999.9,0,10.3,5,15.3,20.0,30.7, ,24.4, ,0.0,I,5.1,0
1007099999,2023-01-15,78.9166666,11.9333333,7.7,"NY ALESUND, SV",26.6,5,16.3,5,999.8,5,998.8,5,999.9,0,18.3,5,20.0,27.8,30.6, ,21.6, ,0.0,I,4.7,0
1007099999,2023-01-16,78.9166666,11.9333333,7.7,"NY ALESUND, SV",16.4,4,4.8,4,1002.7,4,1.7,4,999.9,0,16.0,4,17.3,25.8,20.5, ,13.5, ,0.0,I,3.5,0
1007099999,2023-01-19,78.9166666,11.9333333,7.7,"NY ALESUND, SV",18.1,4,6.8,4,1008.0,4,7.0,4,999.9,0,2.4,4,2.7,999.9,26.4, ,14.0, ,0.0,I,3.5,0
1007099999,2023-01-21,78.9166666,11.9333333,7.7,"NY ALESUND, SV",23.5,4,19.1,4,1005.4,4,4.4,4,999.9,0,13.1,4,20.4,28.7,27.5, ,20.1, ,0.0,I,3.5,0
1007099999,2023-01-23,78.9166666,11.9333333,7.7,"NY ALESUND, SV",30.7,4,23.4,4,973.2,4,972.2,4,999.9,0,13.5,4,20.0,46.6,39.0, ,20.3, ,0.0,I,999.9,0
1007099999,2023-01-24,78.9166666,11.9333333,7.7,"NY ALESUND, SV",22.1,4,16.3,4,975.2,4,974.2,4,999.9,0,8.6,4,20.6,30.1,23.5, ,20.3, ,0.0,I,2.0,0
1007099999,2023-01-26,78.9166666,11.9333333,7.7,"NY ALESUND, SV",11.3,4,2.1,4,1002.9,4,1.9,4,999.9,0,12.5,4,20.6,28.4,13.5, ,10.2, ,0.0,I,999.9,0
1007099999,2023-01-27,78.9166666,11.9333333,7.7,"NY ALESUND, SV",13.1,5,4.0,5,997.4,5,996.4,5,999.9,0,12.7,5,25.1,31.5,17.6, ,8.6, ,0.0,I,0.8,0
1007099999,2023-01-28,78.9166666,11.9333333,7.7,"NY ALESUND, SV",17.5,5,6.3,5,991.2,5,990.2,5,999.9,0,14.5,5,23.7,31.3,20.3, ,13.3, ,0.0,I,999.9,0
1007099999,2023-01-29,78.9166666,11.9333333,7.7,"NY ALESUND, SV",24.1,5,14.7,5,989.7,5,988.7,5,999.9,0,10.1,5,17.1,21.8,28.0, ,20.5, ,0.0,I,0.8,0
1007099999,2023-01-30,78.9166666,11.9333333,7.7,"NY ALESUND, SV",19.7,5,8.0,5,1001.0,5,0.0,5,999.9,0,10.6,5,15.5,19.8,27.3, ,14.5, ,0.0,I,999.9,0
1007099999,2023-01-31,78.9166666,11.9333333,7.7,"NY ALESUND, SV",14.1,5,0.9,5,1007.7,5,6.7,5,999.9,0,8.4,5,11.3,14.8,16.3, ,11.8, ,0.0,I,0.8,0
1007099999,2023-02-01,78.9166666,11.9333333,7.7,"NY ALESUND, SV",12.3,5,1.5,5,1013.2,5,12.2,5,999.9,0,7.2,5,8.5,17.5,13.6, ,10.4, ,0.0,I,0.8,0
1007099999,2023-02-02,78.9166666,11.9333333,7.7,"NY ALESUND, SV",11.4,5,2.4,5,1019.1,5,18.1,5,999.9,0,4.4,5,8.2,16.7,14.9, ,7.0, ,0.0,I,999.9,0
1007099999,2023-02-03,78.9166666,11.9333333,7.7,"NY ALESUND, SV",14.5,5,8.2,5,1023.9,5,22.9,5,999.9,0,3.3,5,5.4,10.1,16.5, ,8.1, ,0.0,I,999.9,0
1007099999,2023-02-04,78.9166666,11.9333333,7.7,"NY ALESUND, SV",14.3,5,3.0,5,1026.1,5,25.1,5,999.9,0,5.9,5,17.7,23.7,20.3, ,9.1, ,0.0,I,2.0,0
1007099999,2023-02-05,78.9166666,11.9333333,7.7,"NY ALESUND, SV",21.6,5,12.7,5,1008.7,5,7.7,5,999.9,0,29.6,5,39.6,51.5,29.5, ,18.5, ,0.0,I,999.9,0
1007099999,2023-02-06,78.9166666,11.9333333,7.7,"NY ALESUND, SV",28.5,5,24.4,5,981.9,5,980.9,5,999.9,0,19.2,5,35.7,56.3,30.7, ,26.2, ,0.0,I,1.6,0
1007099999,2023-02-07,78.9166666,11.9333333,7.7,"NY ALESUND, SV",22.5,5,18.5,5,965.4,5,964.5,5,999.9,0,24.6,5,29.3,61.0,27.7, ,15.8, ,0.0,I,1.2,0
1007099999,2023-02-08,78.9166666,11.9333333,7.7,"NY ALESUND, SV",22.2,5,20.2,5,961.7,5,960.8,5,999.9,0,8.5,5,15.9,26.8,25.2, ,17.8, ,0.0,I,2.4,0
1007099999,2023-02-12,78.9166666,11.9333333,7.7,"NY ALESUND, SV",20.6,4,11.6,4,995.0,4,994.0,4,999.9,0,9.9,4,12.2,20.6,23.0, ,14.7, ,0.0,I,999.9,0
1007099999,2023-02-13,78.9166666,11.9333333,7.7,"NY ALESUND, SV",19.0,4,10.3,4,1003.3,4,2.3,4,999.9,0,5.8,4,7.8,21.2,21.4, ,14.2, ,0.0,I,8.3,0
1007099999,2023-02-14,78.9166666,11.9333333,7.7,"NY ALESUND, SV",26.7,13,21.4,13,994.0,13,993.0,13,999.9,0,24.3,13,37.3,48.6,37.6, ,17.8, ,99.99, ,999.9,10000
1007099999,2023-02-15,78.9166666,11.9333333,7.7,"NY ALESUND, SV",25.1,7,21.5,7,990.5,7,989.6,7,999.9,0,8.3,7,12.0,17.3,33.6, ,15.6, ,99.99, ,11.4,10000
1007099999,2023-02-22,78.9166666,11.9333333,7.7,"NY ALESUND, SV",22.2,5,18.0,5,1004.9,5,3.9,5,999.9,0,10.6,5,20.0,24.7,29.3, ,14.4, ,0.0,I,18.1,0
1007099999,2023-02-25,78.9166666,11.9333333,7.7,"NY ALESUND, SV",27.1,4,22.8,4,991.6,4,990.6,4,999.9,0,11.8,4,19.4,35.2,34.0, ,22.8, ,0.0,I,18.5,0
1007099999,2023-02-26,78.9166666,11.9333333,7.7,"NY ALESUND, SV",23.9,4,17.2,4,981.5,4,980.5,4,999.9,0,18.9,4,22.7,45.8,36.9, ,13.5, ,0.0,I,16.9,0
1007099999,2023-02-27,78.9166666,11.9333333,7.7,"NY ALESUND, SV",10.8,5,6.3,5,996.2,5,995.2,5,999.9,0,26.2,5,31.1,52.3,15.4, ,8.1, ,0.0,I,16.5,0
1007099999,2023-02-28,78.9166666,11.9333333,7.7,"NY ALESUND, SV",10.1,5,5.1,5,1009.5,5,8.5,5,999.9,0,14.3,5,23.5,35.9,12.4, ,7.3, ,0.0,I,16.5,0
1007099999,2023-03-01,78.9166666,11.9333333,7.7,"NY ALESUND, SV",23.3,8,18.4,8,997.4,8,996.4,8,999.9,0,16.7,8,21.8,33.8,28.9, ,9.3, ,0.0,I,16.1,0
1007099999,2023-03-02,78.9166666,11.9333333,7.7,"NY ALESUND, SV",25.4,5,19.2,5,996.3,5,995.3,5,999.9,0,5.4,5,14.6,27.2,28.9, ,19.6, ,0.0,I,16.1,0
1007099999,2023-03-04,78.9166666,11.9333333,7.7,"NY ALESUND, SV",5.4,5,-2.9,5,1019.2,5,18.2,5,999.9,0,16.4,5,27.6,35.7,10.9, ,-1.3, ,0.0,I,17.7,0
1007099999,2023-03-05,78.9166666,11.9333333,7.7,"NY ALESUND, SV",-0.5,5,-11.2,5,1019.7,5,18.7,5,999.9,0,7.5,5,10.1,24.5,9.7, ,-6.0, ,0.0,I,17.3,0
1007099999,2023-03-06,78.9166666,11.9333333,7.7,"NY ALESUND, SV",8.3,5,-3.5,5,1024.6,5,23.6,5,999.9,0,5.9,5,8.2,22.7,10.0, ,5.4, ,0.0,I,17.3,0
1007099999,2023-03-07,78.9166666,11.9333333,7.7,"NY ALESUND, SV",5.9,5,-7.3,5,1025.5,5,24.5,5,999.9,0,10.7,5,15.2,22.1,7.9, ,0.9, ,0.0,I,17.3,0
1007099999,2023-03-08,78.9166666,11.9333333,7.7,"NY ALESUND, SV",6.3,5,-2.0,5,1003.5,5,2.5,5,999.9,0,14.6,5,23.3,34.4,12.4, ,-4.0, ,0.0,I,17.3,0
1007099999,2023-03-09,78.9166666,11.9333333,7.7,"NY ALESUND, SV",1.4,5,-8.9,5,999.3,5,998.3,5,999.9,0,12.6,5,17.5,30.3,7.0, ,-5.1, ,0.0,I,21.3,0
1007099999,2023-03-10,78.9166666,11.9333333,7.7,"NY ALESUND, SV",15.2,6,2.6,6,997.6,6,996.6,6,999.9,0,14.7,6,22.1,35.9,19.8, ,7.7, ,0.0,I,20.9,0
1007099999,2023-03-11,78.9166666,11.9333333,7.7,"NY ALESUND, SV",13.9,5,1.5,5,1001.6,5,0.6,5,999.9,0,11.7,5,14.8,20.6,17.8, ,7.9, ,0.0,I,19.7,0
1007099999,2023-03-12,78.9166666,11.9333333,7.7,"NY ALESUND, SV",15.6,5,3.5,5,1003.9,5,2.9,5,999.9,0,13.4,5,16.1,22.0,18.7, ,12.4, ,0.0,I,19.7,0
1007099999,2023-03-13,78.9166666,11.9333333,7.7,"NY ALESUND, SV",13.7,5,0.2,5,1006.6,5,5.6,5,999.9,0,13.9,5,18.5,24.9,15.6, ,9.3, ,0.0,I,19.7,0
1007099999,2023-03-14,78.9166666,11.9333333,7.7,"NY ALESUND, SV",7.4,5,-7.3,5,1009.2,5,8.2,5,999.9,0,14.4,5,20.8,24.9,10.2, ,2.1, ,0.0,I,19.7,0
1007099999,2023-03-15,78.9166666,11.9333333,7.7,"NY ALESUND, SV",1.9,5,-12.4,5,1011.7,5,10.7,5,999.9,0,8.5,5,11.5,18.8,4.6, ,-1.3, ,0.0,I,19.3,0
1007099999,2023-03-16,78.9166666,11.9333333,7.7,"NY ALESUND, SV",-1.0,4,-16.7,4,1015.9,4,14.9,4,999.9,0,3.3,4,4.3,14.6,0.1, ,-5.3, ,0.0,I,19.3,0
1007099999,2023-03-17,78.9166666,11.9333333,7.7,"NY ALESUND, SV",8.4,4,2.3,4,1014.8,4,13.8,4,999.9,0,6.7,4,8.5,9.9,10.9, ,-4.4, ,0.0,I,11.8,0
1007099999,2023-03-20,78.9166666,11.9333333,7.7,"NY ALESUND, SV",-0.4,7,-9.3,7,1004.7,7,3.7,7,999.9,0,13.0,7,24.9,34.4,7.0, ,-8.3, ,0.0,I,19.3,0
1007099999,2023-03-21,78.9166666,11.9333333,7.7,"NY ALESUND, SV",-6.5,7,-17.5,7,1007.5,7,6.5,7,999.9,0,5.6,7,9.1,20.8,-2.2, ,-10.8, ,0.0,I,19.3,0
1007099999,2023-03-22,78.9166666,11.9333333,7.7,"NY ALESUND, SV",1.4,5,-7.3,5,1002.1,5,1.1,5,999.9,0,7.0,5,10.7,28.6,10.9, ,-6.2, ,0.0,I,19.3,0
1007099999,2023-03-23,78.9166666,11.9333333,7.7,"NY ALESUND, SV",3.6,5,-7.0,5,1003.1,5,2.1,5,999.9,0,15.3,5,21.6,26.6,10.0, ,-1.5, ,0.0,I,19.7,0
1007099999,2023-03-24,78.9166666,11.9333333,7.7,"NY ALESUND, SV",4.3,6,-9.3,6,1008.3,6,7.3,6,999.9,0,12.0,6,16.1,24.9,6.1, ,0.9, ,0.0,I,21.3,0
1007099999,2023-03-25,78.9166666,11.9333333,7.7,"NY ALESUND, SV",5.8,5,-8.2,5,1013.6,5,12.6,5,999.9,0,7.9,5,14.4,21.0,8.4, ,1.4, ,0.0,I,20.5,0
1007099999,2023-03-26,78.9166666,11.9333333,7.7,"NY ALESUND, SV",5.6,4,-6.0,4,1017.9,4,16.9,4,999.9,0,9.3,4,16.1,20.4,8.6, ,1.9, ,0.0,I,20.5,0
1007099999,2023-03-27,78.9166666,11.9333333,7.7,"NY ALESUND, SV",9.0,5,1.3,5,1020.7,5,19.7,5,999.9,0,11.7,5,19.4,30.1,12.7, ,0.9, ,0.0,I,20.5,0
1007099999,2023-03-28,78.9166666,11.9333333,7.7,"NY ALESUND, SV",5.0,5,-2.5,5,1023.3,5,22.3,5,999.9,0,4.9,5,9.5,24.3,9.9, ,2.7, ,0.0,G,11.8,0
1007099999,2023-03-29,78.9166666,11.9333333,7.7,"NY ALESUND, SV",10.0,5,3.1,5,1023.3,5,22.3,5,999.9,0,5.6,5,8.7,10.3,18.5, ,4.5, ,0.0,G,19.3,0
1007099999,2023-03-30,78.9166666,11.9333333,7.7,"NY ALESUND, SV",18.8,5,12.9,5,1019.8,5,18.8,5,999.9,0,7.4,5,18.1,27.2,24.8,*,13.6, ,99.99, ,999.9,1000
1007099999,2023-03-31,78.9166666,11.9333333,7.7,"NY ALESUND, SV",22.5,6,16.0,6,1013.1,6,12.1,6,999.9,0,6.2,6,11.5,21.6,25.9, ,16.7, ,0.0,I,21.7,0
1007099999,2023-04-01,78.9166666,11.9333333,7.7,"NY ALESUND, SV",14.5,5,6.3,5,1019.9,5,18.9,5,999.9,0,5.7,5,8.0,13.2,16.9, ,11.1, ,0.0,I,21.7,0
1007099999,2023-04-02,78.9166666,11.9333333,7.7,"NY ALESUND, SV",14.6,4,9.1,4,1019.5,4,18.5,4,999.9,0,4.1,4,4.9,10.3,17.2,*,12.4, ,0.0,I,21.7,0
1007099999,2023-04-03,78.9166666,11.9333333,7.7,"NY ALESUND, SV",13.5,5,8.2,5,1011.8,5,10.8,5,999.9,0,12.6,5,20.2,28.2,20.1, ,6.1, ,0.0,I,24.0,0
1007099999,2023-04-04,78.9166666,11.9333333,7.7,"NY ALESUND, SV",6.8,5,-4.3,5,1022.7,5,21.7,5,999.9,0,10.3,5,21.0,26.8,9.3, ,0.7, ,0.0,I,20.9,0
1007099999,2023-04-05,78.9166666,11.9333333,7.7,"NY ALESUND, SV",17.5,5,8.7,5,1020.0,5,19.0,5,999.9,0,17.1,5,33.0,41.6,22.5, ,9.5, ,0.0,I,26.4,0
1007099999,2023-04-06,78.9166666,11.9333333,7.7,"NY ALESUND, SV",31.4,4,27.1,4,1002.5,4,1.5,4,999.9,0,18.1,4,29.9,37.5,37.2, ,24.3, ,0.0,I,20.1,0
1007099999,2023-04-07,78.9166666,11.9333333,7.7,"NY ALESUND, SV",21.5,4,17.3,4,1006.0,4,5.0,4,999.9,0,13.5,4,17.1,24.3,35.6, ,8.2, ,0.0,I,22.0,0
1007099999,2023-04-08,78.9166666,11.9333333,7.7,"NY ALESUND, SV",13.2,6,6.6,6,1021.6,6,20.6,6,999.9,0,6.4,6,11.7,24.3,15.4, ,8.2, ,0.31,G,999.9,1000
1007099999,2023-04-09,78.9166666,11.9333333,7.7,"NY ALESUND, SV",26.5,5,23.6,5,1014.7,5,13.7,5,999.9,0,7.3,5,8.2,16.1,34.3, ,16.0, ,0.0,G,23.2,0
1007099999,2023-04-10,78.9166666,11.9333333,7.7,"NY ALESUND, SV",23.6,4,17.5,4,1015.0,4,14.0,4,999.9,0,5.1,4,7.2,12.4,26.8, ,16.0, ,0.0,I,999.9,0
1007099999,2023-04-11,78.9166666,11.9333333,7.7,"NY ALESUND, SV",27.2,5,21.1,5,1016.4,5,15.4,5,999.9,0,9.7,5,14.4,20.0,33.8, ,16.9, ,0.0,I,27.6,0
1007099999,2023-04-12,78.9166666,11.9333333,7.7,"NY ALESUND, SV",33.0,4,25.3,4,1021.4,4,20.4,4,999.9,0,4.0,4,5.4,14.0,35.4, ,30.2, ,0.0,I,27.6,0
1007099999,2023-04-13,78.9166666,11.9333333,7.7,"NY ALESUND, SV",32.6,4,26.9,4,1024.2,4,23.2,4,999.9,0,4.1,4,7.2,12.0,36.0, ,31.3, ,0.0,I,27.2,0
1007099999,2023-04-15,78.9166666,11.9333333,7.7,"NY ALESUND, SV",39.7,4,32.3,4,1019.6,4,18.6,4,999.9,0,6.6,4,10.1,32.6,44.1, ,34.0, ,0.0,I,24.4,0
1007099999,2023-04-16,78.9166666,11.9333333,7.7,"NY ALESUND, SV",35.3,5,31.6,5,1017.1,5,16.1,5,999.9,0,2.3,5,4.5,14.4,38.3, ,32.9, ,0.0,I,22.0,0
1007099999,2023-04-19,78.9166666,11.9333333,7.7,"NY ALESUND, SV",20.9,5,18.0,5,1009.9,5,8.9,5,999.9,0,17.9,5,26.0,35.9,32.7, ,12.4, ,0.15,G,999.9,0
1007099999,2023-04-21,78.9166666,11.9333333,7.7,"NY ALESUND, SV",6.2,4,-3.6,4,1023.2,4,22.2,4,999.9,0,12.5,4,14.0,26.4,7.0, ,4.5, ,0.0,I,21.3,0
1007099999,2023-04-23,78.9166666,11.9333333,7.7,"NY ALESUND, SV",21.8,5,11.5,5,1013.7,5,12.7,5,999.9,0,8.0,5,13.6,20.8,25.0, ,19.0, ,0.0,I,999.9,0
1007099999,2023-04-26,78.9166666,11.9333333,7.7,"NY ALESUND, SV",25.0,5,16.1,5,1026.1,5,25.1,5,999.9,0,1.5,5,2.3,999.9,28.8, ,19.8, ,0.0,I,20.9,0
1007099999,2023-04-27,78.9166666,11.9333333,7.7,"NY ALESUND, SV",28.4,5,20.3,5,1024.3,5,23.3,5,999.9,0,4.3,5,11.1,18.1,34.9, ,22.8, ,0.0,I,20.9,0
1007099999,2023-04-28,78.9166666,11.9333333,7.7,"NY ALESUND, SV",27.1,5,25.1,5,1019.0,5,18.0,5,999.9,0,7.5,5,11.5,17.7,28.9, ,24.6, ,0.0,I,22.0,0
1007099999,2023-04-29,78.9166666,11.9333333,7.7,"NY ALESUND, SV",29.6,5,27.5,5,1018.8,5,17.8,5,999.9,0,3.4,5,7.2,13.2,32.0,*,25.7, ,0.0,I,29.5,0
1007099999,2023-04-30,78.9166666,11.9333333,7.7,"NY ALESUND, SV",22.0,5,14.3,5,1021.8,5,20.8,5,999.9,0,16.4,5,23.5,28.2,29.5, ,11.7, ,0.0,I,31.1,0
1007099999,2023-05-01,78.9166666,11.9333333,7.7,"NY ALESUND, SV",10.9,5,-3.0,5,1025.7,5,24.7,5,999.9,0,9.9,5,16.9,24.7,13.5, ,8.1, ,0.0,I,29.1,0
1007099999,2023-05-02,78.9166666,11.9333333,7.7,"NY ALESUND, SV",12.2,6,-0.0,6,1024.2,6,23.1,6,999.9,0,3.7,6,5.6,999.9,19.4, ,7.2, ,0.0,I,32.7,0
1007099999,2023-05-03,78.9166666,11.9333333,7.7,"NY ALESUND, SV",20.1,6,11.4,6,1024.5,6,23.5,6,999.9,0,3.6,6,5.4,999.9,23.9, ,13.6, ,0.0,I,31.9,0
1007099999,2023-05-04,78.9166666,11.9333333,7.7,"NY ALESUND, SV",26.5,5,22.9,5,1019.0,5,18.0,5,999.9,0,4.0,5,5.6,999.9,28.9, ,23.9, ,0.0,I,32.7,0
1007099999,2023-05-05,78.9166666,11.9333333,7.7,"NY ALESUND, SV",28.4,5,23.9,5,1016.6,5,15.6,5,999.9,0,4.5,5,11.8,17.3,30.0, ,27.3, ,0.0,I,32.7,0
1007099999,2023-05-06,78.9166666,11.9333333,7.7,"NY ALESUND, SV",30.6,5,24.1,5,1009.8,5,8.8,5,999.9,0,15.0,5,20.2,26.6,32.5, ,28.6, ,0.0,I,31.9,0
1007099999,2023-05-07,78.9166666,11.9333333,7.7,"NY ALESUND, SV",30.4,5,24.2,5,1006.5,5,5.5,5,999.9,0,9.3,5,16.9,24.9,31.6, ,26.1, ,0.0,I,29.9,0
1007099999,2023-05-08,78.9166666,11.9333333,7.7,"NY ALESUND, SV",29.2,6,22.7,6,1012.7,6,11.7,6,999.9,0,5.8,6,12.2,18.3,33.1, ,27.3, ,0.0,I,29.5,0
1007099999,2023-05-09,78.9166666,11.9333333,7.7,"NY ALESUND, SV",28.5,6,23.5,6,1016.1,6,15.1,6,999.9,0,2.0,6,2.9,999.9,30.6, ,27.1, ,0.0,I,999.9,0
1007099999,2023-05-10,78.9166666,11.9333333,7.7,"NY ALESUND, SV",30.4,4,24.7,4,1013.7,4,12.7,4,999.9,0,7.9,4,19.6,23.5,32.2, ,29.1, ,0.0,I,30.3,0
1007099999,2023-05-18,78.9166666,11.9333333,7.7,"NY ALESUND, SV",26.1,5,16.3,5,1008.3,5,7.3,5,999.9,0,4.2,5,6.0,19.6,29.1, ,22.5, ,0.0,I,28.0,0
1007099999,2023-05-19,78.9166666,11.9333333,7.7,"NY ALESUND, SV",30.1,5,20.1,5,1008.4,5,7.4,5,999.9,0,3.3,5,6.4,12.6,34.0, ,27.5, ,0.0,I,28.0,0
1007099999,2023-05-20,78.9166666,11.9333333,7.7,"NY ALESUND, SV",33.9,5,27.1,5,998.2,5,997.2,5,999.9,0,16.8,5,25.3,32.1,38.5, ,29.5, ,0.0,I,27.6,0
1007099999,2023-05-21,78.9166666,11.9333333,7.7,"NY ALESUND, SV",38.0,5,31.9,5,996.7,5,995.8,5,999.9,0,9.1,5,10.3,31.1,41.4, ,35.8, ,0.0,I,26.8,0
1007099999,2023-05-22,78.9166666,11.9333333,7.7,"NY ALESUND, SV",36.9,5,31.3,5,1004.6,5,3.6,5,999.9,0,7.0,5,11.7,26.4,40.8, ,35.6, ,0.0,I,24.0,0
1007099999,2023-05-23,78.9166666,11.9333333,7.7,"NY ALESUND, SV",37.8,5,33.7,5,998.3,5,997.4,5,999.9,0,4.2,5,5.8,19.2,42.1, ,34.9, ,0.0,I,22.8,0
1007099999,2023-05-24,78.9166666,11.9333333,7.7,"NY ALESUND, SV",35.8,5,29.1,5,995.6,5,994.7,5,999.9,0,15.6,5,21.8,33.6,38.3, ,32.9, ,0.0,I,20.9,0
1007099999,2023-05-25,78.9166666,11.9333333,7.7,"NY ALESUND, SV",35.3,7,29.2,7,987.2,7,986.3,7,999.9,0,9.2,7,10.9,17.1,39.7, ,31.6, ,99.99, ,3.9,10000
1007099999,2023-05-26,78.9166666,11.9333333,7.7,"NY ALESUND, SV",30.8,5,20.7,5,991.5,5,990.5,5,999.9,0,10.5,5,15.3,20.2,34.3, ,28.4, ,0.0,I,20.1,0
1007099999,2023-05-27,78.9166666,11.9333333,7.7,"NY ALESUND, SV",30.7,4,15.6,4,1004.3,4,3.3,4,999.9,0,4.1,4,10.9,15.3,34.3, ,28.8, ,0.0,I,19.7,0
1007099999,2023-05-28,78.9166666,11.9333333,7.7,"NY ALESUND, SV",29.5,4,16.5,4,1008.9,4,7.9,4,999.9,0,4.8,4,6.4,9.9,33.4, ,26.4, ,0.0,I,19.7,0
1007099999,2023-05-29,78.9166666,11.9333333,7.7,"NY ALESUND, SV",34.8,5,23.8,5,1006.4,5,5.4,5,999.9,0,6.8,5,8.7,17.7,38.7, ,29.1, ,0.0,I,19.7,0
1007099999,2023-06-04,78.9166666,11.9333333,7.7,"NY ALESUND, SV",35.3,4,26.7,4,1012.5,4,11.5,4,999.9,0,3.4,4,5.8,999.9,40.1, ,34.2, ,0.0,I,15.0,0
1007099999,2023-06-07,78.9166666,11.9333333,7.7,"NY ALESUND, SV",35.9,4,26.6,4,1015.7,4,14.7,4,999.9,0,4.9,4,8.4,12.6,38.5, ,32.4,*,0.0,I,12.6,0
1007099999,2023-06-08,78.9166666,11.9333333,7.7,"NY ALESUND, SV",32.8,4,26.7,4,1019.0,4,18.0,4,999.9,0,4.8,4,5.6,10.3,33.8, ,31.8, ,0.0,I,999.9,0
1007099999,2023-06-10,78.9166666,11.9333333,7.7,"NY ALESUND, SV",36.8,4,29.4,4,1015.4,4,14.4,4,999.9,0,5.7,4,13.4,19.6,41.2, ,32.4, ,0.0,I,9.4,0
1007099999,2023-06-11,78.9166666,11.9333333,7.7,"NY ALESUND, SV",39.6,5,33.9,5,1001.1,5,0.2,5,999.9,0,7.7,5,15.5,22.1,41.4, ,37.9, ,0.0,I,7.9,0
1007099999,2023-06-12,78.9166666,11.9333333,7.7,"NY ALESUND, SV",35.1,5,32.0,5,985.4,5,984.5,5,999.9,0,3.9,5,5.1,23.1,37.2, ,33.6, ,0.0,I,6.3,0
1007099999,2023-06-13,78.9166666,11.9333333,7.7,"NY ALESUND, SV",35.9,5,31.5,5,997.6,5,996.7,5,999.9,0,10.3,5,20.4,28.4,37.0, ,34.3, ,0.0,I,6.7,0
1007099999,2023-06-14,78.9166666,11.9333333,7.7,"NY ALESUND, SV",35.2,5,28.5,5,1002.1,5,1.2,5,999.9,0,11.2,5,17.1,25.3,38.5, ,31.6, ,0.0,I,5.5,0
1007099999,2023-06-15,78.9166666,11.9333333,7.7,"NY ALESUND, SV",34.8,5,30.8,5,1018.3,5,17.3,5,999.9,0,10.2,5,12.0,16.9,36.9, ,32.4, ,0.0,I,5.5,0
1007099999,2023-06-16,78.9166666,11.9333333,7.7,"NY ALESUND, SV",37.6,5,30.7,5,1023.3,5,22.3,5,999.9,0,3.6,5,4.5,16.7,43.3, ,35.1, ,0.0,I,4.7,0
1007099999,2023-06-17,78.9166666,11.9333333,7.7,"NY ALESUND, SV",40.9,5,32.3,5,1018.0,5,17.0,5,999.9,0,4.7,5,8.5,14.2,43.5, ,37.8, ,0.0,I,3.5,0
1007099999,2023-06-18,78.9166666,11.9333333,7.7,"NY ALESUND, SV",40.7,5,38.7,5,1020.2,5,19.2,5,999.9,0,2.1,5,3.9,14.2,41.9,*,39.6, ,0.0,I,2.0,0
1007099999,2023-06-19,78.9166666,11.9333333,7.7,"NY ALESUND, SV",42.0,5,38.0,5,1021.5,5,20.5,5,999.9,0,5.2,5,11.5,17.1,44.1, ,39.7, ,0.0,I,999.9,0
1007099999,2023-06-20,78.9166666,11.9333333,7.7,"NY ALESUND, SV",43.9,5,39.1,5,1019.5,5,18.5,5,999.9,0,2.4,5,3.9,999.9,48.0, ,40.6, ,0.0,I,999.9,0
1007099999,2023-06-21,78.9166666,11.9333333,7.7,"NY ALESUND, SV",46.8,5,40.2,5,1014.8,5,13.9,5,999.9,0,3.9,5,5.1,999.9,51.8, ,42.4, ,0.0,I,999.9,0
1007099999,2023-06-22,78.9166666,11.9333333,7.7,"NY ALESUND, SV",43.4,5,40.5,5,1009.4,5,8.5,5,999.9,0,4.3,5,5.6,11.1,46.9, ,39.9, ,0.0,I,999.9,0
1007099999,2023-06-23,78.9166666,11.9333333,7.7,"NY ALESUND, SV",45.9,4,41.2,4,1008.0,4,7.1,4,999.9,0,3.8,4,8.4,15.3,49.5, ,44.1, ,0.0,I,999.9,0
1007099999,2023-06-26,78.9166666,11.9333333,7.7,"NY ALESUND, SV",40.8,5,34.7,5,1016.1,5,15.1,5,999.9,0,6.5,5,8.5,13.8,44.1, ,38.1, ,0.0,I,999.9,0
1007099999,2023-06-27,78.9166666,11.9333333,7.7,"NY ALESUND, SV",44.0,5,39.1,5,1011.2,5,10.2,5,999.9,0,3.7,5,5.6,17.7,48.0, ,40.6, ,0.0,I,999.9,0
1007099999,2023-06-28,78.9166666,11.9333333,7.7,"NY ALESUND, SV",42.9,5,39.8,5,1013.1,5,12.2,5,999.9,0,4.4,5,7.6,999.9,45.0, ,41.4,*,0.0,I,999.9,0
1007099999,2023-06-29,78.9166666,11.9333333,7.7,"NY ALESUND, SV",41.5,7,38.3,7,1018.5,7,17.5,7,999.9,0,4.4,7,6.4,999.9,43.0, ,39.6, ,0.0,I,999.9,0
1007099999,2023-06-30,78.9166666,11.9333333,7.7,"NY ALESUND, SV",41.2,4,38.9,4,1020.0,4,19.0,4,999.9,0,4.4,4,6.2,999.9,44.1, ,39.9, ,0.0,I,999.9,0
1007099999,2023-07-01,78.9166666,11.9333333,7.7,"NY ALESUND, SV",41.0,5,39.5,5,1022.3,5,21.3,5,999.9,0,2.5,5,3.9,999.9,42.6, ,39.7, ,0.0,I,999.9,0
1007099999,2023-07-02,78.9166666,11.9333333,7.7,"NY ALESUND, SV",41.0,5,39.3,5,1020.2,5,19.2,5,999.9,0,2.6,5,3.1,999.9,43.7, ,39.0, ,0.0,I,999.9,0
1007099999,2023-07-03,78.9166666,11.9333333,7.7,"NY ALESUND, SV",50.7,4,38.7,4,1020.5,4,19.6,4,999.9,0,4.5,4,8.4,10.3,53.8, ,42.3, ,0.0,I,999.9,0
1007099999,2023-07-04,78.9166666,11.9333333,7.7,"NY ALESUND, SV",50.1,5,36.0,5,1019.6,5,18.7,5,999.9,0,4.4,5,8.9,13.4,53.8, ,47.7, ,0.0,I,999.9,0
1007099999,2023-07-05,78.9166666,11.9333333,7.7,"NY ALESUND, SV",49.5,4,37.3,4,1019.2,4,18.3,4,999.9,0,3.5,4,6.2,11.1,54.3, ,45.5, ,0.0,I,999.9,0
1007099999,2023-07-06,78.9166666,11.9333333,7.7,"NY ALESUND, SV",48.6,5,39.6,5,1020.5,5,19.6,5,999.9,0,3.3,5,4.9,999.9,51.1, ,46.0, ,0.0,I,999.9,0
1007099999,2023-07-07,78.9166666,11.9333333,7.7,"NY ALESUND, SV",48.3,5,39.9,5,1023.2,5,22.2,5,999.9,0,4.0,5,9.3,12.6,50.4, ,45.9,*,0.0,I,999.9,0
1007099999,2023-07-08,78.9166666,11.9333333,7.7,"NY ALESUND, SV",46.7,5,38.1,5,1021.2,5,20.2,5,999.9,0,5.9,5,8.0,15.9,49.5, ,44.8, ,0.0,I,999.9,0
1007099999,2023-07-09,78.9166666,11.9333333,7.7,"NY ALESUND, SV",43.5,4,39.3,4,1021.5,4,20.5,4,999.9,0,6.3,4,11.8,16.7,47.1, ,41.4, ,0.0,I,999.9,0
1007099999,2023-07-10,78.9166666,11.9333333,7.7,"NY ALESUND, SV",43.1,4,37.0,4,1018.2,4,17.2,4,999.9,0,3.8,4,5.1,999.9,45.5, ,40.3, ,0.0,I,999.9,0
1007099999,2023-07-12,78.9166666,11.9333333,7.7,"NY ALESUND, SV",42.9,4,38.7,4,1015.8,4,14.8,4,999.9,0,2.5,4,3.1,999.9,46.2, ,40.8, ,0.0,I,999.9,0
1007099999,2023-07-14,78.9166666,11.9333333,7.7,"NY ALESUND, SV",48.6,4,38.0,4,1017.7,4,16.8,4,999.9,0,7.9,4,10.1,14.8,50.5, ,45.7, ,0.0,I,999.9,0
1007099999,2023-07-18,78.9166666,11.9333333,7.7,"NY ALESUND, SV",45.9,5,36.4,5,1012.6,5,11.6,5,999.9,0,7.7,5,14.8,17.5,49.3, ,42.4, ,0.0,I,999.9,0
1007099999,2023-07-19,78.9166666,11.9333333,7.7,"NY ALESUND, SV",46.4,5,36.8,5,1011.5,5,10.5,5,999.9,0,4.4,5,6.8,11.8,51.6, ,41.7, ,0.0,I,999.9,0
1007099999,2023-07-20,78.9166666,11.9333333,7.7,"NY ALESUND, SV",45.1,5,39.1,5,1012.3,5,11.4,5,999.9,0,3.8,5,5.2,12.0,49.6, ,42.6, ,0.0,I,999.9,0
1007099999,2023-07-21,78.9166666,11.9333333,7.7,"NY ALESUND, SV",45.2,5,40.3,5,1014.3,5,13.4,5,999.9,0,4.3,5,7.6,11.7,49.5, ,41.0, ,0.0,I,999.9,0
1007099999,2023-07-22,78.9166666,11.9333333,7.7,"NY ALESUND, SV",44.1,6,39.4,6,1017.8,6,16.8,6,999.9,0,3.2,6,6.4,999.9,47.5, ,42.1, ,0.0,I,999.9,0
1007099999,2023-07-23,78.9166666,11.9333333,7.7,"NY ALESUND, SV",44.8,5,39.5,5,1017.9,5,16.9,5,999.9,0,3.4,5,6.4,999.9,47.7, ,42.6, ,0.0,I,999.9,0
1007099999,2023-07-24,78.9166666,11.9333333,7.7,"NY ALESUND, SV",44.4,5,41.1,5,1015.3,5,14.3,5,999.9,0,2.7,5,4.9,999.9,45.7, ,43.0, ,0.0,I,999.9,0
1007099999,2023-07-25,78.9166666,11.9333333,7.7,"NY ALESUND, SV",44.1,5,39.8,5,1012.8,5,11.8,5,999.9,0,3.5,5,7.0,999.9,48.6, ,42.6, ,0.0,I,999.9,0
1007099999,2023-07-26,78.9166666,11.9333333,7.7,"NY ALESUND, SV",47.5,5,38.6,5,1011.7,5,10.8,5,999.9,0,6.4,5,9.7,17.5,49.8, ,45.5, ,0.0,I,999.9,0
1007099999,2023-07-27,78.9166666,11.9333333,7.7,"NY ALESUND, SV",44.6,5,40.1,5,1010.5,5,9.6,5,999.9,0,3.6,5,7.8,11.5,46.4, ,42.8, ,0.0,I,999.9,0
1007099999,2023-07-28,78.9166666,11.9333333,7.7,"NY ALESUND, SV",42.4,5,36.2,5,1010.0,5,9.1,5,999.9,0,8.0,5,13.4,17.3,45.3, ,39.6, ,0.0,I,999.9,0
1007099999,2023-07-29,78.9166666,11.9333333,7.7,"NY ALESUND, SV",40.5,6,33.7,6,1011.1,6,10.1,6,999.9,0,6.2,6,9.7,12.2,42.6, ,39.4, ,0.0,G,999.9,0
1007099999,2023-07-30,78.9166666,11.9333333,7.7,"NY ALESUND, SV",42.0,5,36.8,5,1010.9,5,9.9,5,999.9,0,5.6,5,8.7,25.6,45.5, ,40.1, ,0.0,I,999.9,0
1007099999,2023-07-31,78.9166666,11.9333333,7.7,"NY ALESUND, SV",43.3,5,38.8,5,1011.4,5,10.4,5,999.9,0,3.8,5,5.4,12.6,47.1, ,40.5, ,0.0,I,999.9,0
1007099999,2023-08-01,78.9166666,11.9333333,7.7,"NY ALESUND, SV",45.4,6,39.2,6,1014.0,6,13.1,6,999.9,0,5.4,6,11.8,19.8,47.8, ,42.4, ,0.0,I,999.9,0
1007099999,2023-08-02,78.9166666,11.9333333,7.7,"NY ALESUND, SV",43.8,6,38.4,6,1010.2,6,9.2,6,999.9,0,2.3,6,3.9,999.9,46.6, ,41.5, ,0.0,I,999.9,0
1007099999,2023-08-03,78.9166666,11.9333333,7.7,"NY ALESUND, SV",46.3,6,39.4,6,1011.8,6,10.8,6,999.9,0,3.8,6,7.8,18.6,51.1, ,41.0, ,0.0,I,999.9,0
1007099999,2023-08-04,78.9166666,11.9333333,7.7,"NY ALESUND, SV",48.2,5,45.8,5,1003.8,5,2.9,5,999.9,0,4.0,5,6.0,18.6,54.7, ,45.3, ,0.0,I,999.9,0
1007099999,2023-08-05,78.9166666,11.9333333,7.7,"NY ALESUND, SV",46.0,5,43.4,5,999.2,5,998.3,5,999.9,0,2.7,5,4.3,999.9,49.6, ,43.5, ,0.0,I,999.9,0
1007099999,2023-08-06,78.9166666,11.9333333,7.7,"NY ALESUND, SV",42.0,5,41.0,5,1000.3,5,999.4,5,999.9,0,3.8,5,5.8,999.9,45.9, ,39.9, ,0.0,I,999.9,0
1007099999,2023-08-07,78.9166666,11.9333333,7.7,"NY ALESUND, SV",41.7,4,39.7,4,1004.5,4,3.6,4,999.9,0,6.8,4,19.0,24.1,46.9, ,39.4, ,0.0,I,999.9,0
1007099999,2023-08-08,78.9166666,11.9333333,7.7,"NY ALESUND, SV",42.7,6,37.4,6,1016.0,6,15.0,6,999.9,0,7.6,6,14.4,19.2,46.6, ,39.9, ,0.0,I,999.9,0
1007099999,2023-08-09,78.9166666,11.9333333,7.7,"NY ALESUND, SV",47.0,6,36.1,6,1021.0,6,20.1,6,999.9,0,3.9,6,8.2,13.8,51.1, ,43.2, ,0.0,I,999.9,0
1007099999,2023-08-10,78.9166666,11.9333333,7.7,"NY ALESUND, SV",45.9,6,37.7,6,1022.9,6,21.9,6,999.9,0,3.8,6,7.8,13.6,54.0, ,41.5, ,0.0,I,999.9,0
1007099999,2023-08-11,78.9166666,11.9333333,7.7,"NY ALESUND, SV",44.3,6,40.2,6,1016.2,6,15.2,6,999.9,0,2.8,6,4.7,999.9,47.5, ,41.2, ,0.0,G,999.9,0
1007099999,2023-08-12,78.9166666,11.9333333,7.7,"NY ALESUND, SV",44.8,5,41.8,5,1008.0,5,7.1,5,999.9,0,3.6,5,6.4,999.9,47.3, ,42.8, ,0.0,I,999.9,0
1007099999,2023-08-13,78.9166666,11.9333333,7.7,"NY ALESUND, SV",44.4,6,40.7,6,1008.2,6,7.3,6,999.9,0,3.1,6,6.4,12.2,47.5, ,41.2, ,0.0,I,999.9,0
1007099999,2023-08-14,78.9166666,11.9333333,7.7,"NY ALESUND, SV",45.0,4,38.8,4,1012.6,4,11.7,4,999.9,0,4.3,4,8.4,13.4,48.0, ,41.7, ,0.0,I,999.9,0
1007099999,2023-08-15,78.9166666,11.9333333,7.7,"NY ALESUND, SV",46.8,6,40.2,6,1010.8,6,9.9,6,999.9,0,6.2,6,11.1,21.2,50.4, ,42.3,*,0.0,I,999.9,0
1007099999,2023-08-16,78.9166666,11.9333333,7.7,"NY ALESUND, SV",41.7,5,38.5,5,1012.3,5,11.3,5,999.9,0,5.2,5,10.3,16.3,44.1, ,41.0, ,0.0,I,999.9,0
1007099999,2023-08-17,78.9166666,11.9333333,7.7,"NY ALESUND, SV",41.9,4,37.9,4,1014.6,4,13.7,4,999.9,0,3.5,4,5.1,18.1,45.0, ,39.0, ,0.0,I,999.9,0
1007099999,2023-08-18,78.9166666,11.9333333,7.7,"NY ALESUND, SV",41.8,5,38.7,5,1018.7,5,17.7,5,999.9,0,5.7,5,8.9,13.2,43.3, ,40.1, ,0.0,I,999.9,0
1007099999,2023-08-20,78.9166666,11.9333333,7.7,"NY ALESUND, SV",39.6,4,35.5,4,1026.1,4,25.1,4,999.9,0,4.7,4,6.2,999.9,40.6, ,37.9, ,0.0,I,999.9,0
1007099999,2023-08-23,78.9166666,11.9333333,7.7,"NY ALESUND, SV",41.1,5,36.5,5,1017.9,5,16.9,5,999.9,0,3.9,5,7.2,11.8,44.1, ,36.1, ,0.0,I,999.9,0
1007099999,2023-08-24,78.9166666,11.9333333,7.7,"NY ALESUND, SV",41.7,4,37.3,4,1017.4,4,16.4,4,999.9,0,2.5,4,3.3,999.9,43.0, ,40.5,*,0.0,I,999.9,0
1007099999,2023-08-25,78.9166666,11.9333333,7.7,"NY ALESUND, SV",44.5,4,38.0,4,1012.7,4,11.8,4,999.9,0,4.1,4,5.8,11.3,49.8, ,39.2, ,0.0,I,999.9,0
1007099999,2023-08-26,78.9166666,11.9333333,7.7,"NY ALESUND, SV",44.3,4,40.3,4,1005.5,4,4.7,4,999.9,0,3.9,4,5.6,20.4,46.9, ,41.7, ,0.0,I,999.9,0
1007099999,2023-08-27,78.9166666,11.9333333,7.7,"NY ALESUND, SV",42.8,4,39.6,4,1009.0,4,8.1,4,999.9,0,2.3,4,2.7,9.7,44.6, ,41.9, ,0.0,I,999.9,0
1007099999,2023-08-28,78.9166666,11.9333333,7.7,"NY ALESUND, SV",41.5,4,38.9,4,1012.6,4,11.6,4,999.9,0,2.8,4,3.7,999.9,43.2, ,38.8, ,0.0,I,999.9,0
1007099999,2023-08-29,78.9166666,11.9333333,7.7,"NY ALESUND, SV",40.9,4,38.3,4,1007.2,4,6.2,4,999.9,0,2.7,4,3.3,999.9,43.9, ,38.8, ,0.0,I,999.9,0
1007099999,2023-08-30,78.9166666,11.9333333,7.7,"NY ALESUND, SV",41.3,4,38.2,4,1003.6,4,2.6,4,999.9,0,2.0,4,2.7,999.9,43.7, ,40.3, ,0.0,I,999.9,0
1007099999,2023-08-31,78.9166666,11.9333333,7.7,"NY ALESUND, SV",40.7,5,39.0,5,1007.9,5,6.9,5,999.9,0,2.3,5,4.3,10.5,43.0, ,38.3, ,0.0,I,999.9,0
1007099999,2023-09-01,78.9166666,11.9333333,7.7,"NY ALESUND, SV",40.9,5,33.5,5,1016.8,5,15.8,5,999.9,0,8.0,5,11.5,15.2,43.3, ,37.9, ,0.0,I,999.9,0
1007099999,2023-09-02,78.9166666,11.9333333,7.7,"NY ALESUND, SV",42.8,5,36.3,5,1018.2,5,17.2,5,999.9,0,8.9,5,11.1,19.4,44.4, ,41.9, ,0.0,I,999.9,0
1007099999,2023-09-03,78.9166666,11.9333333,7.7,"NY ALESUND, SV",40.4,5,34.3,5,1009.8,5,8.9,5,999.9,0,5.1,5,11.7,17.5,42.6, ,37.8,*,0.0,I,999.9,0
1007099999,2023-09-04,78.9166666,11.9333333,7.7,"NY ALESUND, SV",42.0,5,38.0,5,995.7,5,994.8,5,999.9,0,3.2,5,6.4,9.9,46.0, ,38.1, ,0.0,I,999.9,0
1007099999,2023-09-05,78.9166666,11.9333333,7.7,"NY ALESUND, SV",39.9,7,38.8,7,985.2,7,984.3,7,999.9,0,3.3,7,6.8,999.9,43.9, ,38.5, ,0.21,G,999.9,10000
1007099999,2023-09-06,78.9166666,11.9333333,7.7,"NY ALESUND, SV",36.0,5,34.2,5,992.4,5,991.5,5,999.9,0,5.0,5,10.5,17.3,39.4, ,33.8, ,0.0,G,999.9,0
1007099999,2023-09-07,78.9166666,11.9333333,7.7,"NY ALESUND, SV",35.9,5,32.5,5,999.8,5,998.8,5,999.9,0,3.3,5,5.8,10.9,38.5, ,33.3, ,0.0,I,999.9,0
1007099999,2023-09-08,78.9166666,11.9333333,7.7,"NY ALESUND, SV",39.9,5,36.9,5,991.1,5,990.2,5,999.9,0,2.6,5,3.7,10.9,42.3, ,38.5, ,0.0,I,999.9,0
1007099999,2023-09-09,78.9166666,11.9333333,7.7,"NY ALESUND, SV",37.4,5,34.5,5,987.0,5,986.1,5,999.9,0,12.0,5,17.5,27.8,41.0, ,33.8, ,0.0,I,999.9,0
1007099999,2023-09-10,78.9166666,11.9333333,7.7,"NY ALESUND, SV",33.1,5,30.5,5,991.6,5,990.7,5,999.9,0,6.2,5,8.2,14.2,34.7, ,31.6, ,0.0,I,999.9,0
1007099999,2023-09-11,78.9166666,11.9333333,7.7,"NY ALESUND, SV",33.9,5,27.5,5,992.7,5,991.8,5,999.9,0,4.6,5,10.1,14.6,36.3, ,31.5, ,0.0,I,999.9,0
1007099999,2023-09-12,78.9166666,11.9333333,7.7,"NY ALESUND, SV",34.1,5,27.8,5,1002.5,5,1.5,5,999.9,0,4.0,5,8.2,11.8,35.6,*,31.8, ,0.0,I,999.9,0
1007099999,2023-09-13,78.9166666,11.9333333,7.7,"NY ALESUND, SV",33.6,6,29.7,6,1005.4,6,4.4,6,999.9,0,11.2,6,20.0,31.1,34.7, ,32.4, ,99.99, ,999.9,1000
1007099999,2023-09-14,78.9166666,11.9333333,7.7,"NY ALESUND, SV",33.2,6,30.6,6,1007.6,6,6.6,6,999.9,0,11.7,6,14.0,31.7,34.3, ,32.4, ,0.0,I,999.9,0
1007099999,2023-09-15,78.9166666,11.9333333,7.7,"NY ALESUND, SV",32.5,5,30.1,5,1007.7,5,6.7,5,999.9,0,9.1,4,12.8,16.7,33.8, ,30.9, ,0.0,I,999.9,0
1007099999,2023-09-16,78.9166666,11.9333333,7.7,"NY ALESUND, SV",27.2,5,20.9,5,1008.7,5,7.7,5,999.9,0,3.8,5,8.4,12.6,31.3, ,22.6, ,0.0,I,999.9,0
1007099999,2023-09-17,78.9166666,11.9333333,7.7,"NY ALESUND, SV",24.5,5,18.4,5,1012.1,5,11.1,5,999.9,0,3.3,5,5.1,999.9,26.8, ,21.2, ,0.0,I,999.9,0
1007099999,2023-09-18,78.9166666,11.9333333,7.7,"NY ALESUND, SV",24.8,5,15.8,5,1016.6,5,15.6,5,999.9,0,3.7,5,5.4,10.5,26.8, ,20.1, ,0.0,I,999.9,0
1007099999,2023-09-20,78.9166666,11.9333333,7.7,"NY ALESUND, SV",24.8,4,18.1,4,1014.3,4,13.3,4,999.9,0,2.4,4,2.7,999.9,26.6, ,22.1, ,0.0,I,999.9,0
1007099999,2023-09-21,78.9166666,11.9333333,7.7,"NY ALESUND, SV",26.8,5,23.8,5,1013.1,5,12.1,5,999.9,0,1.7,5,3.5,999.9,28.4, ,25.3, ,0.0,I,3.1,0
1007099999,2023-09-22,78.9166666,11.9333333,7.7,"NY ALESUND, SV",24.7,5,21.5,5,1013.3,5,12.3,5,999.9,0,2.1,5,3.3,999.9,27.5, ,18.5, ,0.0,I,4.7,0
1007099999,2023-09-23,78.9166666,11.9333333,7.7,"NY ALESUND, SV",21.5,5,15.1,5,1012.2,5,11.2,5,999.9,0,3.3,5,6.2,999.9,25.0, ,16.5, ,0.0,I,4.7,0
1007099999,2023-09-24,78.9166666,11.9333333,7.7,"NY ALESUND, SV",23.5,5,16.5,5,1009.7,5,8.7,5,999.9,0,2.2,5,4.1,999.9,26.2,*,18.5, ,0.0,I,4.3,0
1007099999,2023-09-25,78.9166666,11.9333333,7.7,"NY ALESUND, SV",24.5,5,19.6,5,1013.2,5,12.2,5,999.9,0,2.1,5,3.1,999.9,26.2, ,20.7, ,0.0,I,4.3,0
1007099999,2023-09-26,78.9166666,11.9333333,7.7,"NY ALESUND, SV",21.2,5,15.9,5,1018.6,5,17.6,5,999.9,0,3.3,5,4.7,11.3,25.5, ,16.9, ,0.0,I,5.1,0
1007099999,2023-09-27,78.9166666,11.9333333,7.7,"NY ALESUND, SV",19.3,5,14.3,5,1020.5,5,19.5,5,999.9,0,3.7,5,6.4,10.9,21.7,*,14.4, ,0.0,I,4.7,0
1007099999,2023-09-28,78.9166666,11.9333333,7.7,"NY ALESUND, SV",24.3,4,15.7,4,1017.2,4,16.2,4,999.9,0,7.5,4,18.5,24.7,32.4, ,17.1, ,0.0,I,4.7,0
1007099999,2023-09-29,78.9166666,11.9333333,7.7,"NY ALESUND, SV",32.1,5,22.1,5,1006.9,5,5.9,5,999.9,0,12.3,5,18.5,22.9,33.4, ,26.8, ,0.0,I,5.5,0
1007099999,2023-09-30,78.9166666,11.9333333,7.7,"NY ALESUND, SV",26.9,6,17.3,6,1008.4,6,7.4,6,999.9,0,11.2,6,19.2,24.7,32.0, ,23.4, ,0.0,I,4.3,0
1007099999,2023-10-01,78.9166666,11.9333333,7.7,"NY ALESUND, SV",25.0,5,18.4,5,1008.3,5,7.3,5,999.9,0,16.6,5,22.9,31.5,26.8, ,23.5, ,0.0,I,4.3,0
1007099999,2023-10-02,78.9166666,11.9333333,7.7,"NY ALESUND, SV",25.8,6,20.0,6,1006.6,6,5.6,6,999.9,0,18.0,6,23.3,29.9,27.5,*,23.0, ,99.99, ,3.9,1000
1007099999,2023-10-03,78.9166666,11.9333333,7.7,"NY ALESUND, SV",25.6,6,18.5,6,998.1,6,997.1,6,999.9,0,15.0,6,22.1,31.5,28.2, ,23.9, ,0.0,I,3.1,0
1007099999,2023-10-04,78.9166666,11.9333333,7.7,"NY ALESUND, SV",28.1,5,20.5,5,996.3,5,995.3,5,999.9,0,13.2,5,16.3,24.5,29.3, ,27.5, ,0.0,I,3.1,0
1007099999,2023-10-06,78.9166666,11.9333333,7.7,"NY ALESUND, SV",27.0,5,18.3,5,1006.7,5,5.7,5,999.9,0,7.0,5,13.8,23.9,33.3, ,23.9, ,0.0,I,2.8,0
1007099999,2023-10-07,78.9166666,11.9333333,7.7,"NY ALESUND, SV",27.2,4,17.2,4,1012.2,4,11.2,4,999.9,0,10.1,4,16.1,21.2,30.9, ,23.4, ,0.0,I,2.8,0
1007099999,2023-10-08,78.9166666,11.9333333,7.7,"NY ALESUND, SV",23.7,5,15.3,5,1018.5,5,17.5,5,999.9,0,7.1,5,14.8,20.6,26.6, ,19.6, ,0.0,I,2.8,0
1007099999,2023-10-09,78.9166666,11.9333333,7.7,"NY ALESUND, SV",25.4,6,20.4,6,1017.6,6,16.6,6,999.9,0,4.0,6,6.2,10.9,28.4, ,20.8, ,0.0,I,3.9,0
1007099999,2023-10-10,78.9166666,11.9333333,7.7,"NY ALESUND, SV",22.4,5,13.1,5,1019.1,5,18.1,5,999.9,0,2.8,5,3.3,999.9,23.9, ,18.7, ,0.0,I,2.8,0
1007099999,2023-10-11,78.9166666,11.9333333,7.7,"NY ALESUND, SV",23.4,5,13.6,5,1013.6,5,12.6,5,999.9,0,6.4,5,17.3,23.9,27.1, ,18.9, ,0.0,I,2.8,0
1007099999,2023-10-12,78.9166666,11.9333333,7.7,"NY ALESUND, SV",24.9,5,13.7,5,1010.0,5,9.0,5,999.9,0,16.2,5,18.5,23.3,26.6, ,20.8, ,0.0,I,2.4,0
1007099999,2023-10-15,78.9166666,11.9333333,7.7,"NY ALESUND, SV",31.2,5,20.3,5,1012.3,5,11.3,5,999.9,0,16.0,5,18.1,22.7,34.2, ,27.7, ,3.54,G,999.9,0
1007099999,2023-10-17,78.9166666,11.9333333,7.7,"NY ALESUND, SV",25.6,4,11.6,4,1020.8,4,19.8,4,999.9,0,7.8,4,13.2,17.3,28.2, ,20.5, ,0.0,I,2.4,0
1007099999,2023-10-18,78.9166666,11.9333333,7.7,"NY ALESUND, SV",29.7,7,22.4,7,1018.7,7,17.7,7,999.9,0,10.9,7,23.3,33.6,36.7, ,23.0, ,0.01,E,2.4,1000
1007099999,2023-10-19,78.9166666,11.9333333,7.7,"NY ALESUND, SV",30.4,8,24.8,8,1001.4,8,0.4,8,999.9,0,18.8,8,23.3,44.7,37.9, ,18.7, ,1.16,G,1.2,10000
1007099999,2023-10-20,78.9166666,11.9333333,7.7,"NY ALESUND, SV",19.9,8,14.9,8,1008.4,8,7.4,8,999.9,0,21.0,8,29.1,43.1,22.1, ,17.2, ,0.61,G,2.4,1000
1007099999,2023-10-21,78.9166666,11.9333333,7.7,"NY ALESUND, SV",17.4,8,8.8,8,1019.1,8,18.1,8,999.9,0,5.3,8,8.7,14.4,22.1, ,15.1, ,0.0,G,2.4,0
1007099999,2023-10-22,78.9166666,11.9333333,7.7,"NY ALESUND, SV",16.5,8,6.5,8,1018.8,8,17.8,8,999.9,0,3.6,8,6.2,999.9,18.5, ,12.9, ,0.0,G,2.4,0
1007099999,2023-10-23,78.9166666,11.9333333,7.7,"NY ALESUND, SV",22.1,8,12.1,8,1021.1,8,20.1,8,999.9,0,6.7,8,11.5,15.0,28.8, ,16.0, ,0.0,G,2.0,0
1007099999,2023-10-24,78.9166666,11.9333333,7.7,"NY ALESUND, SV",27.9,8,23.0,8,1021.2,8,20.2,8,999.9,0,4.9,8,10.7,17.3,29.5, ,25.9, ,0.05,G,2.4,0
1007099999,2023-10-25,78.9166666,11.9333333,7.7,"NY ALESUND, SV",29.2,8,23.8,8,1017.8,8,16.8,8,999.9,0,5.3,8,9.7,999.9,33.6, ,22.8, ,0.0,G,2.4,0
1007099999,2023-10-26,78.9166666,11.9333333,7.7,"NY ALESUND, SV",27.8,9,20.7,9,1012.8,9,11.8,9,999.9,0,4.7,9,9.1,12.6,30.7, ,22.8, ,0.0,G,2.4,0
1007099999,2023-10-27,78.9166666,11.9333333,7.7,"NY ALESUND, SV",28.0,8,24.0,8,1011.6,8,10.6,8,999.9,0,3.7,8,7.0,12.0,30.0, ,26.6, ,0.02,G,2.8,1000
1007099999,2023-10-28,78.9166666,11.9333333,7.7,"NY ALESUND, SV",27.6,8,23.7,8,1012.5,8,11.5,8,999.9,0,1.6,8,3.9,999.9,29.5, ,23.4, ,0.01,G,2.8,0
1007099999,2023-10-29,78.9166666,11.9333333,7.7,"NY ALESUND, SV",27.7,8,23.4,8,1013.6,8,12.6,8,999.9,0,3.9,8,7.2,13.2,30.2, ,24.1, ,3.54,G,2.8,0
1007099999,2023-10-30,78.9166666,11.9333333,7.7,"NY ALESUND, SV",32.0,8,25.6,8,1008.9,8,7.9,8,999.9,0,5.1,8,9.7,18.8,34.2, ,27.1, ,0.01,G,2.8,1000
1007099999,2023-10-31,78.9166666,11.9333333,7.7,"NY ALESUND, SV",24.5,8,16.2,8,1005.5,8,4.5,8,999.9,0,8.1,8,11.3,19.6,34.0, ,16.2, ,0.09,G,3.1,0
1007099999,2023-11-01,78.9166666,11.9333333,7.7,"NY ALESUND, SV",14.4,8,2.7,8,1015.7,8,14.7,8,999.9,0,6.2,8,9.3,15.0,22.1, ,9.9, ,0.0,G,3.1,0
1007099999,2023-11-02,78.9166666,11.9333333,7.7,"NY ALESUND, SV",17.4,8,4.7,8,1015.8,8,14.8,8,999.9,0,4.9,8,9.7,999.9,22.3, ,9.9, ,0.0,G,3.1,0
1007099999,2023-11-03,78.9166666,11.9333333,7.7,"NY ALESUND, SV",21.8,8,15.1,8,1013.7,8,12.7,8,999.9,0,4.3,8,7.8,10.7,23.5, ,18.7, ,0.02,G,3.1,0
1007099999,2023-11-04,78.9166666,11.9333333,7.7,"NY ALESUND, SV",16.4,8,6.0,8,1013.6,8,12.6,8,999.9,0,12.9,8,17.5,22.1,22.8, ,13.8, ,0.0,G,3.1,0
1007099999,2023-11-05,78.9166666,11.9333333,7.7,"NY ALESUND, SV",10.3,9,-1.6,9,1014.4,9,13.4,9,999.9,0,8.6,9,13.6,18.5,14.7, ,5.7, ,0.0,G,3.1,0
1007099999,2023-11-06,78.9166666,11.9333333,7.7,"NY ALESUND, SV",11.3,7,0.6,7,1013.7,7,12.7,7,999.9,0,3.6,7,8.4,15.5,13.5, ,5.7, ,0.0,G,3.1,0
1007099999,2023-11-07,78.9166666,11.9333333,7.7,"NY ALESUND, SV",11.2,8,3.0,8,1015.6,8,14.6,8,999.9,0,4.0,8,9.3,11.1,19.0, ,5.4, ,0.0,G,3.1,0
1007099999,2023-11-08,78.9166666,11.9333333,7.7,"NY ALESUND, SV",22.2,8,16.9,8,1009.1,8,8.1,8,999.9,0,6.6,8,13.4,18.1,25.3, ,15.4, ,0.09,G,4.7,1000
1007099999,2023-11-09,78.9166666,11.9333333,7.7,"NY ALESUND, SV",24.2,8,17.2,8,1002.7,8,1.7,8,999.9,0,11.0,8,15.7,21.4,28.0, ,19.4, ,0.03,G,7.1,0
1007099999,2023-11-10,78.9166666,11.9333333,7.7,"NY ALESUND, SV",13.6,7,2.6,7,1013.1,7,12.1,7,999.9,0,8.8,7,13.6,19.2,23.2, ,9.1, ,0.03,G,6.3,0
1007099999,2023-11-11,78.9166666,11.9333333,7.7,"NY ALESUND, SV",17.1,8,9.8,8,1015.1,8,14.1,8,999.9,0,9.1,8,23.3,999.9,24.8, ,3.6, ,0.0,G,2.8,1000
1007099999,2023-11-12,78.9166666,11.9333333,7.7,"NY ALESUND, SV",17.7,8,13.9,8,1009.0,8,8.0,8,999.9,0,8.6,8,13.4,20.0,24.8, ,15.1, ,0.17,G,7.9,1000
1007099999,2023-11-13,78.9166666,11.9333333,7.7,"NY ALESUND, SV",11.1,8,1.0,8,1012.1,8,11.1,8,999.9,0,5.8,8,12.0,17.5,19.8, ,6.3, ,0.1,G,6.3,0
1007099999,2023-11-14,78.9166666,11.9333333,7.7,"NY ALESUND, SV",7.5,7,-2.3,7,1015.1,7,14.1,7,999.9,0,13.4,7,19.4,19.6,11.3, ,4.6, ,0.0,G,6.7,0
1007099999,2023-11-15,78.9166666,11.9333333,7.7,"NY ALESUND, SV",3.4,8,-3.6,8,1018.4,8,17.4,8,999.9,0,3.8,8,7.2,21.4,5.9, ,-2.6, ,0.0,E,5.9,0
1007099999,2023-11-16,78.9166666,11.9333333,7.7,"NY ALESUND, SV",10.0,8,-0.4,8,1007.5,8,6.5,8,999.9,0,7.6,8,11.7,16.3,13.6, ,3.4, ,0.0,E,5.9,0
1007099999,2023-11-17,78.9166666,11.9333333,7.7,"NY ALESUND, SV",11.1,9,3.8,9,1010.8,9,9.8,9,999.9,0,8.2,9,11.7,18.5,15.1, ,2.3, ,0.0,E,5.9,1000
1007099999,2023-11-18,78.9166666,11.9333333,7.7,"NY ALESUND, SV",5.6,8,-4.9,8,1015.5,8,14.5,8,999.9,0,7.8,8,13.4,16.5,11.5, ,0.9, ,0.0,I,5.9,0
1007099999,2023-11-19,78.9166666,11.9333333,7.7,"NY ALESUND, SV",14.3,8,7.9,8,1011.4,8,10.4,8,999.9,0,8.1,8,13.6,20.4,23.2, ,3.2, ,0.0,F,7.1,1000
1007099999,2023-11-20,78.9166666,11.9333333,7.7,"NY ALESUND, SV",27.5,8,21.9,8,1003.7,8,2.7,8,999.9,0,5.5,8,6.6,17.7,30.2, ,22.1, ,0.23,G,999.9,1000
1007099999,2023-11-21,78.9166666,11.9333333,7.7,"NY ALESUND, SV",32.0,8,26.6,8,993.3,8,992.3,8,999.9,0,11.8,8,19.4,29.5,35.1, ,28.2, ,0.07,G,11.8,11000
1007099999,2023-11-22,78.9166666,11.9333333,7.7,"NY ALESUND, SV",36.1,9,29.5,9,977.7,9,976.8,9,999.9,0,27.3,9,36.5,52.6,38.7, ,31.3, ,0.84,G,6.7,10000
1007099999,2023-11-23,78.9166666,11.9333333,7.7,"NY ALESUND, SV",30.5,8,21.3,8,995.6,8,994.6,8,999.9,0,19.6,8,31.7,49.5,35.6, ,22.6, ,0.05,G,6.3,0
1007099999,2023-11-24,78.9166666,11.9333333,7.7,"NY ALESUND, SV",21.4,8,17.0,8,1011.3,8,10.3,8,999.9,0,6.9,8,11.7,15.3,26.8, ,19.4, ,0.01,G,6.7,1000
1007099999,2023-11-25,78.9166666,11.9333333,7.7,"NY ALESUND, SV",20.2,8,13.5,8,1014.8,8,13.8,8,999.9,0,5.3,8,10.7,16.1,25.7,*,15.1, ,0.02,G,6.7,0
1007099999,2023-11-26,78.9166666,11.9333333,7.7,"NY ALESUND, SV",31.8,8,22.4,8,1014.5,8,13.5,8,999.9,0,5.4,8,11.5,26.6,35.6, ,22.1, ,0.0,G,6.3,1000
1007099999,2023-11-27,78.9166666,11.9333333,7.7,"NY ALESUND, SV",37.4,8,29.2,8,1014.2,8,13.2,8,999.9,0,8.9,8,12.2,24.5,39.6, ,34.0, ,0.02,G,6.3,10000
1007099999,2023-11-28,78.9166666,11.9333333,7.7,"NY ALESUND, SV",37.9,8,30.8,8,1020.5,8,19.5,8,999.9,0,7.4,8,13.2,28.0,39.2, ,36.1, ,0.02,G,5.5,10000
1007099999,2023-11-29,78.9166666,11.9333333,7.7,"NY ALESUND, SV",33.0,8,29.1,8,1029.9,8,28.9,8,999.9,0,4.5,8,6.6,11.1,37.4, ,30.4, ,0.0,G,6.3,10000
1007099999,2023-11-30,78.9166666,11.9333333,7.7,"NY ALESUND, SV",26.7,8,22.1,8,1030.7,8,29.7,8,999.9,0,8.8,8,16.1,19.4,31.8, ,24.3, ,0.06,G,6.3,0
1007099999,2023-12-01,78.9166666,11.9333333,7.7,"NY ALESUND, SV",17.8,8,8.7,8,1031.1,8,30.1,8,999.9,0,13.4,8,15.5,22.7,25.2, ,11.8, ,0.0,G,5.5,0
1007099999,2023-12-02,78.9166666,11.9333333,7.7,"NY ALESUND, SV",17.3,8,8.2,8,1033.3,8,32.3,8,999.9,0,4.0,8,5.4,14.4,21.2, ,10.9, ,0.0,I,5.5,0
1007099999,2023-12-03,78.9166666,11.9333333,7.7,"NY ALESUND, SV",19.5,8,11.7,8,1029.4,8,28.4,8,999.9,0,9.1,8,17.7,23.9,24.6, ,14.9, ,0.0,G,5.5,0
1007099999,2023-12-04,78.9166666,11.9333333,7.7,"NY ALESUND, SV",18.3,8,6.2,8,1031.3,8,30.3,8,999.9,0,15.7,8,22.1,26.2,25.3, ,12.7, ,0.0,G,5.5,0
1007099999,2023-12-05,78.9166666,11.9333333,7.7,"NY ALESUND, SV",23.8,14,13.3,14,1037.3,14,36.3,14,999.9,0,15.7,14,20.2,27.6,27.1, ,18.9, ,0.0,I,5.5,0
1007099999,2023-12-06,78.9166666,11.9333333,7.7,"NY ALESUND, SV",23.6,8,13.0,8,1036.2,8,35.2,8,999.9,0,13.5,8,23.3,30.1,27.1, ,15.4, ,0.0,G,5.5,0
1007099999,2023-12-07,78.9166666,11.9333333,7.7,"NY ALESUND, SV",24.5,8,15.3,8,1026.8,8,25.8,8,999.9,0,16.4,8,23.5,34.0,28.6, ,19.0, ,0.0,G,5.5,0
1007099999,2023-12-08,78.9166666,11.9333333,7.7,"NY ALESUND, SV",30.7,8,23.9,8,1010.3,8,9.3,8,999.9,0,17.9,8,29.1,36.7,33.8, ,27.0, ,0.0,G,6.7,1000
1007099999,2023-12-09,78.9166666,11.9333333,7.7,"NY ALESUND, SV",24.8,8,19.7,8,1004.8,8,3.8,8,999.9,0,6.6,8,11.7,16.3,32.4, ,20.5, ,0.06,G,8.3,1000
1007099999,2023-12-10,78.9166666,11.9333333,7.7,"NY ALESUND, SV",20.0,8,13.1,8,999.7,8,998.7,8,999.9,0,4.7,8,9.7,18.1,22.1, ,16.2, ,0.23,G,8.7,1000
1007099999,2023-12-11,78.9166666,11.9333333,7.7,"NY ALESUND, SV",21.6,8,14.0,8,998.0,8,997.0,8,999.9,0,13.3,8,19.4,23.7,26.1, ,15.4, ,0.35,G,7.5,0
1007099999,2023-12-12,78.9166666,11.9333333,7.7,"NY ALESUND, SV",15.9,8,6.7,8,1004.3,8,3.3,8,999.9,0,7.1,8,13.2,22.3,19.8, ,12.9, ,0.0,G,7.1,0
1007099999,2023-12-13,78.9166666,11.9333333,7.7,"NY ALESUND, SV",27.0,8,22.9,8,995.0,8,994.0,8,999.9,0,18.6,8,33.6,41.6,34.2, ,15.6, ,0.02,G,13.4,1000
1007099999,2023-12-14,78.9166666,11.9333333,7.7,"NY ALESUND, SV",30.6,8,27.0,8,1000.7,8,999.7,8,999.9,0,4.9,8,7.8,18.3,33.6, ,27.1, ,0.5,G,16.9,1000
1007099999,2023-12-15,78.9166666,11.9333333,7.7,"NY ALESUND, SV",33.3,8,26.8,8,1003.5,8,2.5,8,999.9,0,16.7,8,23.3,30.7,36.7, ,26.2, ,0.11,G,14.2,0
1007099999,2023-12-16,78.9166666,11.9333333,7.7,"NY ALESUND, SV",29.6,7,21.1,7,990.9,7,989.9,7,999.9,0,14.5,7,21.4,28.6,32.2, ,26.1, ,0.0,G,13.8,0
1007099999,2023-12-17,78.9166666,11.9333333,7.7,"NY ALESUND, SV",27.4,8,17.0,8,982.0,8,981.1,8,999.9,0,10.5,8,12.6,17.1,30.6, ,23.5, ,0.0,G,13.4,0
1007099999,2023-12-18,78.9166666,11.9333333,7.7,"NY ALESUND, SV",28.9,8,20.9,8,984.6,8,983.7,8,999.9,0,8.7,8,17.5,19.8,33.1, ,24.3, ,0.0,G,13.0,0
1007099999,2023-12-19,78.9166666,11.9333333,7.7,"NY ALESUND, SV",22.4,8,12.2,8,987.3,8,986.3,8,999.9,0,7.9,8,13.4,17.7,27.5, ,19.9, ,0.0,G,13.0,0
1007099999,2023-12-20,78.9166666,11.9333333,7.7,"NY ALESUND, SV",19.2,8,7.3,8,989.9,8,988.9,8,999.9,0,14.2,8,17.5,21.0,23.4, ,14.5, ,0.0,G,13.0,0
1007099999,2023-12-21,78.9166666,11.9333333,7.7,"NY ALESUND, SV",14.0,8,2.1,8,995.0,8,994.0,8,999.9,0,11.3,8,15.5,18.1,20.1, ,8.8, ,0.0,G,12.6,0
1007099999,2023-12-22,78.9166666,11.9333333,7.7,"NY ALESUND, SV",8.7,8,-1.9,8,1005.6,8,4.6,8,999.9,0,10.6,8,17.5,22.9,14.4, ,3.4, ,0.0,G,12.6,0
1007099999,2023-12-23,78.9166666,11.9333333,7.7,"NY ALESUND, SV",1.8,8,-8.0,8,1014.7,8,13.7,8,999.9,0,5.2,8,8.7,13.8,5.0, ,-1.3, ,0.0,G,12.6,0
1007099999,2023-12-24,78.9166666,11.9333333,7.7,"NY ALESUND, SV",3.2,8,-9.0,8,1019.7,8,18.7,8,999.9,0,6.2,8,8.2,13.4,4.6, ,-0.0, ,0.0,G,12.6,0
1007099999,2023-12-25,78.9166666,11.9333333,7.7,"NY ALESUND, SV",5.6,8,-5.9,8,1015.6,8,14.6,8,999.9,0,14.2,8,18.3,24.9,12.6, ,1.2, ,0.0,G,12.6,0
1007099999,2023-12-26,78.9166666,11.9333333,7.7,"NY ALESUND, SV",22.5,8,12.1,8,1006.5,8,5.5,8,999.9,0,18.8,8,20.4,26.2,26.4, ,6.3, ,0.0,E,12.6,0
1007099999,2023-12-27,78.9166666,11.9333333,7.7,"NY ALESUND, SV",24.4,8,15.8,8,1006.8,8,5.8,8,999.9,0,8.5,8,17.7,23.5,26.4, ,20.8, ,0.0,G,12.6,0
1007099999,2023-12-28,78.9166666,11.9333333,7.7,"NY ALESUND, SV",24.6,8,18.1,8,1004.6,8,3.6,8,999.9,0,2.4,8,6.0,999.9,27.0, ,18.3, ,0.0,G,12.6,0
1007099999,2023-12-29,78.9166666,11.9333333,7.7,"NY ALESUND, SV",28.0,8,21.4,8,1002.7,8,1.7,8,999.9,0,6.8,8,12.8,18.3,30.7, ,23.9, ,0.0,G,12.6,1000
1007099999,2023-12-30,78.9166666,11.9333333,7.7,"NY ALESUND, SV",32.3,8,25.0,8,1012.3,8,11.3,8,999.9,0,15.5,8,17.7,23.5,34.5, ,27.0, ,0.0,G,12.6,0
1007099999,2023-12-31,78.9166666,11.9333333,7.7,"NY ALESUND, SV",31.6,8,24.6,8,1011.5,8,10.5,8,999.9,0,18.3,8,23.7,33.2,33.3, ,29.3, ,0.0,G,12.2,0
1008099999,2023-01-01,78.246111,15.465556,26.82,"LONGYEAR, SV",33.2,24,26.7,24,9999.9,0,999.9,0,5.6,24,21.4,24,28.9,41.0,37.4,*,29.7, ,99.99, ,999.9,1000
1008099999,2023-01-02,78.246111,15.465556,26.82,"LONGYEAR, SV",31.7,24,24.0,24,9999.9,0,999.9,0,6.2,24,22.0,24,26.0,36.9,34.0, ,29.3, ,99.99, ,999.9,1000
1008099999,2023-01-03,78.246111,15.465556,26.82,"LONGYEAR, SV",31.0,24,22.0,24,9999.9,0,999.9,0,6.2,24,13.8,24,24.1,31.1,33.4, ,27.9, ,99.99, ,999.9,1000
1008099999,2023-01-04,78.246111,15.465556,26.82,"LONGYEAR, SV",29.2,24,22.9,24,9999.9,0,999.9,0,6.0,24,6.8,24,15.0,18.8,32.0,*,25.9, ,99.99, ,999.9,11000
1008099999,2023-01-05,78.246111,15.465556,26.82,"LONGYEAR, SV",32.8,24,27.5,24,9999.9,0,999.9,0,6.1,24,8.1,24,15.9,24.5,36.9, ,28.2, ,99.99, ,999.9,11000
1008099999,2023-01-06,78.246111,15.465556,26.82,"LONGYEAR, SV",28.4,24,23.4,24,9999.9,0,999.9,0,5.8,24,7.0,24,13.0,19.6,33.8,*,22.6, ,99.99, ,999.9,1000
1008099999,2023-01-07,78.246111,15.465556,26.82,"LONGYEAR, SV",24.6,24,17.4,24,9999.9,0,999.9,0,6.2,24,8.4,24,14.0,15.3,30.2,*,16.7, ,0.0,I,999.9,0
1008099999,2023-01-08,78.246111,15.465556,26.82,"LONGYEAR, SV",25.5,24,16.2,24,9999.9,0,999.9,0,6.2,24,8.7,24,13.0,15.7,29.8, ,20.1, ,99.99, ,999.9,1000
1008099999,2023-01-09,78.246111,15.465556,26.82,"LONGYEAR, SV",29.3,24,21.7,24,9999.9,0,999.9,0,6.2,24,11.5,24,17.5,24.7,32.0,*,24.8, ,99.99, ,999.9,1000
1008099999,2023-01-10,78.246111,15.465556,26.82,"LONGYEAR, SV",31.6,24,24.6,24,9999.9,0,999.9,0,6.0,24,15.5,24,22.9,31.3,33.8, ,28.4,*,99.99, ,999.9,11000
1008099999,2023-01-11,78.246111,15.465556,26.82,"LONGYEAR, SV",28.2,24,24.6,24,9999.9,0,999.9,0,5.9,24,7.2,24,14.0,18.3,32.9, ,21.2,*,99.99, ,999.9,11000
1008099999,2023-01-12,78.246111,15.465556,26.82,"LONGYEAR, SV",26.4,24,21.9,24,9999.9,0,999.9,0,6.1,24,8.4,24,20.0,31.1,30.2,*,20.5, ,99.99, ,999.9,1000
1008099999,2023-01-13,78.246111,15.465556,26.82,"LONGYEAR, SV",30.4,24,23.0,24,9999.9,0,999.9,0,5.8,24,16.8,24,31.5,44.3,32.4, ,28.4,*,99.99, ,999.9,1000
1008099999,2023-01-14,78.246111,15.465556,26.82,"LONGYEAR, SV",29.3,24,23.6,24,9999.9,0,999.9,0,3.3,23,23.1,24,28.9,39.2,30.9, ,27.5, ,99.99, ,999.9,1000
1008099999,2023-01-15,78.246111,15.465556,26.82,"LONGYEAR, SV",23.8,24,15.9,24,9999.9,0,999.9,0,6.0,24,22.8,24,28.9,35.5,29.8, ,18.9, ,99.99, ,999.9,1000
1008099999,2023-01-16,78.246111,15.465556,26.82,"LONGYEAR, SV",18.0,24,8.7,24,9999.9,0,999.9,0,6.2,24,21.3,24,24.1,33.0,19.8, ,15.8,*,99.99, ,999.9,1000
1008099999,2023-01-17,78.246111,15.465556,26.82,"LONGYEAR, SV",19.3,24,8.4,24,9999.9,0,999.9,0,6.2,24,16.6,24,21.8,29.9,23.7, ,14.0, ,0.0,I,999.9,0
1008099999,2023-01-18,78.246111,15.465556,26.82,"LONGYEAR, SV",10.2,24,2.1,24,9999.9,0,999.9,0,6.2,24,9.0,24,12.8,16.3,16.3, ,5.4, ,0.0,I,999.9,0
1008099999,2023-01-19,78.246111,15.465556,26.82,"LONGYEAR, SV",24.3,24,15.7,24,9999.9,0,999.9,0,6.2,24,13.6,24,21.0,28.6,32.0,*,9.3, ,99.99, ,999.9,1000
1008099999,2023-01-20,78.246111,15.465556,26.82,"LONGYEAR, SV",28.7,24,24.2,24,9999.9,0,999.9,0,5.8,24,7.1,24,21.0,999.9,32.0,*,24.8,*,99.99, ,999.9,1000
1008099999,2023-01-21,78.246111,15.465556,26.82,"LONGYEAR, SV",25.6,24,18.8,24,9999.9,0,999.9,0,5.3,23,15.9,24,26.0,35.0,28.9, ,23.0,*,99.99, ,999.9,1000
1008099999,2023-01-22,78.246111,15.465556,26.82,"LONGYEAR, SV",31.3,24,25.2,24,9999.9,0,999.9,0,5.8,24,12.3,24,31.1,39.4,37.4,*,26.6,*,99.99, ,999.9,11000
1008099999,2023-01-23,78.246111,15.465556,26.82,"LONGYEAR, SV",31.3,24,22.7,24,9999.9,0,999.9,0,6.0,24,10.9,24,19.6,29.1,39.7, ,24.3, ,99.99, ,999.9,11000
1008099999,2023-01-24,78.246111,15.465556,26.82,"LONGYEAR, SV",27.1,24,20.5,24,9999.9,0,999.9,0,5.3,24,13.2,24,24.1,31.7,30.9, ,21.2,*,99.99, ,999.9,1000
1008099999,2023-01-25,78.246111,15.465556,26.82,"LONGYEAR, SV",19.2,24,9.9,24,9999.9,0,999.9,0,6.2,24,16.8,24,22.9,28.6,23.2, ,14.0,*,99.99, ,999.9,1000
1008099999,2023-01-26,78.246111,15.465556,26.82,"LONGYEAR, SV",11.4,24,1.2,24,9999.9,0,999.9,0,6.2,24,11.5,24,18.1,24.3,15.8,*,2.8, ,99.99, ,999.9,1000
1008099999,2023-01-27,78.246111,15.465556,26.82,"LONGYEAR, SV",11.1,24,2.4,24,9999.9,0,999.9,0,6.1,24,18.2,24,26.0,36.9,17.6,*,2.3, ,99.99, ,999.9,1000
1008099999,2023-01-28,78.246111,15.465556,26.82,"LONGYEAR, SV",20.4,24,11.9,24,9999.9,0,999.9,0,6.5,24,18.6,24,26.0,33.2,26.6,*,15.6, ,99.99, ,999.9,1000
1008099999,2023-01-29,78.246111,15.465556,26.82,"LONGYEAR, SV",25.4,24,18.4,24,9999.9,0,999.9,0,6.2,24,11.7,24,22.9,28.2,30.2,*,21.2,*,99.99, ,999.9,1000
1008099999,2023-01-30,78.246111,15.465556,26.82,"LONGYEAR, SV",19.4,24,9.4,24,9999.9,0,999.9,0,6.1,24,15.9,24,26.0,32.4,25.0, ,15.1, ,99.99, ,999.9,1000
1008099999,2023-01-31,78.246111,15.465556,26.82,"LONGYEAR, SV",17.7,24,8.6,24,9999.9,0,999.9,0,6.2,24,12.1,24,17.1,23.7,19.4, ,14.7, ,99.99, ,999.9,1000
1008099999,2023-02-01,78.246111,15.465556,26.82,"LONGYEAR, SV",15.8,24,6.4,24,9999.9,0,999.9,0,6.2,24,12.9,24,18.1,25.8,17.6, ,13.1, ,0.0,I,999.9,0
1008099999,2023-02-02,78.246111,15.465556,26.82,"LONGYEAR, SV",8.8,24,0.6,24,9999.9,0,999.9,0,7.8,24,14.7,24,18.1,24.9,14.0,*,2.8, ,0.0,I,999.9,0
1008099999,2023-02-03,78.246111,15.465556,26.82,"LONGYEAR, SV",6.3,24,-2.5,24,9999.9,0,999.9,0,6.2,24,9.0,24,14.0,15.5,11.7, ,3.0, ,0.0,I,999.9,0
1008099999,2023-02-04,78.246111,15.465556,26.82,"LONGYEAR, SV",8.3,23,-0.0,23,9999.9,0,999.9,0,6.2,23,10.8,23,22.9,25.8,17.6,*,2.8, ,0.0,I,999.9,0
1008099999,2023-02-05,78.246111,15.465556,26.82,"LONGYEAR, SV",20.6,23,11.0,23,9999.9,0,999.9,0,6.0,22,28.0,23,41.0,53.0,29.3, ,15.8,*,99.99, ,999.9,1000
1008099999,2023-02-06,78.246111,15.465556,26.82,"LONGYEAR, SV",28.2,22,23.6,22,9999.9,0,999.9,0,3.6,22,18.2,22,35.0,55.0,35.6,*,19.9, ,99.99, ,999.9,11000
1008099999,2023-02-07,78.246111,15.465556,26.82,"LONGYEAR, SV",25.4,24,20.0,24,9999.9,0,999.9,0,2.0,24,29.2,24,40.2,62.0,30.2,*,19.4, ,99.99, ,999.9,11000
1008099999,2023-02-08,78.246111,15.465556,26.82,"LONGYEAR, SV",25.7,24,21.0,24,9999.9,0,999.9,0,3.7,23,16.4,24,29.9,48.0,32.4, ,23.0,*,99.99, ,999.9,11000
1008099999,2023-02-09,78.246111,15.465556,26.82,"LONGYEAR, SV",19.5,24,13.9,24,9999.9,0,999.9,0,5.1,24,8.8,24,18.1,29.9,23.0,*,14.0, ,99.99, ,999.9,1000
1008099999,2023-02-10,78.246111,15.465556,26.82,"LONGYEAR, SV",18.5,24,13.8,24,9999.9,0,999.9,0,5.2,24,6.5,24,13.0,17.7,21.2,*,14.0,*,99.99, ,999.9,1000
1008099999,2023-02-11,78.246111,15.465556,26.82,"LONGYEAR, SV",22.2,24,15.0,24,9999.9,0,999.9,0,6.2,24,9.0,24,19.0,24.7,28.4,*,10.4,*,99.99, ,999.9,1000
1008099999,2023-02-12,78.246111,15.465556,26.82,"LONGYEAR, SV",23.1,24,15.4,24,9999.9,0,999.9,0,6.0,24,15.7,24,24.1,32.1,28.6, ,11.5, ,99.99, ,999.9,1000
1008099999,2023-02-13,78.246111,15.465556,26.82,"LONGYEAR, SV",18.5,24,11.8,24,9999.9,0,999.9,0,5.8,24,10.5,24,19.0,999.9,21.2,*,12.2,*,99.99, ,999.9,1000
1008099999,2023-02-14,78.246111,15.465556,26.82,"LONGYEAR, SV",26.1,24,20.8,24,9999.9,0,999.9,0,4.7,24,15.0,24,27.8,34.8,37.4,*,15.8,*,99.99, ,999.9,11000
1008099999,2023-02-15,78.246111,15.465556,26.82,"LONGYEAR, SV",28.3,24,24.3,24,9999.9,0,999.9,0,5.6,24,10.8,24,19.0,20.4,33.8,*,19.4,*,99.99, ,999.9,11000
1008099999,2023-02-16,78.246111,15.465556,26.82,"LONGYEAR, SV",25.6,24,19.3,24,9999.9,0,999.9,0,5.1,24,18.2,24,29.9,41.0,28.4,*,21.2,*,99.99, ,999.9,1000
1008099999,2023-02-17,78.246111,15.465556,26.82,"LONGYEAR, SV",23.3,24,17.0,24,9999.9,0,999.9,0,6.1,24,17.7,24,28.9,32.1,28.4,*,19.4,*,99.99, ,999.9,1000
1008099999,2023-02-18,78.246111,15.465556,26.82,"LONGYEAR, SV",12.4,24,1.5,24,9999.9,0,999.9,0,6.5,24,14.7,24,18.1,22.9,19.4,*,8.6,*,0.0,I,999.9,0
1008099999,2023-02-19,78.246111,15.465556,26.82,"LONGYEAR, SV",8.8,23,-0.6,23,9999.9,0,999.9,0,6.2,23,8.9,23,14.0,999.9,12.2,*,5.0,*,0.0,I,999.9,0
1008099999,2023-02-20,78.246111,15.465556,26.82,"LONGYEAR, SV",5.3,24,-1.1,24,9999.9,0,999.9,0,6.2,24,8.8,24,12.0,999.9,8.6,*,1.4, ,99.99, ,999.9,1000
1008099999,2023-02-21,78.246111,15.465556,26.82,"LONGYEAR, SV",21.1,24,13.8,24,9999.9,0,999.9,0,5.1,24,9.6,24,20.0,35.0,28.4,*,10.4,*,99.99, ,999.9,1000
1008099999,2023-02-22,78.246111,15.465556,26.82,"LONGYEAR, SV",27.1,24,20.7,24,9999.9,0,999.9,0,6.0,24,10.3,24,21.2,27.0,31.1, ,20.5, ,99.99, ,999.9,1000
1008099999,2023-02-23,78.246111,15.465556,26.82,"LONGYEAR, SV",31.0,24,24.1,24,9999.9,0,999.9,0,6.1,24,17.2,24,29.9,37.1,33.8,*,28.2, ,99.99, ,999.9,11000
1008099999,2023-02-24,78.246111,15.465556,26.82,"LONGYEAR, SV",32.8,24,26.0,24,9999.9,0,999.9,0,6.1,24,10.1,24,19.0,25.1,35.6,*,30.0, ,99.99, ,999.9,11000
1008099999,2023-02-25,78.246111,15.465556,26.82,"LONGYEAR, SV",28.2,24,23.9,24,9999.9,0,999.9,0,5.6,24,7.9,24,17.7,31.1,33.8,*,23.7, ,99.99, ,999.9,11000
1008099999,2023-02-26,78.246111,15.465556,26.82,"LONGYEAR, SV",26.3,24,18.4,24,9999.9,0,999.9,0,5.0,24,25.6,24,35.0,49.9,36.0, ,17.2, ,99.99, ,999.9,11000
1008099999,2023-02-27,78.246111,15.465556,26.82,"LONGYEAR, SV",12.5,24,4.0,24,9999.9,0,999.9,0,5.9,24,21.6,24,35.0,49.0,21.9, ,9.3, ,99.99, ,999.9,1000
1008099999,2023-02-28,78.246111,15.465556,26.82,"LONGYEAR, SV",12.0,24,4.0,24,9999.9,0,999.9,0,6.2,24,8.6,24,20.0,20.8,15.8,*,9.5, ,99.99, ,999.9,1000
1008099999,2023-03-01,78.246111,15.465556,26.82,"LONGYEAR, SV",19.5,24,13.8,24,9999.9,0,999.9,0,6.2,24,11.4,24,17.9,21.8,26.6,*,9.3, ,99.99, ,999.9,1000
1008099999,2023-03-02,78.246111,15.465556,26.82,"LONGYEAR, SV",26.5,22,22.4,22,9999.9,0,999.9,0,5.5,22,6.1,22,28.0,999.9,28.4,*,23.0,*,99.99, ,999.9,11000
1008099999,2023-03-03,78.246111,15.465556,26.82,"LONGYEAR, SV",8.0,18,-2.0,18,9999.9,0,999.9,0,5.3,18,22.3,18,31.1,999.9,12.2,*,5.0, ,99.99, ,999.9,1000
1008099999,2023-03-04,78.246111,15.465556,26.82,"LONGYEAR, SV",6.4,24,-5.5,24,9999.9,0,999.9,0,6.2,24,15.1,24,27.6,35.2,12.2,*,-0.4,*,99.99, ,999.9,1000
1008099999,2023-03-05,78.246111,15.465556,26.82,"LONGYEAR, SV",1.2,24,-8.2,24,9999.9,0,999.9,0,5.3,24,12.1,24,20.0,999.9,6.8,*,-3.1, ,99.99, ,999.9,1000
1008099999,2023-03-06,78.246111,15.465556,26.82,"LONGYEAR, SV",6.0,24,-8.6,24,9999.9,0,999.9,0,6.1,24,15.2,24,22.5,31.1,8.8, ,2.7, ,99.99, ,999.9,1000
1008099999,2023-03-07,78.246111,15.465556,26.82,"LONGYEAR, SV",3.8,24,-8.7,24,9999.9,0,999.9,0,6.2,23,11.9,24,20.6,32.1,8.6,*,-0.4,*,99.99, ,999.9,1000
1008099999,2023-03-08,78.246111,15.465556,26.82,"LONGYEAR, SV",7.6,24,-2.7,24,9999.9,0,999.9,0,6.2,24,16.8,24,24.1,31.3,14.0,*,-2.2,*,99.99, ,999.9,1000
1008099999,2023-03-09,78.246111,15.465556,26.82,"LONGYEAR, SV",3.9,24,-6.9,24,9999.9,0,999.9,0,6.2,24,17.2,24,25.1,34.2,8.6,*,-2.2,*,99.99, ,999.9,1000
1008099999,2023-03-10,78.246111,15.465556,26.82,"LONGYEAR, SV",16.1,23,7.1,23,9999.9,0,999.9,0,5.2,22,24.9,23,36.9,45.1,19.4,*,9.0, ,99.99, ,999.9,1000
1008099999,2023-03-11,78.246111,15.465556,26.82,"LONGYEAR, SV",16.6,24,8.1,24,9999.9,0,999.9,0,5.9,24,17.5,24,22.9,29.1,21.2,*,12.2, ,99.99, ,999.9,1000
1008099999,2023-03-12,78.246111,15.465556,26.82,"LONGYEAR, SV",15.8,24,6.0,24,9999.9,0,999.9,0,6.2,24,14.6,24,22.9,35.9,17.6,*,13.8, ,99.99, ,999.9,1000
1008099999,2023-03-13,78.246111,15.465556,26.82,"LONGYEAR, SV",13.0,24,3.7,24,9999.9,0,999.9,0,6.6,24,19.1,24,25.1,38.7,16.5, ,6.3, ,99.99, ,999.9,1000
1008099999,2023-03-14,78.246111,15.465556,26.82,"LONGYEAR, SV",2.7,24,-10.3,24,9999.9,0,999.9,0,6.2,24,14.4,24,21.0,25.3,7.0, ,-4.4, ,0.0,I,999.9,0
1008099999,2023-03-15,78.246111,15.465556,26.82,"LONGYEAR, SV",-3.9,24,-13.2,24,9999.9,0,999.9,0,6.2,24,12.1,24,15.0,17.3,-2.0, ,-6.3, ,0.0,I,999.9,0
1008099999,2023-03-16,78.246111,15.465556,26.82,"LONGYEAR, SV",-5.2,24,-13.7,24,9999.9,0,999.9,0,6.2,23,11.2,24,15.2,19.0,-0.4,*,-8.0, ,99.99, ,999.9,1000
1008099999,2023-03-17,78.246111,15.465556,26.82,"LONGYEAR, SV",4.2,24,-1.9,24,9999.9,0,999.9,0,6.2,24,7.6,24,11.1,13.0,8.6, ,-2.2,*,99.99, ,999.9,1000
1008099999,2023-03-18,78.246111,15.465556,26.82,"LONGYEAR, SV",10.4,24,4.9,24,9999.9,0,999.9,0,5.9,24,6.6,24,14.0,15.9,12.2,*,8.6, ,99.99, ,999.9,1000
1008099999,2023-03-19,78.246111,15.465556,26.82,"LONGYEAR, SV",5.9,24,-3.7,24,9999.9,0,999.9,0,5.8,24,10.9,24,16.5,24.1,9.7, ,1.0, ,99.99, ,999.9,1000
1008099999,2023-03-20,78.246111,15.465556,26.82,"LONGYEAR, SV",2.3,24,-8.9,24,9999.9,0,999.9,0,6.1,23,13.2,24,20.8,26.8,9.0, ,-4.0,*,99.99, ,7.5,1000
1008099999,2023-03-21,78.246111,15.465556,26.82,"LONGYEAR, SV",-1.5,24,-12.1,24,9999.9,0,999.9,0,6.2,24,7.7,24,13.0,15.5,1.4,*,-7.6,*,0.0,I,999.9,0
1008099999,2023-03-22,78.246111,15.465556,26.82,"LONGYEAR, SV",5.2,24,-3.0,24,9999.9,0,999.9,0,5.6,24,11.2,24,15.9,999.9,14.0,*,-4.0,*,99.99, ,999.9,1000
1008099999,2023-03-23,78.246111,15.465556,26.82,"LONGYEAR, SV",4.1,24,-6.0,24,9999.9,0,999.9,0,6.0,24,11.4,24,15.9,22.0,7.3, ,1.0, ,99.99, ,999.9,1000
1008099999,2023-03-24,78.246111,15.465556,26.82,"LONGYEAR, SV",3.2,24,-6.0,24,9999.9,0,999.9,0,6.0,24,8.4,24,17.1,22.5,6.8,*,-1.3, ,99.99, ,999.9,1000
1008099999,2023-03-25,78.246111,15.465556,26.82,"LONGYEAR, SV",1.5,24,-7.5,24,9999.9,0,999.9,0,6.2,24,6.9,24,13.0,999.9,5.0, ,-3.8, ,0.0,I,999.9,0
1008099999,2023-03-26,78.246111,15.465556,26.82,"LONGYEAR, SV",1.4,24,-6.1,24,9999.9,0,999.9,0,6.2,24,6.1,24,9.9,12.2,6.8,*,-5.3, ,0.0,I,999.9,0
1008099999,2023-03-27,78.246111,15.465556,26.82,"LONGYEAR, SV",9.4,24,1.3,24,9999.9,0,999.9,0,6.2,24,7.3,24,17.1,19.0,14.0,*,1.9, ,99.99, ,999.9,1000
1008099999,2023-03-28,78.246111,15.465556,26.82,"LONGYEAR, SV",3.8,24,-4.3,24,9999.9,0,999.9,0,7.9,24,6.3,24,9.9,11.1,7.5, ,-0.4,*,99.99, ,999.9,1000
1008099999,2023-03-29,78.246111,15.465556,26.82,"LONGYEAR, SV",8.4,24,2.9,24,9999.9,0,999.9,0,6.6,23,8.6,24,15.0,17.5,12.2,*,4.8, ,99.99, ,999.9,1000
1008099999,2023-03-30,78.246111,15.465556,26.82,"LONGYEAR, SV",16.7,24,11.6,24,9999.9,0,999.9,0,6.2,24,4.9,24,9.9,13.4,23.0,*,10.4,*,99.99, ,999.9,1000
1008099999,2023-03-31,78.246111,15.465556,26.82,"LONGYEAR, SV",18.3,24,12.3,24,9999.9,0,999.9,0,6.0,24,8.6,24,12.4,14.8,24.8,*,11.7, ,99.99, ,999.9,11000
1008099999,2023-04-01,78.246111,15.465556,26.82,"LONGYEAR, SV",11.9,24,4.8,24,9999.9,0,999.9,0,6.2,24,9.4,24,14.0,14.6,14.0,*,10.4, ,99.99, ,999.9,1000
1008099999,2023-04-02,78.246111,15.465556,26.82,"LONGYEAR, SV",17.3,23,14.5,23,9999.9,0,999.9,0,2.3,23,6.3,23,12.0,999.9,19.9, ,10.4,*,99.99, ,999.9,11000
1008099999,2023-04-03,78.246111,15.465556,26.82,"LONGYEAR, SV",13.9,24,8.5,24,9999.9,0,999.9,0,3.4,24,14.8,24,22.0,28.0,18.7, ,6.8,*,99.99, ,999.9,11000
1008099999,2023-04-04,78.246111,15.465556,26.82,"LONGYEAR, SV",3.2,24,-7.2,24,9999.9,0,999.9,0,6.2,24,11.5,24,16.3,19.2,6.8,*,-0.6, ,0.0,I,999.9,0
1008099999,2023-04-05,78.246111,15.465556,26.82,"LONGYEAR, SV",13.4,24,4.7,24,9999.9,0,999.9,0,5.0,24,11.5,24,24.1,30.3,26.6,*,2.7, ,99.99, ,999.9,1000
1008099999,2023-04-06,78.246111,15.465556,26.82,"LONGYEAR, SV",30.6,24,27.5,24,9999.9,0,999.9,0,6.0,24,4.9,24,14.0,19.4,37.9, ,26.6,*,99.99, ,999.9,11000
1008099999,2023-04-07,78.246111,15.465556,26.82,"LONGYEAR, SV",22.0,24,17.2,24,9999.9,0,999.9,0,4.8,24,20.2,24,28.0,40.0,33.8,*,12.2,*,99.99, ,999.9,11000
1008099999,2023-04-08,78.246111,15.465556,26.82,"LONGYEAR, SV",16.6,23,9.0,23,9999.9,0,999.9,0,6.0,22,13.8,23,27.0,32.4,22.6, ,9.5, ,99.99, ,999.9,1000
1008099999,2023-04-09,78.246111,15.465556,26.82,"LONGYEAR, SV",30.9,24,27.2,24,9999.9,0,999.9,0,3.9,24,11.9,24,28.0,39.0,35.6, ,24.8,*,99.99, ,999.9,11000
1008099999,2023-04-10,78.246111,15.465556,26.82,"LONGYEAR, SV",28.7,24,22.2,24,9999.9,0,999.9,0,6.2,24,11.1,24,22.9,35.0,32.5, ,23.0,*,0.0,I,999.9,0
1008099999,2023-04-11,78.246111,15.465556,26.82,"LONGYEAR, SV",25.9,23,21.5,23,9999.9,0,999.9,0,6.2,23,8.4,23,15.9,18.6,28.4,*,23.0,*,99.99, ,999.9,10000
1008099999,2023-04-12,78.246111,15.465556,26.82,"LONGYEAR, SV",31.8,24,26.4,24,9999.9,0,999.9,0,6.2,24,6.0,24,11.1,15.0,33.8, ,27.7, ,99.99, ,999.9,1000
1008099999,2023-04-13,78.246111,15.465556,26.82,"LONGYEAR, SV",32.7,24,27.0,24,9999.9,0,999.9,0,6.1,24,5.5,24,11.1,16.1,35.2, ,30.2,*,99.99, ,999.9,10000
1008099999,2023-04-14,78.246111,15.465556,26.82,"LONGYEAR, SV",32.7,24,27.7,24,9999.9,0,999.9,0,6.2,24,3.7,24,8.0,999.9,37.4,*,28.4,*,0.0,I,999.9,0
1008099999,2023-04-15,78.246111,15.465556,26.82,"LONGYEAR, SV",35.0,24,30.4,24,9999.9,0,999.9,0,5.8,24,6.2,24,18.1,22.1,44.2, ,30.2,*,0.0,I,999.9,100000
1008099999,2023-04-16,78.246111,15.465556,26.82,"LONGYEAR, SV",32.6,24,30.2,24,9999.9,0,999.9,0,4.6,24,4.7,24,13.0,14.6,39.2,*,28.0, ,99.99, ,999.9,111000
1008099999,2023-04-17,78.246111,15.465556,26.82,"LONGYEAR, SV",30.5,24,26.5,24,9999.9,0,999.9,0,6.0,24,14.0,24,29.9,36.5,37.4,*,19.4,*,99.99, ,999.9,11000
1008099999,2023-04-18,78.246111,15.465556,26.82,"LONGYEAR, SV",26.5,24,21.6,24,9999.9,0,999.9,0,5.3,24,8.3,24,25.1,27.0,35.6,*,19.4,*,99.99, ,999.9,11000
1008099999,2023-04-19,78.246111,15.465556,26.82,"LONGYEAR, SV",23.8,24,17.6,24,9999.9,0,999.9,0,5.8,24,13.7,24,22.0,28.6,33.8,*,12.2,*,99.99, ,999.9,111000
1008099999,2023-04-20,78.246111,15.465556,26.82,"LONGYEAR, SV",11.7,24,2.0,24,9999.9,0,999.9,0,6.2,24,5.9,24,17.1,22.1,17.8, ,6.3, ,0.0,I,999.9,0
1008099999,2023-04-21,78.246111,15.465556,26.82,"LONGYEAR, SV",6.8,24,-4.9,24,9999.9,0,999.9,0,7.8,24,13.9,24,18.1,24.1,8.6,*,5.0,*,0.0,I,999.9,0
1008099999,2023-04-22,78.246111,15.465556,26.82,"LONGYEAR, SV",8.2,24,-1.3,24,9999.9,0,999.9,0,6.2,24,6.7,24,9.9,17.5,10.4,*,5.9, ,99.99, ,999.9,1000
1008099999,2023-04-23,78.246111,15.465556,26.82,"LONGYEAR, SV",16.2,24,7.8,24,9999.9,0,999.9,0,6.2,24,5.6,24,9.9,999.9,23.0,*,6.8, ,0.0,I,999.9,0
1008099999,2023-04-24,78.246111,15.465556,26.82,"LONGYEAR, SV",18.0,23,9.7,23,9999.9,0,999.9,0,6.2,23,5.5,23,9.1,11.5,24.8,*,12.6, ,0.0,I,999.9,0
1008099999,2023-04-25,78.246111,15.465556,26.82,"LONGYEAR, SV",19.2,24,11.3,24,9999.9,0,999.9,0,6.2,23,4.3,24,11.1,11.8,24.8,*,10.4,*,0.0,I,999.9,0
1008099999,2023-04-26,78.246111,15.465556,26.82,"LONGYEAR, SV",25.7,24,17.1,24,9999.9,0,999.9,0,6.2,23,3.1,24,7.0,999.9,33.1, ,17.6,*,0.0,I,999.9,0
1008099999,2023-04-27,78.246111,15.465556,26.82,"LONGYEAR, SV",29.2,24,21.6,24,9999.9,0,999.9,0,5.3,24,7.0,24,19.0,20.0,33.8,*,24.8,*,99.99, ,999.9,1000
1008099999,2023-04-28,78.246111,15.465556,26.82,"LONGYEAR, SV",28.9,23,26.0,23,9999.9,0,999.9,0,4.8,23,10.6,23,17.1,36.3,34.0, ,24.8,*,99.99, ,999.9,11000
1008099999,2023-04-29,78.246111,15.465556,26.82,"LONGYEAR, SV",29.9,24,24.3,24,9999.9,0,999.9,0,6.2,24,5.3,24,8.9,11.3,34.5, ,24.3, ,0.0,I,999.9,0
1008099999,2023-04-30,78.246111,15.465556,26.82,"LONGYEAR, SV",22.9,24,14.6,24,9999.9,0,999.9,0,6.1,24,11.4,24,21.0,36.9,28.9, ,11.1, ,99.99, ,999.9,1000
1008099999,2023-05-01,78.246111,15.465556,26.82,"LONGYEAR, SV",9.6,24,-5.1,24,9999.9,0,999.9,0,6.2,24,8.0,24,13.2,19.0,12.2,*,5.0, ,0.0,I,999.9,0
1008099999,2023-05-02,78.246111,15.465556,26.82,"LONGYEAR, SV",11.7,24,1.4,24,9999.9,0,999.9,0,7.9,23,4.0,24,8.0,999.9,17.6,*,3.2,*,0.0,I,999.9,0
1008099999,2023-05-03,78.246111,15.465556,26.82,"LONGYEAR, SV",19.1,24,10.5,24,9999.9,0,999.9,0,5.8,24,3.8,24,8.0,999.9,23.5, ,12.2,*,99.99, ,999.9,1000
1008099999,2023-05-04,78.246111,15.465556,26.82,"LONGYEAR, SV",26.7,24,23.2,24,9999.9,0,999.9,0,6.0,24,5.7,24,9.9,12.4,30.2,*,23.0,*,99.99, ,999.9,101000
1008099999,2023-05-05,78.246111,15.465556,26.82,"LONGYEAR, SV",29.2,23,23.8,23,9999.9,0,999.9,0,6.1,23,5.8,23,17.1,18.1,33.8,*,28.4,*,99.99, ,999.9,1000
1008099999,2023-05-06,78.246111,15.465556,26.82,"LONGYEAR, SV",30.1,24,23.9,24,9999.9,0,999.9,0,5.7,24,12.1,24,18.1,20.6,32.0,*,28.4,*,99.99, ,999.9,1000
1008099999,2023-05-07,78.246111,15.465556,26.82,"LONGYEAR, SV",30.0,24,24.3,24,9999.9,0,999.9,0,5.5,24,5.9,24,9.9,11.1,32.4, ,26.6,*,99.99, ,999.9,1000
1008099999,2023-05-08,78.246111,15.465556,26.82,"LONGYEAR, SV",29.6,24,23.8,24,9999.9,0,999.9,0,6.2,24,3.1,24,7.0,999.9,32.0,*,27.9, ,99.99, ,999.9,1000
1008099999,2023-05-09,78.246111,15.465556,26.82,"LONGYEAR, SV",29.6,24,24.0,24,9999.9,0,999.9,0,6.2,24,4.3,24,8.9,11.5,34.9, ,26.6,*,99.99, ,999.9,11000
1008099999,2023-05-10,78.246111,15.465556,26.82,"LONGYEAR, SV",31.0,24,25.3,24,9999.9,0,999.9,0,5.0,24,8.2,24,15.9,19.2,35.6, ,28.4,*,99.99, ,999.9,11000
1008099999,2023-05-11,78.246111,15.465556,26.82,"LONGYEAR, SV",31.9,24,26.9,24,9999.9,0,999.9,0,6.2,24,12.4,24,21.0,25.6,37.4,*,24.8,*,99.99, ,999.9,10000
1008099999,2023-05-12,78.246111,15.465556,26.82,"LONGYEAR, SV",23.5,24,16.1,24,9999.9,0,999.9,0,6.2,24,7.4,24,15.9,17.5,25.9, ,21.7, ,99.99, ,999.9,1000
1008099999,2023-05-13,78.246111,15.465556,26.82,"LONGYEAR, SV",31.6,24,28.0,24,9999.9,0,999.9,0,5.3,24,12.3,24,25.1,36.9,39.4, ,24.4, ,99.99, ,999.9,11000
1008099999,2023-05-14,78.246111,15.465556,26.82,"LONGYEAR, SV",24.9,24,18.8,24,9999.9,0,999.9,0,5.1,22,15.5,24,28.2,45.1,28.4, ,22.6, ,99.99, ,999.9,11000
1008099999,2023-05-15,78.246111,15.465556,26.82,"LONGYEAR, SV",21.1,24,12.4,24,9999.9,0,999.9,0,5.5,24,17.7,24,26.0,29.9,23.0,*,18.7, ,99.99, ,999.9,1000
1008099999,2023-05-16,78.246111,15.465556,26.82,"LONGYEAR, SV",24.4,24,17.8,24,9999.9,0,999.9,0,5.5,22,7.2,24,15.9,17.7,26.6,*,20.8, ,99.99, ,999.9,1000
1008099999,2023-05-17,78.246111,15.465556,26.82,"LONGYEAR, SV",26.5,24,20.9,24,9999.9,0,999.9,0,5.4,24,5.1,24,9.9,12.6,32.4, ,23.0,*,99.99, ,999.9,11000
1008099999,2023-05-18,78.246111,15.465556,26.82,"LONGYEAR, SV",23.0,22,12.3,22,9999.9,0,999.9,0,6.2,21,6.3,22,11.1,12.6,26.6, ,17.6,*,0.0,I,999.9,0
1008099999,2023-05-19,78.246111,15.465556,26.82,"LONGYEAR, SV",24.5,24,14.5,24,9999.9,0,999.9,0,7.9,24,4.8,24,9.9,11.5,30.2,*,17.2, ,0.0,I,999.9,0
1008099999,2023-05-20,78.246111,15.465556,26.82,"LONGYEAR, SV",34.9,24,27.1,24,9999.9,0,999.9,0,6.2,24,9.9,24,24.1,35.9,41.0,*,26.6,*,99.99, ,999.9,10000
1008099999,2023-05-21,78.246111,15.465556,26.82,"LONGYEAR, SV",40.5,24,31.6,24,9999.9,0,999.9,0,6.2,24,15.0,24,29.9,34.0,42.8,*,37.4, ,99.99, ,999.9,10000
1008099999,2023-05-22,78.246111,15.465556,26.82,"LONGYEAR, SV",39.5,24,31.8,24,9999.9,0,999.9,0,6.0,24,13.6,24,24.1,36.9,43.0, ,35.6,*,99.99, ,999.9,10000
1008099999,2023-05-23,78.246111,15.465556,26.82,"LONGYEAR, SV",39.7,24,33.1,24,9999.9,0,999.9,0,6.2,24,9.7,24,27.0,35.2,44.1, ,35.2, ,99.99, ,999.9,10000
1008099999,2023-05-24,78.246111,15.465556,26.82,"LONGYEAR, SV",37.8,24,29.5,24,9999.9,0,999.9,0,6.2,24,13.3,24,26.4,33.6,41.0,*,35.6,*,0.0,I,999.9,0
1008099999,2023-05-25,78.246111,15.465556,26.82,"LONGYEAR, SV",36.1,24,30.0,24,9999.9,0,999.9,0,6.1,24,10.3,24,20.6,26.8,39.2,*,31.6, ,99.99, ,999.9,11000
1008099999,2023-05-26,78.246111,15.465556,26.82,"LONGYEAR, SV",31.9,24,22.9,24,9999.9,0,999.9,0,6.0,24,11.9,24,19.6,25.4,34.7, ,28.4,*,99.99, ,999.9,1000
1008099999,2023-05-27,78.246111,15.465556,26.82,"LONGYEAR, SV",29.8,24,15.4,24,9999.9,0,999.9,0,6.2,24,4.4,24,9.5,12.8,30.9, ,28.4, ,0.0,I,999.9,0
1008099999,2023-05-28,78.246111,15.465556,26.82,"LONGYEAR, SV",32.1,24,19.5,24,9999.9,0,999.9,0,6.2,23,7.4,24,13.0,16.9,36.3, ,28.4, ,0.0,I,999.9,0
1008099999,2023-05-29,78.246111,15.465556,26.82,"LONGYEAR, SV",35.0,24,25.9,24,9999.9,0,999.9,0,6.2,24,14.2,24,22.9,30.7,37.4,*,32.0, ,99.99, ,999.9,1000
1008099999,2023-05-30,78.246111,15.465556,26.82,"LONGYEAR, SV",35.6,24,30.8,24,9999.9,0,999.9,0,6.0,23,12.8,24,19.0,25.1,38.7, ,32.0,*,99.99, ,999.9,11000
1008099999,2023-05-31,78.246111,15.465556,26.82,"LONGYEAR, SV",34.6,24,29.4,24,9999.9,0,999.9,0,6.1,24,8.7,24,18.6,23.7,37.4, ,32.0,*,99.99, ,999.9,11000
1008099999,2023-06-01,78.246111,15.465556,26.82,"LONGYEAR, SV",34.0,24,22.9,24,9999.9,0,999.9,0,6.2,24,7.1,24,11.1,17.5,35.8, ,32.0,*,0.0,I,999.9,0
1008099999,2023-06-02,78.246111,15.465556,26.82,"LONGYEAR, SV",33.9,24,18.9,24,9999.9,0,999.9,0,6.2,24,5.3,24,8.4,11.5,36.0, ,31.8, ,0.0,I,999.9,0
1008099999,2023-06-03,78.246111,15.465556,26.82,"LONGYEAR, SV",34.7,24,24.7,24,9999.9,0,999.9,0,6.2,24,3.5,24,7.0,10.3,36.5, ,32.0,*,0.0,I,999.9,0
1008099999,2023-06-04,78.246111,15.465556,26.82,"LONGYEAR, SV",36.7,24,28.1,24,9999.9,0,999.9,0,6.2,24,5.3,24,9.9,12.2,37.9, ,34.9, ,0.0,I,999.9,0
1008099999,2023-06-05,78.246111,15.465556,26.82,"LONGYEAR, SV",37.3,24,27.9,24,9999.9,0,999.9,0,6.2,24,8.0,24,15.0,17.9,39.2, ,35.1, ,0.0,I,999.9,0
1008099999,2023-06-06,78.246111,15.465556,26.82,"LONGYEAR, SV",37.4,24,29.5,24,9999.9,0,999.9,0,6.2,24,5.6,24,9.9,12.4,39.7, ,35.1, ,0.0,I,999.9,0
1008099999,2023-06-07,78.246111,15.465556,26.82,"LONGYEAR, SV",38.8,24,31.1,24,9999.9,0,999.9,0,6.2,24,6.7,24,9.9,11.8,40.5, ,37.4,*,0.0,I,999.9,0
1008099999,2023-06-08,78.246111,15.465556,26.82,"LONGYEAR, SV",39.3,24,28.4,24,9999.9,0,999.9,0,6.2,22,15.3,24,20.0,26.2,43.5, ,34.7, ,0.0,I,999.9,0
1008099999,2023-06-09,78.246111,15.465556,26.82,"LONGYEAR, SV",36.5,24,30.5,24,9999.9,0,999.9,0,6.2,24,10.6,24,17.1,24.1,39.6, ,33.8,*,99.99, ,999.9,10000
1008099999,2023-06-10,78.246111,15.465556,26.82,"LONGYEAR, SV",39.4,24,34.1,24,9999.9,0,999.9,0,6.2,24,3.8,24,9.9,10.1,43.0, ,35.6,*,99.99, ,999.9,10000
1008099999,2023-06-11,78.246111,15.465556,26.82,"LONGYEAR, SV",41.7,24,34.5,24,9999.9,0,999.9,0,6.2,24,10.6,24,22.9,24.7,44.6, ,37.4,*,99.99, ,999.9,10000
1008099999,2023-06-12,78.246111,15.465556,26.82,"LONGYEAR, SV",36.9,24,30.6,24,9999.9,0,999.9,0,5.7,24,11.1,24,21.0,21.4,39.2,*,33.8,*,99.99, ,999.9,10000
1008099999,2023-06-13,78.246111,15.465556,26.82,"LONGYEAR, SV",37.5,24,30.9,24,9999.9,0,999.9,0,6.2,24,13.8,24,21.0,28.9,41.7, ,35.1, ,99.99, ,999.9,10000
1008099999,2023-06-14,78.246111,15.465556,26.82,"LONGYEAR, SV",36.9,24,29.8,24,9999.9,0,999.9,0,6.2,24,13.6,24,25.1,29.9,41.0, ,33.8,*,99.99, ,999.9,10000
1008099999,2023-06-15,78.246111,15.465556,26.82,"LONGYEAR, SV",38.3,24,29.1,24,9999.9,0,999.9,0,6.2,23,10.8,24,15.9,21.2,41.0,*,35.2, ,0.0,I,999.9,0
1008099999,2023-06-16,78.246111,15.465556,26.82,"LONGYEAR, SV",40.2,24,31.8,24,9999.9,0,999.9,0,6.2,24,8.0,24,13.0,14.0,42.8, ,38.8, ,0.0,I,999.9,0
1008099999,2023-06-17,78.246111,15.465556,26.82,"LONGYEAR, SV",43.4,24,34.7,24,9999.9,0,999.9,0,6.2,24,6.2,24,11.1,13.2,47.5, ,39.2,*,0.0,I,999.9,0
1008099999,2023-06-18,78.246111,15.465556,26.82,"LONGYEAR, SV",41.2,24,38.6,24,9999.9,0,999.9,0,6.1,24,3.1,24,7.0,999.9,42.8,*,39.9, ,99.99, ,999.9,10000
1008099999,2023-06-19,78.246111,15.465556,26.82,"LONGYEAR, SV",41.3,24,39.2,24,9999.9,0,999.9,0,5.6,23,6.7,24,11.1,12.6,43.3, ,39.9, ,99.99, ,999.9,110000
1008099999,2023-06-20,78.246111,15.465556,26.82,"LONGYEAR, SV",44.9,24,40.0,24,9999.9,0,999.9,0,6.1,24,3.6,24,5.4,31.9,48.9, ,40.1, ,99.99, ,999.9,10000
1008099999,2023-06-21,78.246111,15.465556,26.82,"LONGYEAR, SV",49.9,24,43.7,24,9999.9,0,999.9,0,6.0,23,5.9,24,15.0,18.6,55.4,*,44.6,*,0.0,I,999.9,100001
1008099999,2023-06-22,78.246111,15.465556,26.82,"LONGYEAR, SV",44.9,21,41.3,21,9999.9,0,999.9,0,3.9,21,9.1,21,15.9,19.6,50.0,*,40.3, ,0.0,I,999.9,100000
1008099999,2023-06-23,78.246111,15.465556,26.82,"LONGYEAR, SV",45.9,24,42.6,24,9999.9,0,999.9,0,6.1,24,8.4,24,17.1,999.9,50.0,*,41.0,*,0.0,I,999.9,0
1008099999,2023-06-24,78.246111,15.465556,26.82,"LONGYEAR, SV",42.1,24,36.9,24,9999.9,0,999.9,0,6.2,24,11.0,24,18.1,999.9,44.6,*,39.2,*,0.0,I,999.9,0
1008099999,2023-06-25,78.246111,15.465556,26.82,"LONGYEAR, SV",39.4,24,35.0,24,9999.9,0,999.9,0,6.2,24,8.5,24,12.0,999.9,41.0,*,37.4,*,99.99, ,999.9,10000
1008099999,2023-06-26,78.246111,15.465556,26.82,"LONGYEAR, SV",41.7,24,37.2,24,9999.9,0,999.9,0,6.2,24,7.6,24,11.5,17.1,44.6,*,39.2,*,0.0,I,999.9,0
1008099999,2023-06-27,78.246111,15.465556,26.82,"LONGYEAR, SV",44.7,24,42.5,24,9999.9,0,999.9,0,5.3,24,5.4,24,12.0,19.8,48.2,*,41.9, ,99.99, ,999.9,10000
1008099999,2023-06-28,78.246111,15.465556,26.82,"LONGYEAR, SV",47.2,24,40.8,24,9999.9,0,999.9,0,6.2,24,6.0,24,11.5,15.0,51.8,*,44.6,*,0.0,I,999.9,0
1008099999,2023-06-29,78.246111,15.465556,26.82,"LONGYEAR, SV",43.7,24,39.6,24,9999.9,0,999.9,0,6.2,23,6.7,24,8.9,34.4,44.6, ,41.0,*,99.99, ,999.9,10000
1008099999,2023-06-30,78.246111,15.465556,26.82,"LONGYEAR, SV",45.4,24,40.8,24,9999.9,0,999.9,0,6.2,23,7.7,24,13.0,17.9,50.2, ,41.0,*,0.0,I,999.9,100000
1008099999,2023-07-01,78.246111,15.465556,26.82,"LONGYEAR, SV",42.7,24,41.0,24,9999.9,0,999.9,0,1.6,23,5.3,24,9.9,11.7,44.6,*,41.0,*,0.0,I,999.9,100000
1008099999,2023-07-02,78.246111,15.465556,26.82,"LONGYEAR, SV",49.0,24,38.1,24,9999.9,0,999.9,0,6.1,24,6.7,24,20.6,27.0,55.4, ,42.8, ,0.0,I,999.9,100000
1008099999,2023-07-03,78.246111,15.465556,26.82,"LONGYEAR, SV",50.7,24,30.7,24,9999.9,0,999.9,0,6.2,23,17.8,24,30.1,37.3,54.7, ,46.9, ,0.0,I,999.9,0
1008099999,2023-07-04,78.246111,15.465556,26.82,"LONGYEAR, SV",53.2,24,35.3,24,9999.9,0,999.9,0,6.2,24,15.8,24,22.9,28.6,56.3, ,48.2,*,0.0,I,999.9,0
1008099999,2023-07-05,78.246111,15.465556,26.82,"LONGYEAR, SV",57.3,24,39.3,24,9999.9,0,999.9,0,6.2,24,9.0,24,22.9,999.9,61.0, ,52.2, ,0.0,I,999.9,0
1008099999,2023-07-06,78.246111,15.465556,26.82,"LONGYEAR, SV",58.3,23,39.6,23,9999.9,0,999.9,0,6.2,23,10.6,23,17.1,19.8,61.5, ,53.6,*,0.0,I,999.9,0
1008099999,2023-07-07,78.246111,15.465556,26.82,"LONGYEAR, SV",53.6,24,42.3,24,9999.9,0,999.9,0,6.0,24,14.7,24,19.0,24.1,62.8, ,46.4,*,0.0,G,999.9,100000
1008099999,2023-07-08,78.246111,15.465556,26.82,"LONGYEAR, SV",46.3,24,40.4,24,9999.9,0,999.9,0,7.5,24,11.5,24,15.5,18.6,50.4, ,44.2, ,0.0,I,999.9,0
1008099999,2023-07-09,78.246111,15.465556,26.82,"LONGYEAR, SV",46.5,24,39.8,24,9999.9,0,999.9,0,6.7,24,10.9,24,14.0,17.7,50.0, ,42.8,*,99.99, ,999.9,10000
1008099999,2023-07-10,78.246111,15.465556,26.82,"LONGYEAR, SV",47.2,24,37.3,24,9999.9,0,999.9,0,6.2,24,5.7,24,9.9,14.0,50.9, ,44.2, ,0.0,I,999.9,0
1008099999,2023-07-11,78.246111,15.465556,26.82,"LONGYEAR, SV",47.5,24,37.2,24,9999.9,0,999.9,0,6.2,24,8.0,24,15.0,19.2,50.7, ,44.1, ,99.99, ,999.9,10000
1008099999,2023-07-12,78.246111,15.465556,26.82,"LONGYEAR, SV",48.5,24,41.1,24,9999.9,0,999.9,0,6.2,24,4.8,24,9.9,13.4,50.9, ,45.3, ,99.99, ,999.9,10000
1008099999,2023-07-13,78.246111,15.465556,26.82,"LONGYEAR, SV",50.1,24,39.2,24,9999.9,0,999.9,0,6.2,24,12.8,24,17.1,21.0,53.6,*,47.1, ,0.0,I,999.9,0
1008099999,2023-07-14,78.246111,15.465556,26.82,"LONGYEAR, SV",55.5,24,37.0,24,9999.9,0,999.9,0,6.2,24,10.8,24,15.0,20.6,59.2, ,50.0,*,0.0,I,999.9,0
1008099999,2023-07-15,78.246111,15.465556,26.82,"LONGYEAR, SV",55.6,24,37.0,24,9999.9,0,999.9,0,6.2,23,11.6,24,15.0,18.1,59.0, ,49.8, ,0.0,I,999.9,0
1008099999,2023-07-16,78.246111,15.465556,26.82,"LONGYEAR, SV",53.5,24,41.7,24,9999.9,0,999.9,0,6.2,24,9.2,24,14.0,15.3,59.0, ,49.5, ,0.0,I,999.9,0
1008099999,2023-07-17,78.246111,15.465556,26.82,"LONGYEAR, SV",47.5,24,34.1,24,9999.9,0,999.9,0,6.2,24,13.7,24,19.0,24.1,50.0,*,43.9, ,0.0,I,999.9,0
1008099999,2023-07-18,78.246111,15.465556,26.82,"LONGYEAR, SV",49.7,24,36.3,24,9999.9,0,999.9,0,6.2,24,7.9,24,13.0,21.0,53.4, ,44.6,*,99.99, ,999.9,10000
1008099999,2023-07-19,78.246111,15.465556,26.82,"LONGYEAR, SV",50.9,24,39.4,24,9999.9,0,999.9,0,6.2,24,4.9,24,9.9,14.2,54.3, ,45.7, ,0.0,I,999.9,0
1008099999,2023-07-20,78.246111,15.465556,26.82,"LONGYEAR, SV",53.1,24,41.8,24,9999.9,0,999.9,0,6.2,24,10.8,24,20.0,23.1,57.2,*,48.2,*,0.0,I,999.9,0
1008099999,2023-07-21,78.246111,15.465556,26.82,"LONGYEAR, SV",46.6,24,41.2,24,9999.9,0,999.9,0,6.2,23,11.1,24,15.0,19.2,49.3, ,43.7, ,0.0,I,999.9,0
1008099999,2023-07-22,78.246111,15.465556,26.82,"LONGYEAR, SV",47.2,24,38.2,24,9999.9,0,999.9,0,6.0,24,7.4,24,11.1,999.9,50.0,*,44.6,*,99.99, ,999.9,10000
1008099999,2023-07-23,78.246111,15.465556,26.82,"LONGYEAR, SV",50.6,24,41.0,24,9999.9,0,999.9,0,6.2,24,6.1,24,12.0,999.9,53.6,*,46.4,*,0.0,I,999.9,0
1008099999,2023-07-24,78.246111,15.465556,26.82,"LONGYEAR, SV",51.6,24,43.0,24,9999.9,0,999.9,0,6.2,24,9.8,24,15.0,999.9,55.4,*,48.2,*,0.0,I,999.9,0
1008099999,2023-07-25,78.246111,15.465556,26.82,"LONGYEAR, SV",52.3,24,42.4,24,9999.9,0,999.9,0,7.4,24,6.0,24,13.0,999.9,57.2,*,48.2,*,0.0,I,999.9,0
1008099999,2023-07-26,78.246111,15.465556,26.82,"LONGYEAR, SV",53.5,24,38.6,24,9999.9,0,999.9,0,7.9,24,8.5,24,13.0,999.9,55.4,*,50.7, ,0.0,I,999.9,0
1008099999,2023-07-27,78.246111,15.465556,26.82,"LONGYEAR, SV",52.4,24,41.1,24,9999.9,0,999.9,0,6.2,24,11.7,24,18.1,22.1,56.3, ,48.2,*,0.0,I,999.9,0
1008099999,2023-07-28,78.246111,15.465556,26.82,"LONGYEAR, SV",46.9,23,42.8,23,9999.9,0,999.9,0,5.9,23,5.0,23,11.8,14.8,48.4, ,44.6,*,99.99, ,999.9,10000
1008099999,2023-07-29,78.246111,15.465556,26.82,"LONGYEAR, SV",45.7,24,40.4,24,9999.9,0,999.9,0,6.2,24,8.1,24,12.0,15.2,49.3, ,42.8,*,99.99, ,999.9,10000
1008099999,2023-07-30,78.246111,15.465556,26.82,"LONGYEAR, SV",46.5,24,36.4,24,9999.9,0,999.9,0,6.2,24,7.2,24,12.0,14.8,50.2, ,44.1,*,0.0,I,999.9,0
1008099999,2023-07-31,78.246111,15.465556,26.82,"LONGYEAR, SV",47.4,24,38.9,24,9999.9,0,999.9,0,6.2,24,9.9,24,15.9,19.2,50.0, ,45.5, ,0.0,I,999.9,0
1008099999,2023-08-01,78.246111,15.465556,26.82,"LONGYEAR, SV",48.5,24,39.1,24,9999.9,0,999.9,0,7.4,24,6.4,24,11.1,13.2,50.5, ,46.4, ,0.0,I,999.9,0
1008099999,2023-08-02,78.246111,15.465556,26.82,"LONGYEAR, SV",51.4,24,42.1,24,9999.9,0,999.9,0,6.2,24,4.6,24,9.1,12.2,56.3, ,47.7, ,0.0,I,999.9,0
1008099999,2023-08-03,78.246111,15.465556,26.82,"LONGYEAR, SV",53.3,24,44.2,24,9999.9,0,999.9,0,8.0,23,11.8,24,26.4,38.1,59.0,*,49.6, ,99.99, ,999.9,10000
1008099999,2023-08-04,78.246111,15.465556,26.82,"LONGYEAR, SV",54.7,24,51.0,24,9999.9,0,999.9,0,6.4,24,7.9,24,24.1,32.1,60.8,*,51.8,*,99.99, ,999.9,10000
1008099999,2023-08-05,78.246111,15.465556,26.82,"LONGYEAR, SV",53.3,24,50.8,24,9999.9,0,999.9,0,6.2,24,8.8,24,15.0,999.9,57.2,*,49.5, ,99.99, ,999.9,10000
1008099999,2023-08-06,78.246111,15.465556,26.82,"LONGYEAR, SV",50.8,24,46.4,24,9999.9,0,999.9,0,6.2,24,10.0,24,19.0,26.0,53.6,*,48.2,*,99.99, ,999.9,10000
1008099999,2023-08-07,78.246111,15.465556,26.82,"LONGYEAR, SV",48.7,23,42.6,23,9999.9,0,999.9,0,6.2,23,5.4,23,17.1,28.0,50.0,*,46.4,*,99.99, ,999.9,10000
1008099999,2023-08-08,78.246111,15.465556,26.82,"LONGYEAR, SV",48.3,24,38.7,24,9999.9,0,999.9,0,6.2,24,11.4,24,18.1,19.6,54.0, ,44.4, ,99.99, ,999.9,10000
1008099999,2023-08-09,78.246111,15.465556,26.82,"LONGYEAR, SV",49.3,24,40.5,24,9999.9,0,999.9,0,6.2,23,6.2,24,13.0,16.1,54.5, ,44.6, ,0.0,I,999.9,0
1008099999,2023-08-10,78.246111,15.465556,26.82,"LONGYEAR, SV",51.0,24,41.1,24,9999.9,0,999.9,0,6.2,24,4.3,24,14.0,19.0,54.5, ,48.2,*,0.0,I,999.9,0
1008099999,2023-08-11,78.246111,15.465556,26.82,"LONGYEAR, SV",49.9,24,46.0,24,9999.9,0,999.9,0,6.1,24,2.9,24,7.0,999.9,52.0, ,48.0, ,99.99, ,999.9,10000
1008099999,2023-08-12,78.246111,15.465556,26.82,"LONGYEAR, SV",49.5,24,46.6,24,9999.9,0,999.9,0,4.0,24,3.2,24,12.2,49.9,51.8,*,48.2, ,99.99, ,999.9,110000
1008099999,2023-08-13,78.246111,15.465556,26.82,"LONGYEAR, SV",48.1,24,44.9,24,9999.9,0,999.9,0,5.7,24,5.6,24,11.1,14.6,51.8, ,45.7, ,99.99, ,999.9,10000
1008099999,2023-08-14,78.246111,15.465556,26.82,"LONGYEAR, SV",46.5,24,41.5,24,9999.9,0,999.9,0,6.2,24,7.2,24,13.0,29.9,50.0,*,44.6, ,0.0,I,999.9,0
1008099999,2023-08-15,78.246111,15.465556,26.82,"LONGYEAR, SV",48.4,24,41.4,24,9999.9,0,999.9,0,5.6,24,8.6,24,17.1,18.6,51.8, ,42.6, ,99.99, ,999.9,10000
1008099999,2023-08-16,78.246111,15.465556,26.82,"LONGYEAR, SV",43.1,24,37.9,24,9999.9,0,999.9,0,6.2,24,15.7,24,21.0,28.0,44.6, ,41.0, ,99.99, ,999.9,10000
1008099999,2023-08-17,78.246111,15.465556,26.82,"LONGYEAR, SV",45.1,24,39.3,24,9999.9,0,999.9,0,5.9,24,5.9,24,15.9,20.6,49.3, ,41.0,*,99.99, ,999.9,10000
1008099999,2023-08-18,78.246111,15.465556,26.82,"LONGYEAR, SV",44.2,24,38.7,24,9999.9,0,999.9,0,5.9,24,10.0,24,17.7,22.1,50.0,*,41.0,*,99.99, ,999.9,10000
1008099999,2023-08-19,78.246111,15.465556,26.82,"LONGYEAR, SV",44.4,24,37.6,24,9999.9,0,999.9,0,6.2,24,6.2,24,9.9,17.3,46.9, ,41.9, ,0.0,I,999.9,0
1008099999,2023-08-20,78.246111,15.465556,26.82,"LONGYEAR, SV",42.8,24,37.3,24,9999.9,0,999.9,0,6.2,23,4.2,24,8.0,10.3,43.7, ,42.1, ,0.0,I,999.9,0
1008099999,2023-08-21,78.246111,15.465556,26.82,"LONGYEAR, SV",42.4,24,37.6,24,9999.9,0,999.9,0,6.2,23,3.3,24,6.0,999.9,43.7, ,41.0,*,0.0,I,999.9,0
1008099999,2023-08-22,78.246111,15.465556,26.82,"LONGYEAR, SV",42.9,24,39.6,24,9999.9,0,999.9,0,6.2,23,4.2,24,8.0,10.1,44.6,*,41.0,*,99.99, ,999.9,10000
1008099999,2023-08-23,78.246111,15.465556,26.82,"LONGYEAR, SV",41.7,24,38.3,24,9999.9,0,999.9,0,6.2,24,2.3,24,5.1,999.9,42.8,*,40.5, ,0.0,I,999.9,0
1008099999,2023-08-24,78.246111,15.465556,26.82,"LONGYEAR, SV",44.6,24,41.6,24,9999.9,0,999.9,0,5.9,23,2.9,24,5.2,999.9,46.4,*,42.1, ,99.99, ,999.9,10000
1008099999,2023-08-25,78.246111,15.465556,26.82,"LONGYEAR, SV",45.7,24,42.5,24,9999.9,0,999.9,0,6.2,24,9.5,24,15.0,17.9,48.2,*,44.1, ,0.0,I,999.9,0
1008099999,2023-08-26,78.246111,15.465556,26.82,"LONGYEAR, SV",46.4,24,41.8,24,9999.9,0,999.9,0,6.2,23,7.5,24,15.0,23.3,50.5, ,41.4, ,99.99, ,999.9,10000
1008099999,2023-08-27,78.246111,15.465556,26.82,"LONGYEAR, SV",45.6,24,44.4,24,9999.9,0,999.9,0,6.1,23,6.9,24,11.5,15.0,46.6, ,44.6,*,99.99, ,999.9,10000
1008099999,2023-08-28,78.246111,15.465556,26.82,"LONGYEAR, SV",46.4,24,42.8,24,9999.9,0,999.9,0,6.2,23,5.2,24,8.9,12.4,48.2,*,44.2, ,99.99, ,999.9,110000
1008099999,2023-08-29,78.246111,15.465556,26.82,"LONGYEAR, SV",46.3,24,38.8,24,9999.9,0,999.9,0,6.2,22,6.9,24,13.0,18.3,49.3, ,42.8,*,0.0,I,999.9,0
1008099999,2023-08-30,78.246111,15.465556,26.82,"LONGYEAR, SV",44.6,24,42.0,24,9999.9,0,999.9,0,5.8,24,4.3,24,9.9,12.6,46.4,*,42.8,*,99.99, ,999.9,10000
1008099999,2023-08-31,78.246111,15.465556,26.82,"LONGYEAR, SV",45.1,24,39.5,24,9999.9,0,999.9,0,6.2,24,11.3,24,15.0,20.2,46.4,*,41.0,*,99.99, ,999.9,10000
1008099999,2023-09-01,78.246111,15.465556,26.82,"LONGYEAR, SV",40.9,24,33.6,24,9999.9,0,999.9,0,6.2,24,5.8,24,9.9,10.1,42.8,*,39.2,*,0.0,I,999.9,0
1008099999,2023-09-02,78.246111,15.465556,26.82,"LONGYEAR, SV",42.8,24,34.2,24,9999.9,0,999.9,0,6.2,24,5.7,24,8.9,999.9,44.6,*,39.2,*,0.0,I,999.9,0
1008099999,2023-09-03,78.246111,15.465556,26.82,"LONGYEAR, SV",40.1,23,35.7,23,9999.9,0,999.9,0,6.2,23,5.0,23,11.1,999.9,42.8,*,37.4,*,0.0,I,999.9,0
1008099999,2023-09-04,78.246111,15.465556,26.82,"LONGYEAR, SV",44.6,23,41.4,23,9999.9,0,999.9,0,5.4,22,3.0,23,8.0,999.9,50.0,*,42.8,*,99.99, ,999.9,10000
1008099999,2023-09-05,78.246111,15.465556,26.82,"LONGYEAR, SV",43.1,24,40.5,24,9999.9,0,999.9,0,5.0,24,4.0,24,8.9,13.8,45.3, ,39.4, ,99.99, ,999.9,10000
1008099999,2023-09-06,78.246111,15.465556,26.82,"LONGYEAR, SV",38.6,24,35.2,24,9999.9,0,999.9,0,5.8,24,16.5,24,25.1,32.8,41.7, ,36.9, ,99.99, ,999.9,110000
1008099999,2023-09-07,78.246111,15.465556,26.82,"LONGYEAR, SV",38.8,24,33.3,24,9999.9,0,999.9,0,6.2,24,8.8,24,22.0,28.2,41.0,*,36.9,*,99.99, ,999.9,10000
1008099999,2023-09-08,78.246111,15.465556,26.82,"LONGYEAR, SV",43.5,24,40.0,24,9999.9,0,999.9,0,6.1,24,5.9,24,12.0,17.1,48.2,*,39.2,*,99.99, ,999.9,10000
1008099999,2023-09-09,78.246111,15.465556,26.82,"LONGYEAR, SV",41.0,24,36.7,24,9999.9,0,999.9,0,5.2,24,11.1,24,20.0,23.7,44.6,*,37.4,*,99.99, ,999.9,110000
1008099999,2023-09-10,78.246111,15.465556,26.82,"LONGYEAR, SV",36.7,24,29.6,24,9999.9,0,999.9,0,5.9,24,9.9,24,17.1,19.4,39.2,*,33.8,*,99.99, ,999.9,11000
1008099999,2023-09-11,78.246111,15.465556,26.82,"LONGYEAR, SV",35.7,24,27.6,24,9999.9,0,999.9,0,6.2,24,5.1,24,11.5,14.0,39.2,*,33.1, ,99.99, ,999.9,1000
1008099999,2023-09-12,78.246111,15.465556,26.82,"LONGYEAR, SV",34.7,24,29.7,24,9999.9,0,999.9,0,6.2,24,3.6,24,8.0,11.1,37.4,*,32.0,*,99.99, ,999.9,11000
1008099999,2023-09-13,78.246111,15.465556,26.82,"LONGYEAR, SV",35.6,24,28.8,24,9999.9,0,999.9,0,6.2,24,10.2,24,18.1,20.4,37.4, ,32.0,*,99.99, ,999.9,11000
1008099999,2023-09-14,78.246111,15.465556,26.82,"LONGYEAR, SV",36.4,24,29.8,24,9999.9,0,999.9,0,6.2,24,16.1,24,19.0,22.5,37.8, ,34.7, ,99.99, ,999.9,10000
1008099999,2023-09-15,78.246111,15.465556,26.82,"LONGYEAR, SV",35.9,24,30.1,24,9999.9,0,999.9,0,6.1,23,13.5,24,19.0,25.4,37.4,*,33.8,*,99.99, ,999.9,11000
1008099999,2023-09-16,78.246111,15.465556,26.82,"LONGYEAR, SV",31.9,24,25.8,24,9999.9,0,999.9,0,6.2,24,4.7,24,9.9,11.1,35.6,*,28.4, ,99.99, ,999.9,11000
1008099999,2023-09-17,78.246111,15.465556,26.82,"LONGYEAR, SV",28.9,24,24.0,24,9999.9,0,999.9,0,5.3,24,7.7,24,12.0,14.6,30.9, ,26.6,*,99.99, ,999.9,1000
1008099999,2023-09-18,78.246111,15.465556,26.82,"LONGYEAR, SV",27.3,24,19.0,24,9999.9,0,999.9,0,6.2,24,5.9,24,10.5,13.2,29.7, ,24.8,*,0.0,I,999.9,0
1008099999,2023-09-19,78.246111,15.465556,26.82,"LONGYEAR, SV",27.3,15,19.8,15,9999.9,0,999.9,0,6.2,15,4.4,15,7.6,999.9,30.2,*,24.8,*,0.0,I,999.9,0
1008099999,2023-09-20,78.246111,15.465556,26.82,"LONGYEAR, SV",25.9,24,20.3,24,9999.9,0,999.9,0,8.0,23,3.5,24,7.0,999.9,28.4,*,23.0,*,0.0,I,999.9,0
1008099999,2023-09-21,78.246111,15.465556,26.82,"LONGYEAR, SV",28.9,24,23.1,24,9999.9,0,999.9,0,6.2,24,4.3,24,8.9,11.7,30.4, ,26.6, ,99.99, ,999.9,1000
1008099999,2023-09-22,78.246111,15.465556,26.82,"LONGYEAR, SV",26.1,24,21.0,24,9999.9,0,999.9,0,6.2,24,4.2,24,8.0,11.3,29.3, ,21.2, ,99.99, ,999.9,1000
1008099999,2023-09-23,78.246111,15.465556,26.82,"LONGYEAR, SV",24.2,24,18.1,24,9999.9,0,999.9,0,6.2,24,3.5,24,7.0,999.9,30.0, ,20.1, ,0.0,I,999.9,0
1008099999,2023-09-24,78.246111,15.465556,26.82,"LONGYEAR, SV",23.8,24,18.3,24,9999.9,0,999.9,0,6.2,24,4.0,24,8.9,999.9,26.8, ,19.4,*,0.0,I,999.9,0
1008099999,2023-09-25,78.246111,15.465556,26.82,"LONGYEAR, SV",25.5,23,18.4,23,9999.9,0,999.9,0,6.2,22,4.6,23,11.1,12.0,27.1, ,22.1, ,0.0,I,999.9,0
1008099999,2023-09-26,78.246111,15.465556,26.82,"LONGYEAR, SV",21.0,23,15.5,23,9999.9,0,999.9,0,6.2,23,3.3,23,7.0,999.9,26.6,*,17.6,*,0.0,I,999.9,0
1008099999,2023-09-27,78.246111,15.465556,26.82,"LONGYEAR, SV",18.5,24,12.0,24,9999.9,0,999.9,0,6.2,24,5.8,24,8.9,9.7,21.2,*,15.4, ,0.0,I,999.9,0
1008099999,2023-09-28,78.246111,15.465556,26.82,"LONGYEAR, SV",27.7,24,20.3,24,9999.9,0,999.9,0,6.1,24,17.3,24,26.0,34.0,33.8,*,17.6,*,99.99, ,999.9,1000
1008099999,2023-09-29,78.246111,15.465556,26.82,"LONGYEAR, SV",32.9,23,26.4,23,9999.9,0,999.9,0,5.7,23,10.5,23,20.0,999.9,33.8,*,30.0, ,99.99, ,999.9,11000
1008099999,2023-09-30,78.246111,15.465556,26.82,"LONGYEAR, SV",29.0,24,18.9,24,9999.9,0,999.9,0,6.2,24,11.5,24,18.1,22.5,32.0, ,24.8,*,0.0,I,999.9,0
1008099999,2023-10-01,78.246111,15.465556,26.82,"LONGYEAR, SV",25.9,24,15.1,24,9999.9,0,999.9,0,6.2,24,16.0,24,20.0,24.7,28.4,*,23.0,*,0.0,I,999.9,0
1008099999,2023-10-02,78.246111,15.465556,26.82,"LONGYEAR, SV",27.0,24,17.4,24,9999.9,0,999.9,0,6.2,24,17.8,24,22.0,29.7,28.6, ,24.8, ,0.0,I,999.9,0
1008099999,2023-10-03,78.246111,15.465556,26.82,"LONGYEAR, SV",26.1,24,15.9,24,9999.9,0,999.9,0,6.1,24,13.0,24,19.0,23.9,30.2,*,24.8, ,99.99, ,999.9,1000
1008099999,2023-10-04,78.246111,15.465556,26.82,"LONGYEAR, SV",29.6,24,21.7,24,9999.9,0,999.9,0,6.2,24,14.4,24,18.1,21.0,32.0,*,28.4,*,0.0,I,999.9,0
1008099999,2023-10-05,78.246111,15.465556,26.82,"LONGYEAR, SV",29.3,23,17.8,23,9999.9,0,999.9,0,6.2,23,9.7,23,19.0,23.1,32.0,*,26.6,*,99.99, ,999.9,101000
1008099999,2023-10-06,78.246111,15.465556,26.82,"LONGYEAR, SV",28.9,24,21.4,24,9999.9,0,999.9,0,6.2,24,9.2,24,14.8,21.2,32.0, ,24.8,*,99.99, ,999.9,1000
1008099999,2023-10-07,78.246111,15.465556,26.82,"LONGYEAR, SV",27.7,24,18.3,24,9999.9,0,999.9,0,6.2,24,11.6,24,17.1,23.7,30.6, ,24.8,*,99.99, ,999.9,1000
1008099999,2023-10-08,78.246111,15.465556,26.82,"LONGYEAR, SV",23.8,24,15.4,24,9999.9,0,999.9,0,6.2,24,11.4,24,15.0,18.1,27.0, ,19.4,*,0.0,I,999.9,0
1008099999,2023-10-09,78.246111,15.465556,26.82,"LONGYEAR, SV",20.6,24,14.1,24,9999.9,0,999.9,0,6.2,23,10.6,24,13.0,17.1,23.5, ,17.6,*,0.0,I,999.9,0
1008099999,2023-10-10,78.246111,15.465556,26.82,"LONGYEAR, SV",17.6,24,10.6,24,9999.9,0,999.9,0,6.2,24,10.0,24,15.0,18.5,21.4, ,14.0,*,0.0,I,999.9,0
1008099999,2023-10-11,78.246111,15.465556,26.82,"LONGYEAR, SV",22.9,23,14.2,23,9999.9,0,999.9,0,6.2,23,12.0,23,15.3,21.0,24.8,*,17.1, ,0.0,I,999.9,0
1008099999,2023-10-12,78.246111,15.465556,26.82,"LONGYEAR, SV",25.7,24,15.1,24,9999.9,0,999.9,0,6.2,24,10.8,24,18.1,34.2,28.4,*,21.7, ,0.0,I,999.9,0
1008099999,2023-10-13,78.246111,15.465556,26.82,"LONGYEAR, SV",31.0,24,23.8,24,9999.9,0,999.9,0,6.2,24,10.2,24,19.0,23.9,33.8,*,27.9, ,99.99, ,999.9,1000
1008099999,2023-10-14,78.246111,15.465556,26.82,"LONGYEAR, SV",30.9,24,20.6,24,9999.9,0,999.9,0,6.2,24,12.2,24,21.0,28.9,33.8,*,27.9, ,99.99, ,999.9,11000
1008099999,2023-10-15,78.246111,15.465556,26.82,"LONGYEAR, SV",32.1,24,24.5,24,9999.9,0,999.9,0,5.9,24,17.2,24,22.9,28.0,33.8,*,30.2,*,99.99, ,999.9,1000
1008099999,2023-10-16,78.246111,15.465556,26.82,"LONGYEAR, SV",27.5,24,18.4,24,9999.9,0,999.9,0,6.2,24,11.9,24,21.0,999.9,30.2,*,23.0,*,99.99, ,999.9,1000
1008099999,2023-10-17,78.246111,15.465556,26.82,"LONGYEAR, SV",24.4,24,12.4,24,9999.9,0,999.9,0,6.2,24,10.2,24,14.0,18.3,25.7, ,22.3, ,0.0,I,999.9,0
1008099999,2023-10-18,78.246111,15.465556,26.82,"LONGYEAR, SV",27.3,24,18.7,24,9999.9,0,999.9,0,6.2,24,11.6,24,24.1,45.5,37.4,*,18.7, ,0.0,G,0.8,11000
1008099999,2023-10-19,78.246111,15.465556,26.82,"LONGYEAR, SV",34.0,24,27.1,24,9999.9,0,999.9,0,5.6,24,25.3,24,35.0,45.1,39.2, ,23.0,*,0.16,G,999.9,11000
1008099999,2023-10-20,78.246111,15.465556,26.82,"LONGYEAR, SV",23.3,24,13.4,24,9999.9,0,999.9,0,6.9,24,17.1,24,26.0,34.0,28.9, ,20.5, ,0.76,G,999.9,1000
1008099999,2023-10-21,78.246111,15.465556,26.82,"LONGYEAR, SV",20.4,24,11.8,24,9999.9,0,999.9,0,10.9,24,5.1,24,12.0,999.9,25.5, ,15.8, ,0.0,G,999.9,0
1008099999,2023-10-22,78.246111,15.465556,26.82,"LONGYEAR, SV",15.9,24,9.5,24,9999.9,0,999.9,0,7.7,24,5.8,24,11.1,999.9,19.8, ,12.2,*,0.0,G,999.9,0
1008099999,2023-10-23,78.246111,15.465556,26.82,"LONGYEAR, SV",17.6,24,10.2,24,9999.9,0,999.9,0,7.7,24,6.4,24,11.1,14.2,23.0, ,12.0, ,0.0,G,999.9,0
1008099999,2023-10-24,78.246111,15.465556,26.82,"LONGYEAR, SV",24.1,24,20.0,24,9999.9,0,999.9,0,7.6,24,3.7,24,8.0,999.9,27.5, ,20.5, ,0.0,H,999.9,1000
1008099999,2023-10-25,78.246111,15.465556,26.82,"LONGYEAR, SV",24.1,24,21.0,24,9999.9,0,999.9,0,6.7,24,5.4,24,8.9,999.9,27.0, ,19.4, ,0.0,G,999.9,10000
1008099999,2023-10-26,78.246111,15.465556,26.82,"LONGYEAR, SV",23.5,23,18.5,23,9999.9,0,999.9,0,8.1,23,6.5,23,9.9,10.5,26.6,*,19.2, ,0.0,G,999.9,1000
1008099999,2023-10-27,78.246111,15.465556,26.82,"LONGYEAR, SV",25.2,24,21.4,24,9999.9,0,999.9,0,5.9,24,5.7,24,9.7,999.9,27.0, ,23.0, ,0.04,G,999.9,1000
1008099999,2023-10-28,78.246111,15.465556,26.82,"LONGYEAR, SV",26.2,24,23.0,24,9999.9,0,999.9,0,7.2,24,5.3,24,7.0,999.9,27.3, ,24.8,*,0.01,G,1.2,1000
1008099999,2023-10-29,78.246111,15.465556,26.82,"LONGYEAR, SV",25.8,24,22.5,24,9999.9,0,999.9,0,7.1,24,4.9,24,11.1,999.9,28.4,*,21.2,*,0.02,G,1.2,1000
1008099999,2023-10-30,78.246111,15.465556,26.82,"LONGYEAR, SV",27.7,24,21.7,24,9999.9,0,999.9,0,7.3,24,9.9,24,14.0,18.1,34.0, ,21.4, ,0.0,G,1.2,11000
1008099999,2023-10-31,78.246111,15.465556,26.82,"LONGYEAR, SV",27.4,24,17.6,24,9999.9,0,999.9,0,7.5,24,13.5,24,20.0,999.9,34.3, ,19.4,*,0.03,G,1.2,11000
1008099999,2023-11-01,78.246111,15.465556,26.82,"LONGYEAR, SV",13.6,24,6.2,24,9999.9,0,999.9,0,7.8,24,7.9,24,14.0,999.9,23.7, ,7.9, ,0.0,G,1.2,0
1008099999,2023-11-02,78.246111,15.465556,26.82,"LONGYEAR, SV",12.7,24,3.7,24,9999.9,0,999.9,0,7.8,24,11.5,24,14.0,999.9,17.6,*,7.9, ,0.0,G,1.2,0
1008099999,2023-11-03,78.246111,15.465556,26.82,"LONGYEAR, SV",17.8,24,12.3,24,9999.9,0,999.9,0,7.3,24,7.9,24,11.1,11.3,19.8, ,15.1, ,0.0,E,1.6,1000
1008099999,2023-11-04,78.246111,15.465556,26.82,"LONGYEAR, SV",17.2,24,9.5,24,9999.9,0,999.9,0,6.9,24,7.1,24,9.9,999.9,21.2,*,13.3, ,0.0,F,1.6,1000
1008099999,2023-11-05,78.246111,15.465556,26.82,"LONGYEAR, SV",13.3,24,6.2,24,9999.9,0,999.9,0,4.6,24,6.7,24,9.9,11.8,16.0, ,6.8,*,0.03,G,2.4,1000
1008099999,2023-11-06,78.246111,15.465556,26.82,"LONGYEAR, SV",6.8,21,-0.2,21,9999.9,0,999.9,0,8.0,21,9.1,21,12.0,13.0,11.3, ,3.2,*,0.04,G,2.0,1000
1008099999,2023-11-07,78.246111,15.465556,26.82,"LONGYEAR, SV",10.6,24,3.9,24,9999.9,0,999.9,0,7.1,24,5.6,24,12.0,12.8,15.8,*,3.7, ,0.0,G,2.0,1000
1008099999,2023-11-08,78.246111,15.465556,26.82,"LONGYEAR, SV",23.8,24,15.7,24,9999.9,0,999.9,0,6.3,24,9.4,24,19.4,30.5,27.7, ,8.8, ,0.05,G,2.4,1000
1008099999,2023-11-09,78.246111,15.465556,26.82,"LONGYEAR, SV",26.8,24,23.2,24,9999.9,0,999.9,0,5.7,24,11.5,24,22.9,30.3,28.4, ,23.5, ,0.02,G,4.7,1000
1008099999,2023-11-10,78.246111,15.465556,26.82,"LONGYEAR, SV",19.2,24,12.2,24,9999.9,0,999.9,0,7.0,23,4.3,24,15.5,18.8,28.4, ,12.2, ,0.11,G,3.9,1000
1008099999,2023-11-11,78.246111,15.465556,26.82,"LONGYEAR, SV",18.7,24,11.5,24,9999.9,0,999.9,0,6.4,24,8.6,24,22.7,33.4,30.2,*,11.8, ,0.01,G,3.1,1000
1008099999,2023-11-12,78.246111,15.465556,26.82,"LONGYEAR, SV",25.7,24,20.1,24,9999.9,0,999.9,0,4.9,24,6.8,24,15.0,26.0,32.0,*,21.9, ,0.07,G,4.7,11000
1008099999,2023-11-13,78.246111,15.465556,26.82,"LONGYEAR, SV",17.1,24,8.2,24,9999.9,0,999.9,0,6.1,24,11.4,24,21.0,23.1,32.0, ,11.7, ,0.04,G,4.3,1000
1008099999,2023-11-14,78.246111,15.465556,26.82,"LONGYEAR, SV",12.2,24,4.5,24,9999.9,0,999.9,0,5.9,24,6.5,24,9.9,12.2,15.3, ,9.9, ,0.0,G,3.1,1000
1008099999,2023-11-15,78.246111,15.465556,26.82,"LONGYEAR, SV",5.0,24,-0.9,24,9999.9,0,999.9,0,6.7,24,7.6,24,12.0,999.9,12.0, ,-0.4,*,99.99, ,3.1,1000
1008099999,2023-11-16,78.246111,15.465556,26.82,"LONGYEAR, SV",9.0,24,0.7,24,9999.9,0,999.9,0,7.4,24,11.9,24,18.1,999.9,14.0, ,-1.7, ,0.0,G,4.3,1000
1008099999,2023-11-17,78.246111,15.465556,26.82,"LONGYEAR, SV",10.4,24,3.8,24,9999.9,0,999.9,0,6.9,24,7.8,24,11.7,999.9,13.3, ,6.8,*,0.0,G,3.9,1000
1008099999,2023-11-18,78.246111,15.465556,26.82,"LONGYEAR, SV",9.7,24,2.1,24,9999.9,0,999.9,0,7.0,24,7.9,24,13.6,999.9,13.6, ,5.0,*,0.0,G,3.9,1000
1008099999,2023-11-19,78.246111,15.465556,26.82,"LONGYEAR, SV",13.2,24,6.0,24,9999.9,0,999.9,0,7.0,24,9.8,24,13.0,999.9,26.6,*,7.7, ,0.0,G,3.1,1000
1008099999,2023-11-20,78.246111,15.465556,26.82,"LONGYEAR, SV",29.5,24,20.6,24,9999.9,0,999.9,0,6.5,24,13.8,24,18.1,25.1,32.0,*,15.3, ,0.0,G,3.1,11000
1008099999,2023-11-21,78.246111,15.465556,26.82,"LONGYEAR, SV",34.4,24,26.3,24,9999.9,0,999.9,0,6.7,24,11.1,24,21.0,28.9,37.4,*,30.0, ,0.0,G,4.3,11000
1008099999,2023-11-22,78.246111,15.465556,26.82,"LONGYEAR, SV",35.8,24,27.4,24,9999.9,0,999.9,0,6.7,24,21.9,24,33.0,49.0,38.7, ,32.0,*,0.01,G,3.1,10000
1008099999,2023-11-23,78.246111,15.465556,26.82,"LONGYEAR, SV",29.8,24,22.6,24,9999.9,0,999.9,0,7.2,24,16.5,24,25.1,28.9,35.6, ,24.8,*,0.0,G,3.1,11000
1008099999,2023-11-24,78.246111,15.465556,26.82,"LONGYEAR, SV",24.4,24,18.8,24,9999.9,0,999.9,0,7.5,24,8.4,24,15.0,22.0,30.2,*,18.1, ,0.0,G,3.1,11000
1008099999,2023-11-25,78.246111,15.465556,26.82,"LONGYEAR, SV",21.8,24,15.2,24,9999.9,0,999.9,0,6.5,24,7.5,24,12.0,13.6,25.2, ,20.3, ,0.0,H,3.1,1000
1008099999,2023-11-26,78.246111,15.465556,26.82,"LONGYEAR, SV",26.9,24,20.4,24,9999.9,0,999.9,0,7.7,24,5.5,24,18.1,19.4,35.6,*,20.3, ,0.0,H,3.1,10000
1008099999,2023-11-27,78.246111,15.465556,26.82,"LONGYEAR, SV",38.0,24,30.2,24,9999.9,0,999.9,0,7.8,24,13.2,24,21.4,33.0,41.0, ,33.1, ,0.0,H,3.1,10000
1008099999,2023-11-28,78.246111,15.465556,26.82,"LONGYEAR, SV",37.6,24,30.5,24,9999.9,0,999.9,0,7.5,24,10.8,24,17.1,22.0,40.6, ,33.6, ,0.0,H,2.8,10000
1008099999,2023-11-29,78.246111,15.465556,26.82,"LONGYEAR, SV",31.7,24,27.1,24,9999.9,0,999.9,0,7.0,24,7.1,24,14.0,17.1,37.0, ,26.6,*,0.0,G,2.8,10000
1008099999,2023-11-30,78.246111,15.465556,26.82,"LONGYEAR, SV",22.5,24,15.5,24,9999.9,0,999.9,0,6.9,24,15.4,24,19.0,23.1,30.2, ,17.6,*,0.0,H,2.8,1000
1008099999,2023-12-01,78.246111,15.465556,26.82,"LONGYEAR, SV",13.8,24,3.0,24,9999.9,0,999.9,0,7.0,23,17.1,24,21.4,27.4,20.5, ,10.2, ,0.0,G,2.8,0
1008099999,2023-12-02,78.246111,15.465556,26.82,"LONGYEAR, SV",18.0,24,10.9,24,9999.9,0,999.9,0,7.8,24,10.7,24,17.1,20.0,21.2,*,13.1, ,0.0,G,2.8,1000
1008099999,2023-12-03,78.246111,15.465556,26.82,"LONGYEAR, SV",17.2,24,11.5,24,9999.9,0,999.9,0,7.6,24,6.5,24,15.0,999.9,22.1, ,10.6, ,0.0,G,2.8,1000
1008099999,2023-12-04,78.246111,15.465556,26.82,"LONGYEAR, SV",20.2,24,11.8,24,9999.9,0,999.9,0,7.8,24,15.1,24,26.0,35.9,26.6,*,10.6, ,0.0,H,2.8,1000
1008099999,2023-12-05,78.246111,15.465556,26.82,"LONGYEAR, SV",24.8,24,15.8,24,9999.9,0,999.9,0,7.1,24,14.8,24,21.4,25.1,28.4,*,22.1, ,0.0,G,2.8,1000
1008099999,2023-12-06,78.246111,15.465556,26.82,"LONGYEAR, SV",24.6,24,15.8,24,9999.9,0,999.9,0,7.6,24,17.3,24,20.0,27.0,26.6,*,22.1, ,0.0,G,2.8,1000
1008099999,2023-12-07,78.246111,15.465556,26.82,"LONGYEAR, SV",25.9,24,16.7,24,9999.9,0,999.9,0,7.8,24,18.3,24,24.1,31.1,30.2,*,22.8, ,0.0,G,2.8,1000
1008099999,2023-12-08,78.246111,15.465556,26.82,"LONGYEAR, SV",31.0,24,22.7,24,9999.9,0,999.9,0,6.8,24,10.8,24,19.4,22.9,33.8,*,26.2, ,0.0,G,2.8,1000
1008099999,2023-12-09,78.246111,15.465556,26.82,"LONGYEAR, SV",25.9,24,22.4,24,9999.9,0,999.9,0,5.1,24,7.7,24,17.1,999.9,32.9, ,23.0,*,0.02,G,4.7,1000
1008099999,2023-12-10,78.246111,15.465556,26.82,"LONGYEAR, SV",25.4,24,17.9,24,9999.9,0,999.9,0,6.9,24,11.6,24,17.7,27.2,33.8, ,19.4,*,0.2,G,4.3,1000
1008099999,2023-12-11,78.246111,15.465556,26.82,"LONGYEAR, SV",25.4,24,18.1,24,9999.9,0,999.9,0,7.2,24,13.3,24,22.0,999.9,33.8, ,19.4,*,0.01,G,4.7,1000
1008099999,2023-12-12,78.246111,15.465556,26.82,"LONGYEAR, SV",16.7,24,6.3,24,9999.9,0,999.9,0,7.2,24,11.2,24,17.1,999.9,22.3, ,12.2,*,0.0,G,4.7,0
1008099999,2023-12-13,78.246111,15.465556,26.82,"LONGYEAR, SV",29.6,24,23.3,24,9999.9,0,999.9,0,6.9,24,12.0,24,22.9,28.9,37.8, ,13.8, ,0.01,E,3.9,11000
1008099999,2023-12-14,78.246111,15.465556,26.82,"LONGYEAR, SV",30.4,24,22.5,24,9999.9,0,999.9,0,6.7,24,8.1,24,15.0,17.3,34.7, ,20.1, ,0.0,F,3.9,11000
1008099999,2023-12-15,78.246111,15.465556,26.82,"LONGYEAR, SV",30.7,24,24.4,24,9999.9,0,999.9,0,7.8,24,8.5,24,18.1,21.4,36.9, ,20.1, ,0.0,G,3.9,1000
1008099999,2023-12-16,78.246111,15.465556,26.82,"LONGYEAR, SV",28.8,24,20.6,24,9999.9,0,999.9,0,7.5,24,17.2,24,27.0,27.8,30.7, ,26.6, ,0.0,H,3.9,1000
1008099999,2023-12-17,78.246111,15.465556,26.82,"LONGYEAR, SV",31.5,24,23.8,24,9999.9,0,999.9,0,7.8,24,14.0,24,20.0,24.9,32.4, ,27.7, ,0.0,G,3.9,1000
1008099999,2023-12-18,78.246111,15.465556,26.82,"LONGYEAR, SV",28.3,24,19.6,24,9999.9,0,999.9,0,7.6,24,16.3,24,22.0,27.8,32.9, ,24.1, ,0.0,G,3.9,0
1008099999,2023-12-19,78.246111,15.465556,26.82,"LONGYEAR, SV",22.4,24,12.3,24,9999.9,0,999.9,0,8.9,23,13.8,24,19.0,20.0,25.5, ,19.4,*,0.0,G,3.9,0
1008099999,2023-12-20,78.246111,15.465556,26.82,"LONGYEAR, SV",17.2,24,6.2,24,9999.9,0,999.9,0,7.2,24,14.2,24,19.4,25.8,21.6, ,13.6, ,0.0,G,3.9,1000
1008099999,2023-12-21,78.246111,15.465556,26.82,"LONGYEAR, SV",12.0,24,1.4,24,9999.9,0,999.9,0,7.2,24,10.7,24,17.1,999.9,16.7, ,7.2, ,0.0,G,3.9,0
1008099999,2023-12-22,78.246111,15.465556,26.82,"LONGYEAR, SV",8.0,24,-1.6,24,9999.9,0,999.9,0,7.8,24,10.9,24,15.0,21.2,12.2, ,2.5, ,0.0,G,3.9,1000
1008099999,2023-12-23,78.246111,15.465556,26.82,"LONGYEAR, SV",2.1,24,-7.3,24,9999.9,0,999.9,0,7.8,24,8.2,24,13.6,16.9,8.4, ,-2.2,*,0.0,G,3.9,1000
1008099999,2023-12-24,78.246111,15.465556,26.82,"LONGYEAR, SV",1.9,24,-8.1,24,9999.9,0,999.9,0,7.7,24,14.3,24,22.9,26.6,5.0,*,-2.6, ,0.0,G,3.9,0
1008099999,2023-12-25,78.246111,15.465556,26.82,"LONGYEAR, SV",5.3,24,-5.3,24,9999.9,0,999.9,0,7.7,24,20.1,24,25.1,31.9,12.2,*,2.3, ,0.0,G,3.9,1000
1008099999,2023-12-26,78.246111,15.465556,26.82,"LONGYEAR, SV",16.4,24,7.6,24,9999.9,0,999.9,0,6.4,24,22.8,24,27.2,39.0,20.7, ,6.3, ,0.0,G,3.1,1000
1008099999,2023-12-27,78.246111,15.465556,26.82,"LONGYEAR, SV",21.4,24,13.3,24,9999.9,0,999.9,0,6.6,24,14.4,24,22.3,26.8,26.6,*,18.5, ,0.0,G,3.1,1000
1008099999,2023-12-28,78.246111,15.465556,26.82,"LONGYEAR, SV",27.1,24,21.5,24,1004.2,4,0.6,4,7.0,24,9.1,24,15.0,15.7,30.2,*,20.3, ,0.0,G,3.1,1000
1008099999,2023-12-29,78.246111,15.465556,26.82,"LONGYEAR, SV",31.2,24,23.3,24,9999.9,0,999.9,0,7.0,24,11.2,24,19.0,23.1,35.1, ,25.7, ,0.0,G,3.1,1000
1008099999,2023-12-30,78.246111,15.465556,26.82,"LONGYEAR, SV",32.2,24,23.0,24,9999.9,0,999.9,0,8.4,24,13.0,24,18.1,20.2,35.1, ,29.7, ,0.0,G,3.1,1000
1008099999,2023-12-31,78.246111,15.465556,26.82,"LONGYEAR, SV",31.4,24,22.0,24,9999.9,0,999.9,0,6.9,24,10.8,24,17.3,21.2,33.8, ,29.1, ,0.0,G,2.8,1000
1009099999,2023-02-14,80.65,25.0,5.0,"KARL XII OYA, SV",16.9,5,13.3,5,1001.1,5,0.4,5,999.9,0,33.7,5,41.0,48.4,18.7,*,15.3, ,0.0,I,999.9,0
1009099999,2023-08-31,80.65,25.0,5.0,"KARL XII OYA, SV",36.9,21,35.8,21,1006.2,21,5.5,21,999.9,0,11.4,21,17.1,20.0,40.1, ,33.8, ,0.0,I,999.9,0
1009099999,2023-09-01,80.65,25.0,5.0,"KARL XII OYA, SV",38.9,24,35.3,24,1015.2,24,14.5,24,999.9,0,8.0,24,16.5,19.4,41.9, ,33.8, ,0.0,I,999.9,0
1009099999,2023-09-02,80.65,25.0,5.0,"KARL XII OYA, SV",40.6,24,34.9,24,1016.5,24,15.9,24,999.9,0,6.0,24,8.9,11.5,43.3, ,37.9, ,0.0,I,999.9,0
1009099999,2023-09-03,80.65,25.0,5.0,"KARL XII OYA, SV",37.8,24,36.2,24,1010.2,24,9.5,24,999.9,0,9.0,24,18.8,21.4,42.6, ,33.4, ,0.0,I,999.9,0
1009099999,2023-09-04,80.65,25.0,5.0,"KARL XII OYA, SV",40.1,24,38.7,24,997.2,24,996.5,24,999.9,0,14.5,24,19.6,23.5,41.5, ,38.3, ,0.0,I,999.9,0
1009099999,2023-10-19,80.65,25.0,5.0,"KARL XII OYA, SV",27.0,4,9999.9,0,994.5,4,993.9,4,999.9,0,26.7,4,33.0,999.9,35.8, ,18.0, ,0.0,I,999.9,0
1009099999,2023-10-20,80.65,25.0,5.0,"KARL XII OYA, SV",18.7,4,9999.9,0,995.1,4,994.4,4,999.9,0,33.0,4,42.7,999.9,22.5, ,14.2, ,0.0,I,999.9,0
1009099999,2023-10-21,80.65,25.0,5.0,"KARL XII OYA, SV",18.1,4,9999.9,0,1013.5,4,12.8,4,999.9,0,26.7,4,31.1,999.9,22.1, ,15.6, ,0.0,I,999.9,0
1009099999,2023-10-22,80.65,25.0,5.0,"KARL XII OYA, SV",18.5,4,9999.9,0,1016.0,4,15.3,4,999.9,0,17.0,4,25.3,999.9,22.1, ,15.6, ,0.0,I,999.9,0
1009099999,2023-10-23,80.65,25.0,5.0,"KARL XII OYA, SV",20.7,4,9999.9,0,1022.0,4,21.3,4,999.9,0,4.9,4,9.7,999.9,21.9, ,19.6, ,0.0,I,999.9,0
1009099999,2023-10-24,80.65,25.0,5.0,"KARL XII OYA, SV",26.0,4,9999.9,0,1021.0,4,20.3,4,999.9,0,6.8,4,9.7,999.9,28.9, ,21.6, ,0.0,I,999.9,0
1009099999,2023-10-25,80.65,25.0,5.0,"KARL XII OYA, SV",29.8,5,9999.9,0,1016.8,5,16.1,5,999.9,0,7.1,5,11.7,999.9,30.9, ,27.5, ,0.0,I,999.9,0
1009099999,2023-10-26,80.65,25.0,5.0,"KARL XII OYA, SV",31.2,4,9999.9,0,1014.4,4,13.7,4,999.9,0,5.8,4,7.8,999.9,32.2, ,30.2, ,0.0,I,999.9,0
1009099999,2023-10-27,80.65,25.0,5.0,"KARL XII OYA, SV",28.8,4,9999.9,0,1013.2,4,12.5,4,999.9,0,7.8,4,11.7,999.9,29.8, ,27.0, ,0.0,I,999.9,0
1009099999,2023-10-28,80.65,25.0,5.0,"KARL XII OYA, SV",27.7,4,9999.9,0,1013.5,4,12.9,4,999.9,0,8.3,4,15.5,999.9,29.1, ,26.2, ,0.0,I,999.9,0
1009099999,2023-10-29,80.65,25.0,5.0,"KARL XII OYA, SV",29.2,4,9999.9,0,1013.3,4,12.6,4,999.9,0,3.9,4,5.8,999.9,30.2, ,28.0, ,0.0,I,999.9,0
1009099999,2023-10-30,80.65,25.0,5.0,"KARL XII OYA, SV",29.9,4,9999.9,0,1007.6,4,6.9,4,999.9,0,12.6,4,15.5,999.9,32.2, ,28.4, ,0.0,I,999.9,0
1009099999,2023-10-31,80.65,25.0,5.0,"KARL XII OYA, SV",20.1,4,9999.9,0,1004.1,4,3.4,4,999.9,0,22.3,4,31.1,999.9,25.3, ,15.8, ,0.0,I,999.9,0
1009099999,2023-11-01,80.65,25.0,5.0,"KARL XII OYA, SV",17.0,4,9999.9,0,1015.0,4,14.3,4,999.9,0,16.0,4,19.4,999.9,18.7, ,15.1, ,0.0,I,999.9,0
1009099999,2023-11-02,80.65,25.0,5.0,"KARL XII OYA, SV",16.3,4,9999.9,0,1017.4,4,16.7,4,999.9,0,9.7,4,9.7,999.9,17.4, ,15.4, ,0.0,I,999.9,0
1009099999,2023-11-03,80.65,25.0,5.0,"KARL XII OYA, SV",11.7,6,9999.9,0,1015.3,6,14.6,6,999.9,0,10.2,6,15.5,15.9,14.2, ,9.7, ,0.0,I,999.9,0
1009099999,2023-11-04,80.65,25.0,5.0,"KARL XII OYA, SV",8.9,4,9999.9,0,1012.2,4,11.5,4,999.9,0,16.5,4,21.4,999.9,11.3, ,7.9, ,0.0,I,999.9,0
1009099999,2023-11-05,80.65,25.0,5.0,"KARL XII OYA, SV",12.0,4,9999.9,0,1013.5,4,12.8,4,999.9,0,8.3,4,9.7,999.9,13.8, ,9.3, ,0.0,I,999.9,0
1009099999,2023-11-06,80.65,25.0,5.0,"KARL XII OYA, SV",10.3,4,9999.9,0,1011.8,4,11.2,4,999.9,0,13.1,4,15.5,999.9,16.3, ,5.2, ,0.0,I,999.9,0
1009099999,2023-11-07,80.65,25.0,5.0,"KARL XII OYA, SV",10.3,4,9999.9,0,1012.4,4,11.7,4,999.9,0,17.5,4,21.4,999.9,10.8, ,8.8, ,0.0,I,999.9,0
1009099999,2023-11-08,80.65,25.0,5.0,"KARL XII OYA, SV",10.1,4,9999.9,0,1009.3,4,8.6,4,999.9,0,10.2,4,19.4,999.9,19.9, ,5.9, ,0.0,I,999.9,0
1009099999,2023-11-09,80.65,25.0,5.0,"KARL XII OYA, SV",6.6,4,9999.9,0,1007.5,4,6.8,4,999.9,0,13.1,4,15.5,999.9,12.0, ,-1.1, ,0.0,I,999.9,0
1009099999,2023-11-11,80.65,25.0,5.0,"KARL XII OYA, SV",7.7,4,9999.9,0,1016.0,4,15.3,4,999.9,0,8.7,4,13.6,999.9,15.1, ,2.1, ,0.0,I,999.9,0
1009099999,2023-11-12,80.65,25.0,5.0,"KARL XII OYA, SV",13.3,4,9999.9,0,1007.6,4,6.9,4,999.9,0,12.1,4,13.6,999.9,20.5, ,4.8, ,0.0,I,999.9,0
1009099999,2023-11-13,80.65,25.0,5.0,"KARL XII OYA, SV",3.4,5,9999.9,0,1012.7,5,12.0,5,999.9,0,11.1,5,13.6,15.7,8.6,*,-2.7, ,0.0,I,999.9,0
1009099999,2023-11-15,80.65,25.0,5.0,"KARL XII OYA, SV",-6.4,4,9999.9,0,1017.0,4,16.3,4,999.9,0,13.6,4,17.5,999.9,-4.5, ,-9.9, ,0.0,I,999.9,0
1009099999,2023-11-16,80.65,25.0,5.0,"KARL XII OYA, SV",0.6,4,9999.9,0,1010.3,4,9.6,4,999.9,0,5.8,4,7.8,999.9,3.7, ,-4.7, ,0.0,I,999.9,0
1009099999,2023-11-17,80.65,25.0,5.0,"KARL XII OYA, SV",-0.1,4,9999.9,0,1010.8,4,10.1,4,999.9,0,4.4,4,7.8,999.9,4.3, ,-6.0, ,0.0,I,999.9,0
1009099999,2023-11-18,80.65,25.0,5.0,"KARL XII OYA, SV",-10.0,4,9999.9,0,1016.3,4,15.5,4,999.9,0,5.8,4,7.8,999.9,-5.1, ,-15.3, ,0.0,I,999.9,0
1009099999,2023-11-19,80.65,25.0,5.0,"KARL XII OYA, SV",1.1,4,9999.9,0,1012.2,4,11.5,4,999.9,0,3.4,4,3.9,999.9,5.9, ,-3.3, ,0.0,I,999.9,0
1009099999,2023-11-20,80.65,25.0,5.0,"KARL XII OYA, SV",8.7,4,9999.9,0,1003.8,4,3.1,4,999.9,0,7.3,4,11.7,999.9,18.7, ,-2.0, ,0.0,I,999.9,0
1009099999,2023-11-21,80.65,25.0,5.0,"KARL XII OYA, SV",23.1,4,9999.9,0,994.1,4,993.5,4,999.9,0,11.7,4,13.6,999.9,28.4, ,14.7, ,0.0,I,999.9,0
1009099999,2023-11-22,80.65,25.0,5.0,"KARL XII OYA, SV",32.9,4,9999.9,0,987.6,4,986.9,4,999.9,0,17.0,4,23.3,999.9,35.2, ,30.9, ,0.0,I,999.9,0
1009099999,2023-11-23,80.65,25.0,5.0,"KARL XII OYA, SV",29.7,4,9999.9,0,1003.6,4,2.9,4,999.9,0,23.3,4,31.1,999.9,32.0, ,28.2, ,0.0,I,999.9,0
1009099999,2023-11-24,80.65,25.0,5.0,"KARL XII OYA, SV",22.6,5,9999.9,0,1010.5,5,9.8,5,999.9,0,11.0,5,17.5,999.9,27.1, ,17.4, ,0.0,I,999.9,0
1009099999,2023-11-25,80.65,25.0,5.0,"KARL XII OYA, SV",23.0,4,9999.9,0,1014.7,4,14.0,4,999.9,0,9.2,4,11.7,999.9,24.8, ,21.0, ,0.0,I,999.9,0
1009099999,2023-11-26,80.65,25.0,5.0,"KARL XII OYA, SV",27.0,4,9999.9,0,1014.1,4,13.5,4,999.9,0,11.7,4,15.5,999.9,29.3, ,25.3, ,0.0,I,999.9,0
1009099999,2023-11-27,80.65,25.0,5.0,"KARL XII OYA, SV",30.3,4,9999.9,0,1011.5,4,10.9,4,999.9,0,7.8,4,9.7,999.9,31.5, ,28.9, ,0.0,I,999.9,0
1009099999,2023-11-28,80.65,25.0,5.0,"KARL XII OYA, SV",31.0,5,9999.9,0,1016.8,5,16.1,5,999.9,0,11.9,5,15.5,999.9,33.6, ,24.1, ,0.0,I,999.9,0
1009099999,2023-11-29,80.65,25.0,5.0,"KARL XII OYA, SV",13.3,4,9999.9,0,1035.6,4,34.9,4,999.9,0,12.3,4,15.5,999.9,14.7, ,11.3, ,0.0,I,999.9,0
1009099999,2023-11-30,80.65,25.0,5.0,"KARL XII OYA, SV",11.3,4,9999.9,0,1037.3,4,36.6,4,999.9,0,16.5,4,19.4,999.9,15.1, ,8.4, ,0.0,I,999.9,0
1009099999,2023-12-01,80.65,25.0,5.0,"KARL XII OYA, SV",11.3,4,9999.9,0,1036.4,4,35.7,4,999.9,0,15.1,4,17.5,999.9,15.8, ,7.7, ,0.0,I,999.9,0
1009099999,2023-12-02,80.65,25.0,5.0,"KARL XII OYA, SV",19.5,4,9999.9,0,1032.7,4,32.0,4,999.9,0,13.3,4,22.1,25.3,24.4,*,15.4, ,0.0,I,999.9,0
1009099999,2023-12-03,80.65,25.0,5.0,"KARL XII OYA, SV",10.8,4,9999.9,0,1029.2,4,28.5,4,999.9,0,17.5,4,19.4,999.9,21.6, ,3.7, ,0.0,I,999.9,0
1009099999,2023-12-04,80.65,25.0,5.0,"KARL XII OYA, SV",12.3,4,9999.9,0,1037.9,4,37.2,4,999.9,0,14.1,4,19.4,999.9,15.4, ,9.1, ,0.0,I,999.9,0
1009099999,2023-12-05,80.65,25.0,5.0,"KARL XII OYA, SV",18.3,6,9999.9,0,1041.9,6,41.2,6,999.9,0,12.1,6,14.0,17.3,19.8, ,15.4, ,0.0,I,999.9,0
1009099999,2023-12-06,80.65,25.0,5.0,"KARL XII OYA, SV",23.4,4,9999.9,0,1040.6,4,39.8,4,999.9,0,13.1,4,19.4,999.9,25.0, ,22.1, ,0.0,I,999.9,0
1009099999,2023-12-07,80.65,25.0,5.0,"KARL XII OYA, SV",24.4,4,9999.9,0,1031.4,4,30.8,4,999.9,0,19.9,4,25.3,999.9,27.0, ,20.7, ,0.0,I,999.9,0
1009099999,2023-12-08,80.65,25.0,5.0,"KARL XII OYA, SV",29.5,4,9999.9,0,1015.2,4,14.6,4,999.9,0,22.3,4,27.2,999.9,31.3, ,27.7, ,0.0,I,999.9,0
1009099999,2023-12-09,80.65,25.0,5.0,"KARL XII OYA, SV",31.2,4,9999.9,0,1004.9,4,4.2,4,999.9,0,17.5,4,23.3,999.9,33.1, ,30.0, ,0.0,I,999.9,0
1009099999,2023-12-10,80.65,25.0,5.0,"KARL XII OYA, SV",25.8,4,9999.9,0,1000.0,4,999.3,4,999.9,0,15.5,4,25.3,999.9,29.7, ,23.2, ,0.0,I,999.9,0
1009099999,2023-12-11,80.65,25.0,5.0,"KARL XII OYA, SV",26.7,4,9999.9,0,997.0,4,996.4,4,999.9,0,14.1,4,17.5,999.9,28.9, ,22.8, ,0.0,I,999.9,0
1009099999,2023-12-12,80.65,25.0,5.0,"KARL XII OYA, SV",14.6,4,9999.9,0,1001.9,4,1.2,4,999.9,0,17.5,4,23.3,999.9,18.7, ,11.3, ,0.0,I,999.9,0
1009099999,2023-12-13,80.65,25.0,5.0,"KARL XII OYA, SV",24.6,4,9999.9,0,998.2,4,997.5,4,999.9,0,19.4,4,25.3,999.9,34.7, ,16.0, ,0.0,I,999.9,0
1009099999,2023-12-14,80.65,25.0,5.0,"KARL XII OYA, SV",29.3,4,9999.9,0,1001.7,4,1.1,4,999.9,0,7.8,4,15.5,999.9,32.2, ,27.0, ,0.0,I,999.9,0
1009099999,2023-12-15,80.65,25.0,5.0,"KARL XII OYA, SV",29.1,4,9999.9,0,1006.9,4,6.2,4,999.9,0,8.7,4,11.7,999.9,31.6, ,25.0, ,0.0,I,999.9,0
1009099999,2023-12-16,80.65,25.0,5.0,"KARL XII OYA, SV",30.0,4,9999.9,0,997.5,4,996.8,4,999.9,0,18.0,4,21.4,999.9,30.4, ,28.8, ,0.0,I,999.9,0
1009099999,2023-12-17,80.65,25.0,5.0,"KARL XII OYA, SV",29.1,4,9999.9,0,988.3,4,987.6,4,999.9,0,18.0,4,19.4,999.9,30.0, ,28.2, ,0.0,I,999.9,0
1009099999,2023-12-19,80.65,25.0,5.0,"KARL XII OYA, SV",16.6,4,9999.9,0,992.5,4,991.8,4,999.9,0,18.5,4,19.4,999.9,21.6, ,11.8, ,0.0,I,999.9,0
1009099999,2023-12-20,80.65,25.0,5.0,"KARL XII OYA, SV",10.3,5,9999.9,0,994.1,5,993.4,5,999.9,0,14.1,5,17.5,999.9,12.2, ,7.2, ,0.0,I,999.9,0
1009099999,2023-12-21,80.65,25.0,5.0,"KARL XII OYA, SV",7.1,4,9999.9,0,996.6,4,995.9,4,999.9,0,15.5,4,17.5,999.9,9.9, ,4.5, ,0.0,I,999.9,0
1009099999,2023-12-22,80.65,25.0,5.0,"KARL XII OYA, SV",4.0,4,9999.9,0,1001.6,4,0.9,4,999.9,0,18.5,4,21.4,999.9,7.2, ,1.2, ,0.0,I,999.9,0
1009099999,2023-12-23,80.65,25.0,5.0,"KARL XII OYA, SV",1.4,4,9999.9,0,1011.5,4,10.8,4,999.9,0,14.1,4,15.5,999.9,3.2, ,-2.0, ,0.0,I,999.9,0
1009099999,2023-12-24,80.65,25.0,5.0,"KARL XII OYA, SV",1.9,4,9999.9,0,1020.8,4,20.1,4,999.9,0,8.7,4,11.7,999.9,3.9, ,-1.1, ,0.0,I,999.9,0
1009099999,2023-12-25,80.65,25.0,5.0,"KARL XII OYA, SV",0.0,4,9999.9,0,1021.8,4,21.1,4,999.9,0,14.1,4,21.4,999.9,1.4, ,-0.9, ,0.0,I,999.9,0
1009099999,2023-12-26,80.65,25.0,5.0,"KARL XII OYA, SV",3.8,4,9999.9,0,1016.9,4,16.2,4,999.9,0,18.5,4,21.4,999.9,6.4, ,1.6, ,0.0,I,999.9,0
1009099999,2023-12-27,80.65,25.0,5.0,"KARL XII OYA, SV",13.2,4,9999.9,0,1013.0,4,12.3,4,999.9,0,17.5,4,21.4,999.9,18.0, ,8.1, ,0.0,I,999.9,0
1009099999,2023-12-28,80.65,25.0,5.0,"KARL XII OYA, SV",21.3,4,9999.9,0,1010.5,4,9.8,4,999.9,0,18.0,4,21.4,999.9,25.3, ,17.1, ,0.0,I,999.9,0
1009099999,2023-12-29,80.65,25.0,5.0,"KARL XII OYA, SV",25.9,4,9999.9,0,1008.9,4,8.3,4,999.9,0,19.9,4,21.4,999.9,29.3, ,18.9, ,0.0,I,999.9,0
1009099999,2023-12-30,80.65,25.0,5.0,"KARL XII OYA, SV",27.7,4,9999.9,0,1018.3,4,17.6,4,999.9,0,21.4,4,25.3,999.9,29.1, ,25.7, ,0.0,I,999.9,0
1009099999,2023-12-31,80.65,25.0,5.0,"KARL XII OYA, SV",29.4,4,9999.9,0,1015.2,4,14.6,4,999.9,0,15.1,4,19.4,999.9,31.1, ,26.2, ,0.0,I,999.9,0
1010099999,2023-01-01,69.2925,16.144167,13.1,"ANDOYA, NO",35.4,24,27.0,24,9999.9,0,999.9,0,6.1,24,17.8,24,28.9,39.8,37.6,*,32.0,*,99.99, ,999.9,11000
1010099999,2023-01-02,69.2925,16.144167,13.1,"ANDOYA, NO",34.5,24,31.4,24,9999.9,0,999.9,0,5.4,24,9.1,24,18.1,28.0,37.4,*,32.0,*,99.99, ,999.9,10000
1010099999,2023-01-03,69.2925,16.144167,13.1,"ANDOYA, NO",34.7,24,24.6,24,9999.9,0,999.9,0,6.0,24,10.3,24,19.0,28.0,37.4,*,30.2,*,99.99, ,999.9,11000
1010099999,2023-01-04,69.2925,16.144167,13.1,"ANDOYA, NO",30.9,24,21.2,24,9999.9,0,999.9,0,6.2,24,12.9,24,19.0,24.9,35.6,*,26.6,*,0.0,I,999.9,0
1010099999,2023-01-05,69.2925,16.144167,13.1,"ANDOYA, NO",26.5,24,13.0,24,9999.9,0,999.9,0,6.2,24,11.9,24,17.1,24.9,28.6,*,23.0,*,0.0,I,999.9,0
1010099999,2023-01-06,69.2925,16.144167,13.1,"ANDOYA, NO",24.8,24,13.4,24,9999.9,0,999.9,0,6.2,24,13.7,24,17.1,23.9,26.6,*,21.2,*,0.0,I,999.9,0
1010099999,2023-01-07,69.2925,16.144167,13.1,"ANDOYA, NO",26.4,24,12.3,24,9999.9,0,999.9,0,6.2,24,20.0,24,25.1,33.8,28.4,*,24.8,*,0.0,I,999.9,0
1010099999,2023-01-08,69.2925,16.144167,13.1,"ANDOYA, NO",30.9,24,19.5,24,9999.9,0,999.9,0,6.2,24,22.3,24,28.0,35.0,35.6,*,28.4,*,99.99, ,999.9,11000
1010099999,2023-01-09,69.2925,16.144167,13.1,"ANDOYA, NO",34.5,24,25.1,24,9999.9,0,999.9,0,6.2,24,15.3,24,22.9,29.9,37.4,*,30.2,*,0.0,I,999.9,0
1010099999,2023-01-10,69.2925,16.144167,13.1,"ANDOYA, NO",34.2,24,27.1,24,9999.9,0,999.9,0,6.2,24,12.1,24,17.1,21.0,35.8,*,33.3,*,99.99, ,999.9,10000
1010099999,2023-01-11,69.2925,16.144167,13.1,"ANDOYA, NO",34.5,24,26.7,24,9999.9,0,999.9,0,6.2,24,13.5,24,17.1,22.0,36.0,*,32.0,*,99.99, ,999.9,10000
1010099999,2023-01-12,69.2925,16.144167,13.1,"ANDOYA, NO",32.9,24,29.8,24,9999.9,0,999.9,0,5.5,24,5.1,24,11.1,15.0,33.8,*,28.4,*,99.99, ,999.9,11000
1010099999,2023-01-13,69.2925,16.144167,13.1,"ANDOYA, NO",34.4,24,31.0,24,9999.9,0,999.9,0,6.2,24,9.3,24,17.1,17.9,35.6,*,32.0,*,99.99, ,999.9,10000
1010099999,2023-01-14,69.2925,16.144167,13.1,"ANDOYA, NO",30.7,24,24.4,24,9999.9,0,999.9,0,5.5,24,18.7,24,26.0,45.1,35.6,*,26.6,*,99.99, ,999.9,11000
1010099999,2023-01-15,69.2925,16.144167,13.1,"ANDOYA, NO",27.0,24,16.5,24,9999.9,0,999.9,0,6.2,24,8.5,24,15.0,18.8,33.8,*,21.2,*,0.0,I,999.9,0
1010099999,2023-01-16,69.2925,16.144167,13.1,"ANDOYA, NO",28.3,24,23.0,24,9999.9,0,999.9,0,6.2,24,7.9,24,12.0,14.0,33.8,*,23.0,*,99.99, ,999.9,1000
1010099999,2023-01-17,69.2925,16.144167,13.1,"ANDOYA, NO",34.0,24,29.2,24,9999.9,0,999.9,0,6.1,24,9.3,24,15.9,18.8,36.0,*,28.0,*,99.99, ,999.9,10000
1010099999,2023-01-18,69.2925,16.144167,13.1,"ANDOYA, NO",33.0,24,22.9,24,9999.9,0,999.9,0,6.2,24,12.8,24,19.0,24.9,35.6,*,30.2,*,0.0,I,999.9,0
1010099999,2023-01-19,69.2925,16.144167,13.1,"ANDOYA, NO",31.8,24,24.4,24,9999.9,0,999.9,0,6.0,24,13.1,24,18.1,21.0,34.2,*,28.0,*,99.99, ,999.9,11000
1010099999,2023-01-20,69.2925,16.144167,13.1,"ANDOYA, NO",34.6,24,26.9,24,9999.9,0,999.9,0,6.0,24,13.8,24,22.9,32.8,39.2,*,30.2,*,99.99, ,999.9,11000
1010099999,2023-01-21,69.2925,16.144167,13.1,"ANDOYA, NO",35.0,24,29.6,24,9999.9,0,999.9,0,6.1,24,15.4,24,32.1,44.9,38.3,*,30.2,*,99.99, ,999.9,10000
1010099999,2023-01-22,69.2925,16.144167,13.1,"ANDOYA, NO",40.3,24,30.8,24,9999.9,0,999.9,0,6.2,24,21.5,24,33.0,37.9,44.6,*,36.9,*,99.99, ,999.9,10000
1010099999,2023-01-23,69.2925,16.144167,13.1,"ANDOYA, NO",36.8,24,28.0,24,9999.9,0,999.9,0,5.5,24,27.3,24,35.0,70.9,41.0,*,32.0,*,99.99, ,999.9,11000
1010099999,2023-01-24,69.2925,16.144167,13.1,"ANDOYA, NO",36.6,24,27.1,24,9999.9,0,999.9,0,5.8,24,19.7,24,32.1,53.0,37.8,*,33.3,*,99.99, ,999.9,11000
1010099999,2023-01-25,69.2925,16.144167,13.1,"ANDOYA, NO",33.9,24,27.9,24,9999.9,0,999.9,0,6.0,24,10.9,24,21.0,29.9,35.6,*,32.0,*,0.15,G,999.9,11000
1010099999,2023-01-26,69.2925,16.144167,13.1,"ANDOYA, NO",33.4,24,25.9,24,9999.9,0,999.9,0,5.7,24,19.5,24,29.9,47.0,39.2,*,30.2,*,0.0,G,999.9,11000
1010099999,2023-01-27,69.2925,16.144167,13.1,"ANDOYA, NO",38.2,24,32.9,24,9999.9,0,999.9,0,5.7,24,21.8,24,33.0,45.1,42.8,*,33.8,*,99.99, ,999.9,10000
1010099999,2023-01-28,69.2925,16.144167,13.1,"ANDOYA, NO",34.9,24,29.2,24,9999.9,0,999.9,0,5.3,24,18.1,24,24.1,37.9,39.2,*,30.2,*,99.99, ,999.9,11000
1010099999,2023-01-29,69.2925,16.144167,13.1,"ANDOYA, NO",33.4,24,25.9,24,9999.9,0,999.9,0,6.2,24,10.3,24,21.0,28.9,37.4,*,26.6,*,99.99, ,999.9,10000
1010099999,2023-01-30,69.2925,16.144167,13.1,"ANDOYA, NO",28.5,24,23.6,24,9999.9,0,999.9,0,6.2,24,6.1,24,13.0,16.9,32.9,*,23.0,*,99.99, ,999.9,1000
1010099999,2023-01-31,69.2925,16.144167,13.1,"ANDOYA, NO",32.9,24,28.6,24,9999.9,0,999.9,0,5.4,24,9.1,24,21.0,28.9,35.6,*,28.4,*,99.99, ,999.9,11000
1010099999,2023-02-01,69.2925,16.144167,13.1,"ANDOYA, NO",30.5,24,26.6,24,9999.9,0,999.9,0,5.5,24,6.3,24,15.9,28.0,35.6,*,19.4,*,99.99, ,999.9,11000
1010099999,2023-02-02,69.2925,16.144167,13.1,"ANDOYA, NO",22.2,24,19.7,24,9999.9,0,999.9,0,6.2,24,8.4,24,12.0,14.0,24.8,*,19.4,*,0.0,I,999.9,0
1010099999,2023-02-03,69.2925,16.144167,13.1,"ANDOYA, NO",21.8,24,16.5,24,9999.9,0,999.9,0,5.9,24,10.8,24,15.0,15.9,30.2,*,19.4,*,99.99, ,999.9,1000
1010099999,2023-02-04,69.2925,16.144167,13.1,"ANDOYA, NO",34.1,24,27.9,24,9999.9,0,999.9,0,5.9,24,13.5,24,21.0,29.9,37.4,*,28.0,*,99.99, ,999.9,11000
1010099999,2023-02-05,69.2925,16.144167,13.1,"ANDOYA, NO",37.9,24,28.8,24,9999.9,0,999.9,0,6.1,24,21.0,24,29.9,45.8,39.6,*,35.6,*,99.99, ,999.9,10000
1010099999,2023-02-06,69.2925,16.144167,13.1,"ANDOYA, NO",40.2,24,35.6,24,9999.9,0,999.9,0,5.0,24,20.8,24,28.9,42.9,44.6,*,35.6,*,99.99, ,999.9,10000
1010099999,2023-02-07,69.2925,16.144167,13.1,"ANDOYA, NO",41.1,24,32.1,24,9999.9,0,999.9,0,5.1,24,27.0,24,41.0,73.8,44.6,*,37.4,*,99.99, ,999.9,10000
1010099999,2023-02-08,69.2925,16.144167,13.1,"ANDOYA, NO",39.4,24,33.5,24,9999.9,0,999.9,0,5.1,24,30.5,24,38.1,56.9,41.0,*,33.1,*,99.99, ,999.9,11000
1010099999,2023-02-09,69.2925,16.144167,13.1,"ANDOYA, NO",33.1,24,27.3,24,9999.9,0,999.9,0,5.1,24,12.1,24,22.0,35.9,35.6,*,30.2,*,99.99, ,999.9,11000
1010099999,2023-02-10,69.2925,16.144167,13.1,"ANDOYA, NO",29.1,24,19.8,24,9999.9,0,999.9,0,4.8,24,21.6,24,31.1,46.8,32.0,*,24.8,*,99.99, ,999.9,11000
1010099999,2023-02-11,69.2925,16.144167,13.1,"ANDOYA, NO",31.3,24,21.9,24,9999.9,0,999.9,0,5.3,24,19.7,24,26.0,38.9,33.8,*,28.4,*,99.99, ,999.9,111000
1010099999,2023-02-12,69.2925,16.144167,13.1,"ANDOYA, NO",38.2,24,30.5,24,9999.9,0,999.9,0,4.8,24,31.1,24,45.1,76.9,43.7,*,33.3,*,99.99, ,999.9,11000
1010099999,2023-02-13,69.2925,16.144167,13.1,"ANDOYA, NO",37.2,24,31.4,24,9999.9,0,999.9,0,5.5,24,22.1,24,39.0,53.0,41.0,*,33.8,*,99.99, ,999.9,10000
1010099999,2023-02-14,69.2925,16.144167,13.1,"ANDOYA, NO",43.8,24,37.5,24,9999.9,0,999.9,0,5.9,24,21.3,24,32.1,52.1,45.0,*,41.0,*,99.99, ,999.9,10000
1010099999,2023-02-15,69.2925,16.144167,13.1,"ANDOYA, NO",40.6,24,33.5,24,9999.9,0,999.9,0,6.2,24,13.2,24,21.0,26.8,44.6,*,37.4,*,99.99, ,999.9,10000
1010099999,2023-02-16,69.2925,16.144167,13.1,"ANDOYA, NO",39.2,24,31.8,24,9999.9,0,999.9,0,6.1,24,12.5,24,22.0,999.9,42.8,*,33.8,*,99.99, ,999.9,10000
1010099999,2023-02-17,69.2925,16.144167,13.1,"ANDOYA, NO",33.6,24,26.1,24,9999.9,0,999.9,0,6.2,24,9.8,24,17.1,999.9,35.6,*,30.2,*,99.99, ,999.9,10000
1010099999,2023-02-18,69.2925,16.144167,13.1,"ANDOYA, NO",32.6,24,26.3,24,9999.9,0,999.9,0,6.2,24,10.1,24,15.9,999.9,35.6,*,26.6,*,0.0,I,999.9,0
1010099999,2023-02-19,69.2925,16.144167,13.1,"ANDOYA, NO",33.3,24,29.1,24,9999.9,0,999.9,0,6.0,24,17.6,24,32.1,999.9,35.6,*,28.4,*,99.99, ,999.9,10000
1010099999,2023-02-20,69.2925,16.144167,13.1,"ANDOYA, NO",30.4,24,22.1,24,9999.9,0,999.9,0,6.2,24,11.5,24,19.0,999.9,33.8,*,21.2,*,0.0,I,999.9,0
1010099999,2023-02-21,69.2925,16.144167,13.1,"ANDOYA, NO",25.3,24,20.4,24,9999.9,0,999.9,0,6.0,24,6.2,24,9.9,999.9,30.2,*,17.6,*,99.99, ,999.9,1000
1010099999,2023-02-22,69.2925,16.144167,13.1,"ANDOYA, NO",29.1,24,21.4,24,9999.9,0,999.9,0,6.2,24,16.4,24,24.1,31.9,36.0,*,24.8,*,99.99, ,999.9,10000
1010099999,2023-02-23,69.2925,16.144167,13.1,"ANDOYA, NO",34.8,24,29.5,24,9999.9,0,999.9,0,5.0,24,19.4,24,26.0,39.8,37.4,*,32.0,*,99.99, ,999.9,11010
1010099999,2023-02-24,69.2925,16.144167,13.1,"ANDOYA, NO",31.1,24,22.8,24,9999.9,0,999.9,0,5.7,24,17.3,24,24.1,35.0,33.8,*,27.7,*,99.99, ,999.9,11000
1010099999,2023-02-25,69.2925,16.144167,13.1,"ANDOYA, NO",35.4,24,27.6,24,9999.9,0,999.9,0,5.9,24,18.7,24,25.1,31.9,37.4,*,32.0,*,99.99, ,999.9,10000
1010099999,2023-02-26,69.2925,16.144167,13.1,"ANDOYA, NO",38.9,24,32.5,24,9999.9,0,999.9,0,5.9,24,15.5,24,22.0,33.0,42.8,*,33.8,*,99.99, ,999.9,10000
1010099999,2023-02-27,69.2925,16.144167,13.1,"ANDOYA, NO",37.5,24,28.3,24,9999.9,0,999.9,0,5.8,24,30.1,24,37.9,60.8,43.2,*,28.4,*,99.99, ,999.9,11000
1010099999,2023-02-28,69.2925,16.144167,13.1,"ANDOYA, NO",34.8,24,28.0,24,9999.9,0,999.9,0,4.4,24,23.6,24,32.1,47.0,42.8,*,28.4,*,99.99, ,999.9,11000
1010099999,2023-03-01,69.2925,16.144167,13.1,"ANDOYA, NO",40.4,24,34.3,24,9999.9,0,999.9,0,5.6,24,22.5,24,34.0,53.8,42.8,*,35.6,*,99.99, ,999.9,10000
1010099999,2023-03-02,69.2925,16.144167,13.1,"ANDOYA, NO",35.8,22,30.8,22,9999.9,0,999.9,0,5.3,22,22.7,22,31.1,42.0,37.4,*,33.8,*,99.99, ,999.9,10000
1010099999,2023-03-03,69.2925,16.144167,13.1,"ANDOYA, NO",28.2,18,20.6,18,9999.9,0,999.9,0,4.6,18,20.7,18,28.9,40.8,33.8,*,23.0,*,99.99, ,999.9,11000
1010099999,2023-03-04,69.2925,16.144167,13.1,"ANDOYA, NO",28.0,22,18.2,22,1007.8,5,6.2,5,4.8,17,19.1,22,35.0,57.9,30.7,*,24.8,*,99.99, ,999.9,11000
1010099999,2023-03-05,69.2925,16.144167,13.1,"ANDOYA, NO",25.1,19,13.9,19,9999.9,0,999.9,0,4.8,19,13.7,19,31.1,42.9,28.4,*,21.2,*,99.99, ,999.9,11000
1010099999,2023-03-06,69.2925,16.144167,13.1,"ANDOYA, NO",22.1,24,12.0,24,9999.9,0,999.9,0,5.0,24,14.5,24,35.0,49.0,25.3,*,15.8,*,99.99, ,999.9,1000
1010099999,2023-03-07,69.2925,16.144167,13.1,"ANDOYA, NO",19.9,24,8.2,24,9999.9,0,999.9,0,6.2,24,8.9,24,15.0,18.8,24.8,*,14.0,*,0.0,I,999.9,0
1010099999,2023-03-08,69.2925,16.144167,13.1,"ANDOYA, NO",17.8,24,10.2,24,9999.9,0,999.9,0,4.9,24,7.8,24,15.0,24.1,24.8,*,7.7,*,99.99, ,999.9,1000
1010099999,2023-03-09,69.2925,16.144167,13.1,"ANDOYA, NO",28.0,24,19.6,24,9999.9,0,999.9,0,5.0,24,17.7,24,29.9,36.9,32.0,*,24.8,*,99.99, ,999.9,1000
1010099999,2023-03-10,69.2925,16.144167,13.1,"ANDOYA, NO",23.5,24,14.1,24,9999.9,0,999.9,0,5.1,24,13.9,24,29.9,37.9,26.6,*,21.2,*,99.99, ,999.9,1000
1010099999,2023-03-11,69.2925,16.144167,13.1,"ANDOYA, NO",25.5,24,20.2,24,9999.9,0,999.9,0,4.0,24,15.8,24,31.1,42.0,28.4,*,21.2,*,99.99, ,999.9,1000
1010099999,2023-03-12,69.2925,16.144167,13.1,"ANDOYA, NO",26.8,24,22.0,24,9999.9,0,999.9,0,4.5,24,12.6,24,22.0,29.9,32.0,*,21.2,*,99.99, ,999.9,1000
1010099999,2023-03-13,69.2925,16.144167,13.1,"ANDOYA, NO",25.9,24,15.7,24,9999.9,0,999.9,0,6.0,24,12.0,24,18.1,22.0,30.2,*,17.6,*,99.99, ,999.9,1000
1010099999,2023-03-14,69.2925,16.144167,13.1,"ANDOYA, NO",28.1,24,14.2,24,9999.9,0,999.9,0,6.2,24,17.4,24,22.0,28.9,30.2,*,24.8,*,99.99, ,999.9,1000
1010099999,2023-03-15,69.2925,16.144167,13.1,"ANDOYA, NO",29.8,24,22.2,24,9999.9,0,999.9,0,5.5,24,18.1,24,29.9,35.9,32.0,*,26.6,*,99.99, ,999.9,1000
1010099999,2023-03-16,69.2925,16.144167,13.1,"ANDOYA, NO",25.5,24,14.2,24,9999.9,0,999.9,0,5.8,24,10.9,24,18.1,26.8,30.2,*,14.0,*,99.99, ,999.9,1000
1010099999,2023-03-17,69.2925,16.144167,13.1,"ANDOYA, NO",25.6,24,14.5,24,9999.9,0,999.9,0,5.8,24,12.0,24,22.0,28.0,28.6,*,19.4,*,99.99, ,999.9,1000
1010099999,2023-03-18,69.2925,16.144167,13.1,"ANDOYA, NO",30.5,24,19.9,24,9999.9,0,999.9,0,6.0,24,14.5,24,26.0,30.9,33.8,*,28.4,*,99.99, ,999.9,1000
1010099999,2023-03-19,69.2925,16.144167,13.1,"ANDOYA, NO",30.4,24,21.6,24,9999.9,0,999.9,0,6.1,24,7.9,24,14.0,22.9,32.0,*,24.8,*,99.99, ,999.9,11000
1010099999,2023-03-20,69.2925,16.144167,13.1,"ANDOYA, NO",31.1,24,24.0,24,9999.9,0,999.9,0,5.8,24,9.1,24,20.0,22.9,35.6,*,24.8,*,99.99, ,999.9,11000
1010099999,2023-03-21,69.2925,16.144167,13.1,"ANDOYA, NO",28.8,24,22.1,24,9999.9,0,999.9,0,4.5,24,16.9,24,29.9,42.0,32.0,*,24.8,*,99.99, ,999.9,11000
1010099999,2023-03-22,69.2925,16.144167,13.1,"ANDOYA, NO",25.0,24,11.9,24,9999.9,0,999.9,0,4.9,24,13.2,24,32.1,999.9,26.6,*,21.2,*,99.99, ,999.9,1000
1010099999,2023-03-23,69.2925,16.144167,13.1,"ANDOYA, NO",18.1,24,5.5,24,9999.9,0,999.9,0,6.2,24,7.9,24,17.1,22.9,24.8,*,10.4,*,0.04,G,999.9,0
1010099999,2023-03-24,69.2925,16.144167,13.1,"ANDOYA, NO",23.7,24,16.5,24,9999.9,0,999.9,0,4.8,24,13.0,24,34.0,39.8,28.4,*,17.6,*,0.0,G,999.9,11000
1010099999,2023-03-25,69.2925,16.144167,13.1,"ANDOYA, NO",25.4,24,17.3,24,9999.9,0,999.9,0,6.1,24,13.8,24,26.0,30.9,28.4,*,18.5,*,0.31,G,999.9,11000
1010099999,2023-03-26,69.2925,16.144167,13.1,"ANDOYA, NO",25.7,24,9.2,24,9999.9,0,999.9,0,6.2,24,9.0,24,14.0,22.0,30.2,*,12.2,*,0.0,G,999.9,0
1010099999,2023-03-27,69.2925,16.144167,13.1,"ANDOYA, NO",18.4,24,9.3,24,9999.9,0,999.9,0,6.2,24,6.3,24,8.9,9.9,26.6,*,12.2,*,0.0,I,999.9,0
1010099999,2023-03-28,69.2925,16.144167,13.1,"ANDOYA, NO",19.3,24,8.2,24,9999.9,0,999.9,0,6.2,24,6.7,24,11.1,14.0,28.4,*,10.4,*,0.0,I,999.9,0
1010099999,2023-03-29,69.2925,16.144167,13.1,"ANDOYA, NO",20.8,24,9.5,24,9999.9,0,999.9,0,6.2,24,5.6,24,12.0,15.9,28.4,*,8.6,*,99.99, ,999.9,1000
1010099999,2023-03-30,69.2925,16.144167,13.1,"ANDOYA, NO",31.5,24,24.4,24,9999.9,0,999.9,0,5.7,24,20.2,24,35.0,42.9,35.6,*,23.0,*,0.04,G,999.9,11000
1010099999,2023-03-31,69.2925,16.144167,13.1,"ANDOYA, NO",32.3,24,23.4,24,9999.9,0,999.9,0,4.5,24,20.0,24,27.0,40.0,34.0,*,30.2,*,0.0,G,999.9,11000
1010099999,2023-04-01,69.2925,16.144167,13.1,"ANDOYA, NO",32.3,24,20.5,24,9999.9,0,999.9,0,6.1,24,15.7,24,26.0,28.9,35.6,*,28.4,*,99.99, ,999.9,11000
1010099999,2023-04-02,69.2925,16.144167,13.1,"ANDOYA, NO",27.8,24,17.6,24,9999.9,0,999.9,0,6.2,24,6.6,24,12.0,15.9,32.0,*,21.2,*,0.0,I,999.9,0
1010099999,2023-04-03,69.2925,16.144167,13.1,"ANDOYA, NO",34.0,24,25.8,24,9999.9,0,999.9,0,6.0,24,17.1,24,27.0,40.0,39.2,*,26.6,*,99.99, ,999.9,11000
1010099999,2023-04-04,69.2925,16.144167,13.1,"ANDOYA, NO",37.3,24,31.0,24,9999.9,0,999.9,0,6.1,24,10.5,24,17.1,22.9,39.2,*,35.6,*,99.99, ,999.9,10000
1010099999,2023-04-05,69.2925,16.144167,13.1,"ANDOYA, NO",38.4,24,31.0,24,9999.9,0,999.9,0,6.2,24,9.4,24,15.0,16.9,42.8,*,35.6,*,0.0,I,999.9,0
1010099999,2023-04-06,69.2925,16.144167,13.1,"ANDOYA, NO",39.7,24,27.5,24,9999.9,0,999.9,0,6.2,24,9.3,24,14.0,17.9,44.6,*,35.6,*,0.0,I,999.9,0
1010099999,2023-04-07,69.2925,16.144167,13.1,"ANDOYA, NO",36.1,24,30.3,24,9999.9,0,999.9,0,6.2,24,8.4,24,14.0,21.0,41.0,*,32.0,*,99.99, ,999.9,10000
1010099999,2023-04-08,69.2925,16.144167,13.1,"ANDOYA, NO",39.0,24,36.1,24,9999.9,0,999.9,0,5.5,24,9.7,24,15.9,24.1,41.2,*,35.6,*,99.99, ,999.9,10000
1010099999,2023-04-09,69.2925,16.144167,13.1,"ANDOYA, NO",37.6,24,33.5,24,9999.9,0,999.9,0,6.1,24,2.6,24,6.0,9.9,41.0,*,28.4,*,99.99, ,999.9,10000
1010099999,2023-04-10,69.2925,16.144167,13.1,"ANDOYA, NO",36.3,24,31.9,24,9999.9,0,999.9,0,6.2,21,8.3,24,17.1,19.8,41.2,*,28.4,*,0.0,I,999.9,0
1010099999,2023-04-11,69.2925,16.144167,13.1,"ANDOYA, NO",37.2,24,29.1,24,9999.9,0,999.9,0,6.2,24,5.3,24,8.9,9.9,44.6,*,28.4,*,0.0,I,999.9,0
1010099999,2023-04-12,69.2925,16.144167,13.1,"ANDOYA, NO",39.9,24,30.4,24,9999.9,0,999.9,0,6.2,24,10.4,24,14.0,18.8,45.0,*,32.0,*,0.0,I,999.9,0
1010099999,2023-04-13,69.2925,16.144167,13.1,"ANDOYA, NO",42.0,24,32.0,24,9999.9,0,999.9,0,6.2,24,10.1,24,14.0,18.8,46.8,*,36.9,*,0.0,I,999.9,0
1010099999,2023-04-14,69.2925,16.144167,13.1,"ANDOYA, NO",40.5,24,25.8,24,9999.9,0,999.9,0,6.2,23,11.0,24,18.1,25.8,46.4,*,33.8,*,0.0,I,999.9,0
1010099999,2023-04-15,69.2925,16.144167,13.1,"ANDOYA, NO",41.7,19,28.5,19,9999.9,0,999.9,0,6.2,16,9.0,19,13.0,15.0,44.6,*,35.1,*,0.0,I,999.9,0
1010099999,2023-04-16,69.2925,16.144167,13.1,"ANDOYA, NO",40.6,24,34.3,24,9999.9,0,999.9,0,6.2,24,8.4,24,13.0,16.9,42.8,*,37.4,*,99.99, ,999.9,10000
1010099999,2023-04-17,69.2925,16.144167,13.1,"ANDOYA, NO",43.0,24,38.0,24,9999.9,0,999.9,0,6.2,24,11.0,24,15.0,24.1,44.6,*,39.2,*,99.99, ,999.9,10000
1010099999,2023-04-18,69.2925,16.144167,13.1,"ANDOYA, NO",43.0,24,37.1,24,9999.9,0,999.9,0,6.1,24,11.2,24,22.9,34.0,48.2,*,37.4,*,99.99, ,999.9,10000
1010099999,2023-04-19,69.2925,16.144167,13.1,"ANDOYA, NO",45.5,24,42.6,24,9999.9,0,999.9,0,4.4,24,19.4,24,30.9,46.0,46.4,*,44.1,*,99.99, ,999.9,10000
1010099999,2023-04-20,69.2925,16.144167,13.1,"ANDOYA, NO",42.8,24,40.0,24,9999.9,0,999.9,0,3.0,24,18.7,24,26.0,44.1,44.6,*,41.0,*,99.99, ,999.9,10000
1010099999,2023-04-21,69.2925,16.144167,13.1,"ANDOYA, NO",37.8,24,34.8,24,9999.9,0,999.9,0,4.1,24,16.2,24,26.0,44.9,43.0,*,30.2,*,99.99, ,999.9,11000
1010099999,2023-04-22,69.2925,16.144167,13.1,"ANDOYA, NO",30.7,24,21.2,24,9999.9,0,999.9,0,5.5,24,16.5,24,22.9,29.9,33.8,*,26.6,*,99.99, ,999.9,11000
1010099999,2023-04-23,69.2925,16.144167,13.1,"ANDOYA, NO",30.1,24,21.0,24,9999.9,0,999.9,0,6.0,24,10.6,24,22.0,22.9,33.8,*,26.6,*,99.99, ,999.9,11000
1010099999,2023-04-24,69.2925,16.144167,13.1,"ANDOYA, NO",32.2,24,21.7,24,9999.9,0,999.9,0,6.2,24,5.9,24,8.9,12.8,37.4,*,26.6,*,0.0,I,999.9,0
1010099999,2023-04-25,69.2925,16.144167,13.1,"ANDOYA, NO",33.9,24,21.2,24,9999.9,0,999.9,0,6.2,24,8.4,24,15.9,19.8,39.2,*,24.4,*,0.0,I,999.9,0
1010099999,2023-04-26,69.2925,16.144167,13.1,"ANDOYA, NO",36.5,24,23.5,24,9999.9,0,999.9,0,6.2,24,11.3,24,20.0,999.9,39.2,*,32.0,*,99.99, ,999.9,10000
1010099999,2023-04-27,69.2925,16.144167,13.1,"ANDOYA, NO",40.5,24,33.3,24,9999.9,0,999.9,0,6.2,24,2.9,24,5.1,999.9,44.6,*,33.8,*,99.99, ,999.9,10000
1010099999,2023-04-28,69.2925,16.144167,13.1,"ANDOYA, NO",38.8,24,35.4,24,9999.9,0,999.9,0,6.2,24,4.3,24,9.9,12.8,41.4,*,35.1,*,99.99, ,999.9,10000
1010099999,2023-04-29,69.2925,16.144167,13.1,"ANDOYA, NO",35.3,24,32.6,24,9999.9,0,999.9,0,5.6,24,3.2,24,7.0,999.9,37.8,*,32.0,*,99.99, ,999.9,11000
1010099999,2023-04-30,69.2925,16.144167,13.1,"ANDOYA, NO",36.3,24,31.3,24,9999.9,0,999.9,0,5.1,24,14.1,24,25.1,32.8,41.0,*,32.0,*,99.99, ,999.9,11000
1010099999,2023-05-01,69.2925,16.144167,13.1,"ANDOYA, NO",39.9,24,31.5,24,9999.9,0,999.9,0,6.2,24,9.0,24,15.9,19.8,42.8,*,37.4,*,99.99, ,999.9,10000
1010099999,2023-05-02,69.2925,16.144167,13.1,"ANDOYA, NO",31.9,24,25.8,24,9999.9,0,999.9,0,6.0,24,16.2,24,28.0,35.9,37.4,*,24.8,*,99.99, ,999.9,11000
1010099999,2023-05-03,69.2925,16.144167,13.1,"ANDOYA, NO",31.0,24,24.2,24,9999.9,0,999.9,0,6.2,24,6.7,24,14.0,19.8,35.6,*,24.8,*,99.99, ,999.9,11000
1010099999,2023-05-04,69.2925,16.144167,13.1,"ANDOYA, NO",35.4,24,25.2,24,9999.9,0,999.9,0,6.1,24,11.1,24,17.1,25.8,39.2,*,32.0,*,99.99, ,999.9,1000
1010099999,2023-05-05,69.2925,16.144167,13.1,"ANDOYA, NO",38.1,24,30.7,24,9999.9,0,999.9,0,6.2,24,10.7,24,17.1,999.9,42.8,*,33.8,*,99.99, ,999.9,11000
1010099999,2023-05-06,69.2925,16.144167,13.1,"ANDOYA, NO",39.4,24,28.6,24,9999.9,0,999.9,0,6.2,24,7.0,24,12.0,12.8,43.2,*,35.6,*,99.99, ,999.9,10000
1010099999,2023-05-07,69.2925,16.144167,13.1,"ANDOYA, NO",41.6,24,33.7,24,9999.9,0,999.9,0,6.2,24,11.3,24,15.9,17.9,46.4,*,36.9,*,99.99, ,999.9,10000
1010099999,2023-05-08,69.2925,16.144167,13.1,"ANDOYA, NO",45.2,24,40.0,24,9999.9,0,999.9,0,6.0,24,12.8,24,20.0,32.1,48.2,*,44.1,*,99.99, ,999.9,10000
1010099999,2023-05-09,69.2925,16.144167,13.1,"ANDOYA, NO",47.0,24,37.7,24,9999.9,0,999.9,0,6.2,24,7.0,24,11.1,11.8,51.8,*,42.8,*,99.99, ,999.9,10000
1010099999,2023-05-10,69.2925,16.144167,13.1,"ANDOYA, NO",46.2,24,42.1,24,9999.9,0,999.9,0,5.9,24,7.0,24,12.0,15.0,48.4,*,44.1,*,99.99, ,999.9,10000
1010099999,2023-05-11,69.2925,16.144167,13.1,"ANDOYA, NO",46.5,24,43.4,24,9999.9,0,999.9,0,5.6,24,9.7,24,21.0,30.9,50.0,*,44.6,*,99.99, ,999.9,10000
1010099999,2023-05-12,69.2925,16.144167,13.1,"ANDOYA, NO",45.6,24,41.2,24,9999.9,0,999.9,0,5.8,24,11.4,24,17.1,26.0,48.2,*,42.8,*,99.99, ,999.9,10000
1010099999,2023-05-13,69.2925,16.144167,13.1,"ANDOYA, NO",47.5,24,40.7,24,9999.9,0,999.9,0,5.6,24,13.3,24,20.0,28.9,51.8,*,42.8,*,99.99, ,999.9,10000
1010099999,2023-05-14,69.2925,16.144167,13.1,"ANDOYA, NO",47.8,24,42.2,24,9999.9,0,999.9,0,6.1,24,10.8,24,14.0,19.8,51.8,*,44.6,*,99.99, ,999.9,10000
1010099999,2023-05-15,69.2925,16.144167,13.1,"ANDOYA, NO",51.5,24,40.0,24,9999.9,0,999.9,0,6.2,24,11.6,24,21.0,28.0,64.4,*,44.6,*,0.0,I,999.9,0
1010099999,2023-05-16,69.2925,16.144167,13.1,"ANDOYA, NO",46.5,24,38.2,24,9999.9,0,999.9,0,6.2,24,7.2,24,18.1,22.0,51.8,*,42.8,*,0.0,I,999.9,0
1010099999,2023-05-17,69.2925,16.144167,13.1,"ANDOYA, NO",42.4,24,35.4,24,9999.9,0,999.9,0,6.1,24,8.7,24,15.9,22.0,46.4,*,37.4,*,99.99, ,999.9,10000
1010099999,2023-05-18,69.2925,16.144167,13.1,"ANDOYA, NO",41.8,23,30.8,23,9999.9,0,999.9,0,6.2,23,11.4,23,18.1,21.0,46.4,*,37.4,*,99.99, ,999.9,10000
1010099999,2023-05-19,69.2925,16.144167,13.1,"ANDOYA, NO",48.9,24,42.0,24,9999.9,0,999.9,0,6.2,24,15.7,24,21.0,29.9,53.6,*,44.6,*,99.99, ,999.9,10000
1010099999,2023-05-20,69.2925,16.144167,13.1,"ANDOYA, NO",49.4,24,41.7,24,9999.9,0,999.9,0,6.2,24,17.4,24,26.0,39.0,51.8,*,46.4,*,99.99, ,999.9,10000
1010099999,2023-05-21,69.2925,16.144167,13.1,"ANDOYA, NO",48.6,24,42.4,24,9999.9,0,999.9,0,6.0,24,14.3,24,25.1,35.9,53.6,*,39.2,*,99.99, ,999.9,10000
1010099999,2023-05-22,69.2925,16.144167,13.1,"ANDOYA, NO",50.8,24,39.7,24,9999.9,0,999.9,0,6.2,24,9.2,24,14.0,15.9,59.0,*,39.2,*,0.0,I,999.9,0
1010099999,2023-05-23,69.2925,16.144167,13.1,"ANDOYA, NO",47.4,24,40.4,24,9999.9,0,999.9,0,6.2,24,10.5,24,18.1,22.9,51.8,*,39.2,*,99.99, ,999.9,10000
1010099999,2023-05-24,69.2925,16.144167,13.1,"ANDOYA, NO",43.9,24,36.6,24,9999.9,0,999.9,0,6.2,24,17.0,24,26.0,37.9,50.0,*,39.2,*,99.99, ,999.9,10000
1010099999,2023-05-25,69.2925,16.144167,13.1,"ANDOYA, NO",38.8,24,33.5,24,9999.9,0,999.9,0,5.5,24,21.8,24,29.9,42.9,42.8,*,34.2,*,99.99, ,999.9,10000
1010099999,2023-05-26,69.2925,16.144167,13.1,"ANDOYA, NO",37.3,24,31.1,24,9999.9,0,999.9,0,6.0,24,19.2,24,26.0,38.1,39.2,*,35.1,*,99.99, ,999.9,10000
1010099999,2023-05-27,69.2925,16.144167,13.1,"ANDOYA, NO",40.5,24,30.9,24,9999.9,0,999.9,0,6.1,24,13.9,24,22.0,26.8,44.6,*,35.6,*,99.99, ,999.9,11000
1010099999,2023-05-28,69.2925,16.144167,13.1,"ANDOYA, NO",45.0,24,39.8,24,9999.9,0,999.9,0,6.1,24,10.0,24,22.0,39.0,50.0,*,42.1,*,99.99, ,999.9,10000
1010099999,2023-05-29,69.2925,16.144167,13.1,"ANDOYA, NO",43.2,24,34.8,24,9999.9,0,999.9,0,6.2,24,16.3,24,28.0,38.9,46.4,*,41.0,*,99.99, ,999.9,10000
1010099999,2023-05-30,69.2925,16.144167,13.1,"ANDOYA, NO",42.6,24,38.2,24,9999.9,0,999.9,0,5.5,24,13.9,24,24.1,35.0,44.8,*,40.3,*,99.99, ,999.9,10000
1010099999,2023-05-31,69.2925,16.144167,13.1,"ANDOYA, NO",39.6,24,32.9,24,9999.9,0,999.9,0,5.7,24,19.2,24,28.0,40.0,44.6,*,33.8,*,99.99, ,999.9,11000
1010099999,2023-06-01,69.2925,16.144167,13.1,"ANDOYA, NO",40.2,23,31.9,23,9999.9,0,999.9,0,6.2,23,10.7,23,22.9,28.9,43.2,*,35.6,*,99.99, ,999.9,10000
1010099999,2023-06-02,69.2925,16.144167,13.1,"ANDOYA, NO",42.6,24,35.1,24,9999.9,0,999.9,0,6.2,24,10.2,24,20.0,26.8,46.4,*,35.6,*,99.99, ,999.9,10000
1010099999,2023-06-03,69.2925,16.144167,13.1,"ANDOYA, NO",43.2,24,36.8,24,9999.9,0,999.9,0,5.7,24,10.0,24,18.1,28.9,45.0,*,41.0,*,99.99, ,999.9,10000
1010099999,2023-06-04,69.2925,16.144167,13.1,"ANDOYA, NO",43.4,24,38.0,24,9999.9,0,999.9,0,5.6,24,15.2,24,22.0,38.9,46.4,*,40.1,*,99.99, ,999.9,10000
1010099999,2023-06-05,69.2925,16.144167,13.1,"ANDOYA, NO",42.6,24,38.3,24,9999.9,0,999.9,0,5.6,24,19.2,24,27.0,37.9,44.6,*,40.5,*,99.99, ,999.9,10000
1010099999,2023-06-06,69.2925,16.144167,13.1,"ANDOYA, NO",42.0,24,36.9,24,9999.9,0,999.9,0,6.0,24,7.3,24,15.9,21.0,43.2,*,39.2,*,99.99, ,999.9,10000
1010099999,2023-06-07,69.2925,16.144167,13.1,"ANDOYA, NO",41.8,24,36.2,24,9999.9,0,999.9,0,6.2,24,9.6,24,15.9,19.8,44.6,*,39.2,*,99.99, ,999.9,10000
1010099999,2023-06-08,69.2925,16.144167,13.1,"ANDOYA, NO",41.5,24,33.1,24,9999.9,0,999.9,0,6.2,24,8.7,24,18.1,24.9,44.6,*,37.4,*,99.99, ,999.9,10000
1010099999,2023-06-09,69.2925,16.144167,13.1,"ANDOYA, NO",42.9,24,34.3,24,9999.9,0,999.9,0,6.2,24,6.1,24,12.0,12.8,46.4,*,39.2,*,99.99, ,999.9,10000
1010099999,2023-06-10,69.2925,16.144167,13.1,"ANDOYA, NO",47.1,24,39.4,24,9999.9,0,999.9,0,6.2,24,4.6,24,8.9,999.9,50.0,*,41.0,*,0.0,I,999.9,0
1010099999,2023-06-11,69.2925,16.144167,13.1,"ANDOYA, NO",51.6,24,41.4,24,9999.9,0,999.9,0,6.0,24,15.1,24,35.0,49.0,64.4,*,42.8,*,99.99, ,999.9,10000
1010099999,2023-06-12,69.2925,16.144167,13.1,"ANDOYA, NO",49.5,24,39.2,24,9999.9,0,999.9,0,6.1,24,15.9,24,29.9,45.1,55.4,*,42.8,*,99.99, ,999.9,10000
1010099999,2023-06-13,69.2925,16.144167,13.1,"ANDOYA, NO",45.4,24,39.5,24,9999.9,0,999.9,0,5.9,24,13.8,24,17.1,29.9,49.5,*,42.8,*,99.99, ,999.9,10000
1010099999,2023-06-14,69.2925,16.144167,13.1,"ANDOYA, NO",47.2,24,40.4,24,9999.9,0,999.9,0,6.2,24,15.6,24,20.0,33.8,50.0,*,44.6,*,0.0,I,999.9,0
1010099999,2023-06-15,69.2925,16.144167,13.1,"ANDOYA, NO",46.6,24,41.9,24,9999.9,0,999.9,0,5.3,22,8.9,24,17.1,17.9,50.0,*,44.6,*,99.99, ,999.9,10000
1010099999,2023-06-16,69.2925,16.144167,13.1,"ANDOYA, NO",46.4,24,40.8,24,9999.9,0,999.9,0,6.2,24,5.9,24,9.9,14.0,50.0,*,42.8,*,0.0,I,999.9,0
1010099999,2023-06-17,69.2925,16.144167,13.1,"ANDOYA, NO",47.2,24,42.1,24,9999.9,0,999.9,0,6.2,24,10.5,24,15.0,18.8,50.0,*,42.8,*,0.0,I,999.9,0
1010099999,2023-06-18,69.2925,16.144167,13.1,"ANDOYA, NO",54.1,24,46.2,24,9999.9,0,999.9,0,6.2,24,5.0,24,8.0,999.9,59.0,*,46.4,*,0.0,I,999.9,0
1010099999,2023-06-19,69.2925,16.144167,13.1,"ANDOYA, NO",60.7,24,48.3,24,9999.9,0,999.9,0,6.2,24,7.5,24,12.0,14.0,71.1,*,51.8,*,99.99, ,999.9,10000
1010099999,2023-06-20,69.2925,16.144167,13.1,"ANDOYA, NO",58.2,24,51.6,24,9999.9,0,999.9,0,6.2,24,4.6,24,18.1,23.9,61.0,*,51.8,*,99.99, ,999.9,10000
1010099999,2023-06-21,69.2925,16.144167,13.1,"ANDOYA, NO",56.3,24,50.7,24,9999.9,0,999.9,0,5.5,24,5.9,24,12.0,12.8,64.4,*,46.4,*,0.0,I,999.9,100000
1010099999,2023-06-22,69.2925,16.144167,13.1,"ANDOYA, NO",60.8,24,52.7,24,9999.9,0,999.9,0,6.0,24,8.9,24,24.1,32.8,75.2,*,48.2,*,0.0,I,999.9,100000
1010099999,2023-06-23,69.2925,16.144167,13.1,"ANDOYA, NO",54.2,24,50.8,24,9999.9,0,999.9,0,3.8,24,5.4,24,14.0,17.9,57.2,*,51.8,*,99.99, ,999.9,110000
1010099999,2023-06-24,69.2925,16.144167,13.1,"ANDOYA, NO",51.6,24,47.8,24,9999.9,0,999.9,0,6.0,24,7.1,24,11.1,999.9,55.4,*,50.0,*,99.99, ,999.9,10000
1010099999,2023-06-25,69.2925,16.144167,13.1,"ANDOYA, NO",50.4,24,44.9,24,9999.9,0,999.9,0,6.2,24,8.2,24,13.0,999.9,53.6,*,48.2,*,0.0,I,999.9,0
1010099999,2023-06-26,69.2925,16.144167,13.1,"ANDOYA, NO",51.9,24,47.0,24,9999.9,0,999.9,0,6.2,24,15.5,24,19.0,24.9,55.4,*,48.2,*,0.0,I,999.9,0
1010099999,2023-06-27,69.2925,16.144167,13.1,"ANDOYA, NO",52.9,24,48.4,24,9999.9,0,999.9,0,6.2,24,8.4,24,13.0,15.9,55.4,*,49.5,*,0.0,I,999.9,0
1010099999,2023-06-28,69.2925,16.144167,13.1,"ANDOYA, NO",52.5,24,48.6,24,9999.9,0,999.9,0,6.1,24,6.5,24,18.1,23.9,54.0,*,50.0,*,0.0,I,999.9,100000
1010099999,2023-06-29,69.2925,16.144167,13.1,"ANDOYA, NO",52.7,24,49.1,24,9999.9,0,999.9,0,5.2,24,6.6,24,9.9,12.8,55.4,*,50.0,*,0.0,I,999.9,0
1010099999,2023-06-30,69.2925,16.144167,13.1,"ANDOYA, NO",57.3,24,50.7,24,9999.9,0,999.9,0,6.1,23,5.0,24,8.9,15.9,60.8,*,50.0,*,0.0,I,999.9,0
1010099999,2023-07-01,69.2925,16.144167,13.1,"ANDOYA, NO",54.6,24,47.5,24,9999.9,0,999.9,0,5.9,24,18.5,24,36.9,44.9,60.8,*,46.4,*,0.0,I,999.9,0
1010099999,2023-07-02,69.2925,16.144167,13.1,"ANDOYA, NO",47.6,24,39.4,24,9999.9,0,999.9,0,6.2,24,28.7,24,35.9,44.9,50.0,*,44.6,*,0.0,I,999.9,0
1010099999,2023-07-03,69.2925,16.144167,13.1,"ANDOYA, NO",52.4,24,41.9,24,9999.9,0,999.9,0,6.2,24,9.9,24,15.9,21.0,60.8,*,44.6,*,0.0,I,999.9,0
1010099999,2023-07-04,69.2925,16.144167,13.1,"ANDOYA, NO",52.5,24,46.6,24,9999.9,0,999.9,0,6.2,24,7.4,24,14.0,16.9,57.2,*,49.1,*,0.0,I,999.9,100000
1010099999,2023-07-05,69.2925,16.144167,13.1,"ANDOYA, NO",50.7,24,47.5,24,9999.9,0,999.9,0,4.5,24,7.8,24,11.1,16.9,52.2,*,48.2,*,99.99, ,999.9,110000
1010099999,2023-07-06,69.2925,16.144167,13.1,"ANDOYA, NO",50.6,24,47.5,24,9999.9,0,999.9,0,4.9,24,6.7,24,13.0,16.9,53.6,*,47.7,*,0.0,I,999.9,100000
1010099999,2023-07-07,69.2925,16.144167,13.1,"ANDOYA, NO",54.0,24,48.7,24,9999.9,0,999.9,0,6.2,24,5.8,24,9.9,10.9,59.0,*,48.2,*,0.0,I,999.9,0
1010099999,2023-07-08,69.2925,16.144167,13.1,"ANDOYA, NO",52.4,21,47.4,21,1025.5,6,23.9,6,5.7,15,10.6,21,15.0,21.0,57.2,*,48.4,*,0.0,I,999.9,0
1010099999,2023-07-09,69.2925,16.144167,13.1,"ANDOYA, NO",50.1,21,45.7,21,1025.8,4,24.2,4,6.2,17,5.0,21,7.0,10.9,52.2,*,48.2,*,0.0,I,999.9,0
1010099999,2023-07-10,69.2925,16.144167,13.1,"ANDOYA, NO",52.8,24,47.8,24,9999.9,0,999.9,0,6.2,24,5.4,24,8.9,9.9,55.9, ,48.2,*,0.0,I,999.9,0
1010099999,2023-07-11,69.2925,16.144167,13.1,"ANDOYA, NO",54.6,24,50.4,24,9999.9,0,999.9,0,5.4,24,5.5,24,8.9,10.9,57.7, ,48.7, ,0.0,I,999.9,100000
1010099999,2023-07-12,69.2925,16.144167,13.1,"ANDOYA, NO",66.4,24,52.6,24,9999.9,0,999.9,0,6.2,24,8.9,24,17.1,22.0,75.2, ,52.5, ,0.0,I,999.9,0
1010099999,2023-07-13,69.2925,16.144167,13.1,"ANDOYA, NO",65.7,24,51.0,24,9999.9,0,999.9,0,6.2,24,7.0,24,13.0,17.1,73.8, ,59.0,*,0.0,I,999.9,0
1010099999,2023-07-14,69.2925,16.144167,13.1,"ANDOYA, NO",63.4,24,52.3,24,9999.9,0,999.9,0,6.2,24,9.0,24,15.0,20.0,70.3, ,57.2,*,99.99, ,999.9,10000
1010099999,2023-07-15,69.2925,16.144167,13.1,"ANDOYA, NO",56.8,24,47.9,24,9999.9,0,999.9,0,6.2,24,7.5,24,15.0,19.0,60.8, ,50.0, ,99.99, ,999.9,10000
1010099999,2023-07-16,69.2925,16.144167,13.1,"ANDOYA, NO",58.5,24,50.4,24,9999.9,0,999.9,0,6.2,24,7.1,24,13.0,17.1,64.8, ,46.2, ,99.99, ,999.9,10000
1010099999,2023-07-17,69.2925,16.144167,13.1,"ANDOYA, NO",59.8,24,53.6,24,9999.9,0,999.9,0,6.2,24,6.3,24,15.0,20.0,66.9, ,55.4,*,99.99, ,999.9,10000
1010099999,2023-07-18,69.2925,16.144167,13.1,"ANDOYA, NO",56.2,24,49.6,24,9999.9,0,999.9,0,6.2,24,6.8,24,14.0,18.1,60.8, ,51.8,*,0.0,I,999.9,0
1010099999,2023-07-19,69.2925,16.144167,13.1,"ANDOYA, NO",52.8,24,49.3,24,9999.9,0,999.9,0,6.1,24,10.7,24,19.0,24.1,55.4,*,51.1, ,99.99, ,999.9,10000
1010099999,2023-07-20,69.2925,16.144167,13.1,"ANDOYA, NO",52.9,24,48.4,24,9999.9,0,999.9,0,6.2,24,14.8,24,19.0,24.1,55.4,*,50.0,*,0.0,I,999.9,0
1010099999,2023-07-21,69.2925,16.144167,13.1,"ANDOYA, NO",54.2,24,50.5,24,9999.9,0,999.9,0,6.2,24,6.3,24,9.9,13.0,57.2,*,50.0,*,99.99, ,999.9,110000
1010099999,2023-07-22,69.2925,16.144167,13.1,"ANDOYA, NO",57.0,24,52.3,24,9999.9,0,999.9,0,6.2,24,4.0,24,7.0,999.9,60.8,*,50.0,*,0.0,I,999.9,0
1010099999,2023-07-23,69.2925,16.144167,13.1,"ANDOYA, NO",57.9,24,52.6,24,9999.9,0,999.9,0,6.2,24,5.2,24,8.9,999.9,60.8,*,55.4,*,0.0,I,999.9,0
1010099999,2023-07-24,69.2925,16.144167,13.1,"ANDOYA, NO",57.5,24,52.1,24,9999.9,0,999.9,0,6.2,24,6.6,24,11.1,999.9,60.8,*,53.6,*,0.0,I,999.9,0
1010099999,2023-07-25,69.2925,16.144167,13.1,"ANDOYA, NO",56.1,24,52.3,24,9999.9,0,999.9,0,6.0,24,6.7,24,12.0,999.9,59.0,*,51.8,*,0.0,I,999.9,100000
1010099999,2023-07-26,69.2925,16.144167,13.1,"ANDOYA, NO",54.7,24,52.5,24,9999.9,0,999.9,0,4.3,24,5.8,24,9.9,999.9,57.2,*,53.6,*,0.0,I,999.9,100000
1010099999,2023-07-27,69.2925,16.144167,13.1,"ANDOYA, NO",53.1,24,49.8,24,9999.9,0,999.9,0,6.2,24,10.5,24,14.0,19.0,54.5, ,50.0,*,0.0,I,999.9,0
1010099999,2023-07-28,69.2925,16.144167,13.1,"ANDOYA, NO",52.2,24,48.1,24,9999.9,0,999.9,0,6.2,24,12.2,24,14.0,19.0,56.1, ,49.8, ,0.0,I,999.9,0
1010099999,2023-07-29,69.2925,16.144167,13.1,"ANDOYA, NO",52.0,24,47.4,24,9999.9,0,999.9,0,6.0,24,15.0,24,22.9,28.9,56.3, ,49.5,*,99.99, ,999.9,10000
1010099999,2023-07-30,69.2925,16.144167,13.1,"ANDOYA, NO",53.9,24,50.1,24,9999.9,0,999.9,0,5.1,24,14.5,24,19.0,24.1,57.4, ,51.4, ,0.0,I,999.9,100000
1010099999,2023-07-31,69.2925,16.144167,13.1,"ANDOYA, NO",57.4,24,52.6,24,9999.9,0,999.9,0,6.0,24,9.0,24,15.0,20.0,60.8,*,51.8,*,0.0,I,999.9,100000
1010099999,2023-08-01,69.2925,16.144167,13.1,"ANDOYA, NO",63.1,24,54.4,24,9999.9,0,999.9,0,6.2,24,6.6,24,15.0,999.9,69.8,*,57.7, ,99.99, ,999.9,10000
1010099999,2023-08-02,69.2925,16.144167,13.1,"ANDOYA, NO",61.4,24,53.8,24,9999.9,0,999.9,0,6.2,24,8.0,24,17.1,18.1,68.7, ,55.4,*,99.99, ,999.9,10000
1010099999,2023-08-03,69.2925,16.144167,13.1,"ANDOYA, NO",63.4,24,55.6,24,9999.9,0,999.9,0,6.2,24,9.8,24,17.1,24.1,72.0, ,57.2, ,99.99, ,999.9,10000
1010099999,2023-08-04,69.2925,16.144167,13.1,"ANDOYA, NO",58.8,24,51.9,24,9999.9,0,999.9,0,6.2,24,8.7,24,17.1,999.9,66.2,*,53.6,*,99.99, ,999.9,10000
1010099999,2023-08-05,69.2925,16.144167,13.1,"ANDOYA, NO",53.5,24,45.6,24,9999.9,0,999.9,0,6.0,24,12.1,24,17.1,999.9,57.2,*,51.8,*,99.99, ,999.9,10000
1010099999,2023-08-06,69.2925,16.144167,13.1,"ANDOYA, NO",54.7,24,43.8,24,9999.9,0,999.9,0,6.2,24,7.1,24,11.1,21.0,59.0,*,48.2,*,0.0,I,999.9,0
1010099999,2023-08-07,69.2925,16.144167,13.1,"ANDOYA, NO",53.9,23,48.1,23,9999.9,0,999.9,0,6.2,23,10.2,23,18.1,999.9,55.4,*,51.8,*,99.99, ,999.9,10000
1010099999,2023-08-08,69.2925,16.144167,13.1,"ANDOYA, NO",62.9,24,57.1,24,9999.9,0,999.9,0,6.1,24,8.7,24,15.0,19.0,75.2,*,53.6,*,99.99, ,999.9,10000
1010099999,2023-08-09,69.2925,16.144167,13.1,"ANDOYA, NO",68.2,24,53.1,24,9999.9,0,999.9,0,6.2,24,10.2,24,20.0,26.0,75.2,*,53.4, ,0.0,I,999.9,0
1010099999,2023-08-10,69.2925,16.144167,13.1,"ANDOYA, NO",59.6,24,50.9,24,9999.9,0,999.9,0,6.2,24,5.7,24,9.9,11.1,68.0,*,53.6,*,99.99, ,999.9,10000
1010099999,2023-08-11,69.2925,16.144167,13.1,"ANDOYA, NO",61.0,24,52.4,24,9999.9,0,999.9,0,6.2,24,7.0,24,12.0,15.9,69.8,*,53.6, ,0.0,I,999.9,0
1010099999,2023-08-12,69.2925,16.144167,13.1,"ANDOYA, NO",60.0,24,50.5,24,9999.9,0,999.9,0,6.2,24,5.7,24,11.1,14.0,65.1, ,50.0,*,0.0,I,999.9,0
1010099999,2023-08-13,69.2925,16.144167,13.1,"ANDOYA, NO",58.3,24,52.0,24,9999.9,0,999.9,0,6.2,24,4.9,24,9.9,13.0,64.9, ,48.6, ,0.0,I,999.9,0
1010099999,2023-08-14,69.2925,16.144167,13.1,"ANDOYA, NO",59.1,24,52.7,24,9999.9,0,999.9,0,6.1,24,5.0,24,9.9,12.0,65.3, ,51.6, ,99.99, ,999.9,10000
1010099999,2023-08-15,69.2925,16.144167,13.1,"ANDOYA, NO",55.0,24,52.4,24,9999.9,0,999.9,0,5.8,24,12.1,24,19.0,22.9,57.9, ,51.8,*,99.99, ,999.9,10000
1010099999,2023-08-16,69.2925,16.144167,13.1,"ANDOYA, NO",52.6,24,49.0,24,9999.9,0,999.9,0,6.2,24,21.7,24,26.0,30.9,55.4,*,50.0,*,99.99, ,999.9,10000
1010099999,2023-08-17,69.2925,16.144167,13.1,"ANDOYA, NO",51.4,24,41.8,24,9999.9,0,999.9,0,6.1,24,8.3,24,15.0,21.0,53.6, ,49.1, ,99.99, ,999.9,10000
1010099999,2023-08-18,69.2925,16.144167,13.1,"ANDOYA, NO",51.1,24,46.3,24,9999.9,0,999.9,0,6.0,24,7.4,24,11.1,17.1,55.6, ,48.2,*,99.99, ,999.9,10000
1010099999,2023-08-19,69.2925,16.144167,13.1,"ANDOYA, NO",52.1,24,45.4,24,9999.9,0,999.9,0,6.2,24,12.8,24,22.0,27.0,55.6, ,44.6,*,0.0,I,999.9,0
1010099999,2023-08-20,69.2925,16.144167,13.1,"ANDOYA, NO",55.9,24,50.2,24,9999.9,0,999.9,0,6.2,24,9.5,24,17.1,22.0,59.0, ,51.1, ,0.0,I,999.9,0
1010099999,2023-08-21,69.2925,16.144167,13.1,"ANDOYA, NO",58.1,24,51.9,24,9999.9,0,999.9,0,6.2,24,4.6,24,12.0,17.1,61.2, ,54.5, ,99.99, ,999.9,110000
1010099999,2023-08-22,69.2925,16.144167,13.1,"ANDOYA, NO",56.9,24,54.0,24,9999.9,0,999.9,0,5.2,24,5.5,24,9.9,12.0,71.6,*,54.3, ,0.04,G,999.9,110000
1010099999,2023-08-23,69.2925,16.144167,13.1,"ANDOYA, NO",52.7,24,49.8,24,9999.9,0,999.9,0,5.4,24,6.1,24,12.0,15.9,54.5, ,51.1, ,0.02,G,999.9,100000
1010099999,2023-08-24,69.2925,16.144167,13.1,"ANDOYA, NO",53.0,24,48.7,24,9999.9,0,999.9,0,6.2,24,10.2,24,14.0,17.1,55.4,*,51.8,*,0.0,G,999.9,0
1010099999,2023-08-25,69.2925,16.144167,13.1,"ANDOYA, NO",53.5,24,49.1,24,9999.9,0,999.9,0,6.2,24,13.3,24,17.1,21.0,55.4,*,50.0,*,0.0,I,999.9,0
1010099999,2023-08-26,69.2925,16.144167,13.1,"ANDOYA, NO",52.4,24,48.9,24,9999.9,0,999.9,0,6.2,24,7.0,24,11.1,13.0,56.1, ,46.0, ,0.0,I,999.9,0
1010099999,2023-08-27,69.2925,16.144167,13.1,"ANDOYA, NO",51.9,24,50.3,24,9999.9,0,999.9,0,3.3,24,6.1,24,9.9,12.0,55.4,*,46.2, ,0.0,I,999.9,100000
1010099999,2023-08-28,69.2925,16.144167,13.1,"ANDOYA, NO",57.6,24,50.6,24,9999.9,0,999.9,0,6.2,24,7.8,24,13.0,15.9,64.4,*,51.4, ,0.0,I,999.9,0
1010099999,2023-08-29,69.2925,16.144167,13.1,"ANDOYA, NO",57.2,24,52.6,24,9999.9,0,999.9,0,6.2,24,7.7,24,15.9,21.0,60.8,*,52.7, ,99.99, ,999.9,110000
1010099999,2023-08-30,69.2925,16.144167,13.1,"ANDOYA, NO",55.5,24,53.3,24,9999.9,0,999.9,0,5.6,24,3.8,24,8.0,9.9,59.0,*,51.3, ,99.99, ,999.9,110000
1010099999,2023-08-31,69.2925,16.144167,13.1,"ANDOYA, NO",53.6,24,51.4,24,9999.9,0,999.9,0,5.9,24,10.5,24,14.0,999.9,55.4,*,51.8,*,0.0,I,999.9,100000
1010099999,2023-09-01,69.2925,16.144167,13.1,"ANDOYA, NO",53.2,24,51.1,24,9999.9,0,999.9,0,6.2,24,7.6,24,12.0,999.9,55.4,*,51.8,*,0.0,I,999.9,0
1010099999,2023-09-02,69.2925,16.144167,13.1,"ANDOYA, NO",53.1,24,50.7,24,9999.9,0,999.9,0,5.9,24,4.8,24,8.9,999.9,55.4,*,44.6,*,0.0,I,999.9,100000
1010099999,2023-09-03,69.2925,16.144167,13.1,"ANDOYA, NO",53.5,24,50.6,24,9999.9,0,999.9,0,6.2,24,8.1,24,12.0,999.9,55.4,*,48.2,*,99.99, ,999.9,10000
1010099999,2023-09-04,69.2925,16.144167,13.1,"ANDOYA, NO",50.6,24,45.4,24,9999.9,0,999.9,0,6.0,24,12.9,24,22.0,33.0,55.4,*,47.7, ,99.99, ,999.9,10000
1010099999,2023-09-05,69.2925,16.144167,13.1,"ANDOYA, NO",49.4,24,41.8,24,9999.9,0,999.9,0,6.2,24,18.3,24,24.1,40.0,51.8,*,47.1, ,99.99, ,999.9,10000
1010099999,2023-09-06,69.2925,16.144167,13.1,"ANDOYA, NO",49.9,24,44.2,24,9999.9,0,999.9,0,6.0,24,16.2,24,21.0,32.1,52.0, ,46.4,*,99.99, ,999.9,10000
1010099999,2023-09-07,69.2925,16.144167,13.1,"ANDOYA, NO",53.1,23,48.7,23,9999.9,0,999.9,0,6.1,23,11.3,23,15.9,27.0,55.4, ,49.8, ,99.99, ,999.9,10000
1010099999,2023-09-08,69.2925,16.144167,13.1,"ANDOYA, NO",58.6,24,55.1,24,9999.9,0,999.9,0,6.0,24,15.6,24,26.0,35.9,64.4,*,55.4,*,99.99, ,999.9,10000
1010099999,2023-09-09,69.2925,16.144167,13.1,"ANDOYA, NO",58.5,24,53.6,24,9999.9,0,999.9,0,6.2,24,12.9,24,20.0,25.1,62.6,*,54.9, ,99.99, ,999.9,10000
1010099999,2023-09-10,69.2925,16.144167,13.1,"ANDOYA, NO",54.4,24,48.4,24,9999.9,0,999.9,0,6.0,24,19.0,24,35.0,52.1,60.8,*,50.0,*,99.99, ,999.9,10000
1010099999,2023-09-11,69.2925,16.144167,13.1,"ANDOYA, NO",49.1,24,46.3,24,9999.9,0,999.9,0,5.8,24,9.4,24,18.1,21.0,51.8,*,46.4, ,99.99, ,999.9,10000
1010099999,2023-09-12,69.2925,16.144167,13.1,"ANDOYA, NO",46.9,24,42.3,24,9999.9,0,999.9,0,6.0,24,10.5,24,19.0,22.9,50.0,*,41.0,*,99.99, ,999.9,10000
1010099999,2023-09-13,69.2925,16.144167,13.1,"ANDOYA, NO",43.9,24,37.5,24,9999.9,0,999.9,0,6.2,24,8.8,24,15.0,19.0,48.2,*,40.6, ,99.99, ,999.9,10000
1010099999,2023-09-14,69.2925,16.144167,13.1,"ANDOYA, NO",43.0,24,37.6,24,9999.9,0,999.9,0,6.1,24,5.9,24,11.1,18.1,48.2,*,35.6,*,99.99, ,999.9,10000
1010099999,2023-09-15,69.2925,16.144167,13.1,"ANDOYA, NO",42.3,24,36.3,24,9999.9,0,999.9,0,6.2,24,3.8,24,8.9,11.1,50.0,*,34.9, ,0.0,I,999.9,0
1010099999,2023-09-16,69.2925,16.144167,13.1,"ANDOYA, NO",44.7,24,40.5,24,9999.9,0,999.9,0,6.2,24,7.8,24,15.0,21.0,48.2,*,39.0, ,99.99, ,999.9,10000
1010099999,2023-09-17,69.2925,16.144167,13.1,"ANDOYA, NO",44.7,24,38.1,24,9999.9,0,999.9,0,6.2,24,10.3,24,18.1,24.1,48.7, ,37.2, ,99.99, ,999.9,10000
1010099999,2023-09-18,69.2925,16.144167,13.1,"ANDOYA, NO",47.5,24,43.9,24,9999.9,0,999.9,0,4.4,24,14.4,24,20.0,34.0,50.0,*,44.4, ,99.99, ,999.9,10000
1010099999,2023-09-19,69.2925,16.144167,13.1,"ANDOYA, NO",43.6,15,33.7,15,9999.9,0,999.9,0,6.2,15,28.6,15,35.9,999.9,44.6,*,42.8,*,0.0,I,999.9,0
1010099999,2023-09-20,69.2925,16.144167,13.1,"ANDOYA, NO",45.2,24,32.8,24,9999.9,0,999.9,0,6.2,23,24.4,24,32.1,999.9,48.2,*,42.8,*,0.0,I,999.9,0
1010099999,2023-09-21,69.2925,16.144167,13.1,"ANDOYA, NO",44.8,24,32.9,24,9999.9,0,999.9,0,6.2,24,20.4,24,26.0,28.9,48.2,*,42.1, ,99.99, ,999.9,10000
1010099999,2023-09-22,69.2925,16.144167,13.1,"ANDOYA, NO",48.8,24,46.0,24,9999.9,0,999.9,0,6.0,24,6.5,24,13.0,15.9,51.8,*,44.1, ,99.99, ,999.9,10000
1010099999,2023-09-23,69.2925,16.144167,13.1,"ANDOYA, NO",45.9,24,42.2,24,9999.9,0,999.9,0,5.9,24,5.9,24,9.9,12.0,48.2,*,42.3, ,99.99, ,999.9,10000
1010099999,2023-09-24,69.2925,16.144167,13.1,"ANDOYA, NO",46.4,24,42.0,24,9999.9,0,999.9,0,5.8,24,9.0,24,19.0,999.9,50.0,*,41.0,*,99.99, ,999.9,10000
1010099999,2023-09-25,69.2925,16.144167,13.1,"ANDOYA, NO",47.8,24,44.5,24,9999.9,0,999.9,0,6.2,24,10.0,24,18.1,999.9,50.0,*,44.6,*,99.99, ,999.9,10000
1010099999,2023-09-26,69.2925,16.144167,13.1,"ANDOYA, NO",52.8,24,49.6,24,9999.9,0,999.9,0,5.5,24,17.4,24,29.9,53.0,55.4,*,49.5, ,99.99, ,999.9,10000
1010099999,2023-09-27,69.2925,16.144167,13.1,"ANDOYA, NO",54.0,24,47.8,24,9999.9,0,999.9,0,6.1,24,8.0,24,18.1,26.0,57.9, ,50.0,*,99.99, ,999.9,10000
1010099999,2023-09-28,69.2925,16.144167,13.1,"ANDOYA, NO",49.7,24,44.5,24,9999.9,0,999.9,0,5.9,24,8.0,24,17.1,20.0,52.7, ,46.4,*,99.99, ,999.9,10000
1010099999,2023-09-29,69.2925,16.144167,13.1,"ANDOYA, NO",50.9,24,47.7,24,9999.9,0,999.9,0,6.0,24,7.2,24,9.9,11.1,53.6,*,48.2,*,99.99, ,999.9,10000
1010099999,2023-09-30,69.2925,16.144167,13.1,"ANDOYA, NO",51.6,24,48.3,24,9999.9,0,999.9,0,6.2,24,5.8,24,9.9,11.1,55.4,*,49.6, ,99.99, ,999.9,10000
1010099999,2023-10-01,69.2925,16.144167,13.1,"ANDOYA, NO",45.5,24,41.5,24,9999.9,0,999.9,0,5.7,24,12.0,24,24.1,999.9,50.0,*,41.0,*,99.99, ,999.9,10000
1010099999,2023-10-02,69.2925,16.144167,13.1,"ANDOYA, NO",42.3,24,38.2,24,9999.9,0,999.9,0,6.2,24,14.9,24,19.0,22.0,44.6,*,41.0, ,99.99, ,999.9,10000
1010099999,2023-10-03,69.2925,16.144167,13.1,"ANDOYA, NO",43.0,24,37.8,24,9999.9,0,999.9,0,6.2,24,8.7,24,20.0,999.9,44.6,*,41.0,*,99.99, ,999.9,10000
1010099999,2023-10-04,69.2925,16.144167,13.1,"ANDOYA, NO",39.3,24,31.3,24,9999.9,0,999.9,0,6.2,24,16.9,24,27.0,33.0,41.0,*,35.6, ,99.99, ,999.9,10000
1010099999,2023-10-05,69.2925,16.144167,13.1,"ANDOYA, NO",38.6,24,31.6,24,9999.9,0,999.9,0,6.2,24,19.3,24,27.0,36.9,41.0,*,37.4,*,99.99, ,999.9,11000
1010099999,2023-10-06,69.2925,16.144167,13.1,"ANDOYA, NO",37.3,24,30.8,24,9999.9,0,999.9,0,6.2,24,12.5,24,20.0,28.0,39.4, ,30.2,*,99.99, ,999.9,11000
1010099999,2023-10-07,69.2925,16.144167,13.1,"ANDOYA, NO",37.7,24,32.1,24,9999.9,0,999.9,0,6.2,24,9.6,24,18.1,28.0,41.0,*,30.7, ,99.99, ,999.9,11000
1010099999,2023-10-08,69.2925,16.144167,13.1,"ANDOYA, NO",38.0,24,33.4,24,9999.9,0,999.9,0,6.2,24,8.4,24,18.1,22.9,41.0, ,33.8,*,99.99, ,999.9,10000
1010099999,2023-10-09,69.2925,16.144167,13.1,"ANDOYA, NO",36.9,24,32.8,24,9999.9,0,999.9,0,6.2,24,6.1,24,13.0,999.9,42.8,*,30.2, ,99.99, ,999.9,10000
1010099999,2023-10-10,69.2925,16.144167,13.1,"ANDOYA, NO",35.9,24,28.8,24,9999.9,0,999.9,0,6.2,24,13.4,24,24.1,25.1,39.2,*,28.4,*,0.0,I,999.9,0
1010099999,2023-10-11,69.2925,16.144167,13.1,"ANDOYA, NO",39.8,24,33.2,24,9999.9,0,999.9,0,6.2,24,18.7,24,28.0,33.0,42.8,*,35.6,*,99.99, ,999.9,10000
1010099999,2023-10-12,69.2925,16.144167,13.1,"ANDOYA, NO",38.3,24,30.4,24,9999.9,0,999.9,0,6.2,24,13.0,24,24.1,28.0,41.5, ,33.8,*,99.99, ,999.9,10000
1010099999,2023-10-13,69.2925,16.144167,13.1,"ANDOYA, NO",37.3,24,31.5,24,9999.9,0,999.9,0,6.1,24,7.3,24,18.1,22.0,41.0,*,33.8,*,99.99, ,999.9,10000
1010099999,2023-10-14,69.2925,16.144167,13.1,"ANDOYA, NO",38.2,24,25.8,24,9999.9,0,999.9,0,6.2,24,16.6,24,22.0,25.1,41.0,*,35.6, ,0.0,I,999.9,0
1010099999,2023-10-15,69.2925,16.144167,13.1,"ANDOYA, NO",40.2,24,33.1,24,9999.9,0,999.9,0,6.2,24,16.0,24,24.1,32.1,42.8,*,36.7, ,99.99, ,999.9,11000
1010099999,2023-10-16,69.2925,16.144167,13.1,"ANDOYA, NO",42.1,24,35.6,24,9999.9,0,999.9,0,6.2,24,14.0,24,19.0,21.0,44.6,*,39.2,*,99.99, ,999.9,10000
1010099999,2023-10-17,69.2925,16.144167,13.1,"ANDOYA, NO",38.7,24,30.1,24,9999.9,0,999.9,0,6.2,24,9.6,24,15.9,999.9,41.0,*,32.5, ,99.99, ,999.9,11000
1010099999,2023-10-18,69.2925,16.144167,13.1,"ANDOYA, NO",36.0,24,29.8,24,9999.9,0,999.9,0,6.2,24,10.4,24,22.0,25.1,39.2,*,28.4,*,0.08,E,999.9,11000
1010099999,2023-10-19,69.2925,16.144167,13.1,"ANDOYA, NO",32.7,24,26.4,24,9999.9,0,999.9,0,6.2,24,6.4,24,13.6,999.9,37.4,*,27.5, ,0.02,F,999.9,1000
1010099999,2023-10-20,69.2925,16.144167,13.1,"ANDOYA, NO",38.9,24,29.6,24,9999.9,0,999.9,0,6.2,24,11.4,24,15.9,22.9,43.0, ,27.5, ,0.0,G,999.9,10000
1010099999,2023-10-21,69.2925,16.144167,13.1,"ANDOYA, NO",41.1,24,32.4,24,9999.9,0,999.9,0,6.2,24,6.2,24,12.0,999.9,44.6,*,35.6, ,0.0,G,999.9,10000
1010099999,2023-10-22,69.2925,16.144167,13.1,"ANDOYA, NO",38.4,24,32.2,24,9999.9,0,999.9,0,6.2,24,8.3,24,15.5,999.9,41.0,*,33.1, ,0.02,G,999.9,10000
1010099999,2023-10-23,69.2925,16.144167,13.1,"ANDOYA, NO",36.3,24,26.1,24,9999.9,0,999.9,0,6.2,24,14.3,24,18.1,22.9,38.3, ,33.3, ,0.03,G,999.9,0
1010099999,2023-10-24,69.2925,16.144167,13.1,"ANDOYA, NO",32.5,24,23.8,24,9999.9,0,999.9,0,6.2,24,10.6,24,13.6,17.1,35.1, ,28.4,*,0.0,G,999.9,0
1010099999,2023-10-25,69.2925,16.144167,13.1,"ANDOYA, NO",36.2,24,32.6,24,9999.9,0,999.9,0,6.1,24,7.8,24,11.1,999.9,39.2, ,27.7, ,0.0,G,999.9,10000
1010099999,2023-10-26,69.2925,16.144167,13.1,"ANDOYA, NO",38.8,24,36.4,24,9999.9,0,999.9,0,6.1,24,6.2,24,13.0,999.9,41.0,*,36.9, ,0.09,G,999.9,10000
1010099999,2023-10-27,69.2925,16.144167,13.1,"ANDOYA, NO",36.5,24,30.8,24,9999.9,0,999.9,0,6.2,24,7.6,24,15.9,999.9,39.2,*,30.2,*,0.12,G,999.9,10000
1010099999,2023-10-28,69.2925,16.144167,13.1,"ANDOYA, NO",33.2,24,30.8,24,9999.9,0,999.9,0,6.0,24,5.2,24,12.0,999.9,35.2, ,28.9, ,0.03,G,999.9,11000
1010099999,2023-10-29,69.2925,16.144167,13.1,"ANDOYA, NO",28.7,24,26.8,24,9999.9,0,999.9,0,5.8,24,3.9,24,7.0,999.9,33.8,*,21.2,*,0.35,G,999.9,1000
1010099999,2023-10-30,69.2925,16.144167,13.1,"ANDOYA, NO",29.5,24,27.3,24,9999.9,0,999.9,0,6.2,24,4.5,24,20.0,999.9,35.8, ,20.3, ,0.13,G,999.9,11000
1010099999,2023-10-31,69.2925,16.144167,13.1,"ANDOYA, NO",31.7,24,28.4,24,9999.9,0,999.9,0,6.2,24,5.8,24,19.0,999.9,36.1, ,26.1, ,0.33,G,999.9,10000
1010099999,2023-11-01,69.2925,16.144167,13.1,"ANDOYA, NO",32.2,24,28.4,24,9999.9,0,999.9,0,6.2,24,5.8,24,15.0,999.9,35.6,*,24.8,*,0.01,G,999.9,11000
1010099999,2023-11-02,69.2925,16.144167,13.1,"ANDOYA, NO",24.6,24,19.4,24,9999.9,0,999.9,0,6.2,24,6.4,24,11.1,999.9,32.9, ,19.4,*,0.0,G,999.9,0
1010099999,2023-11-03,69.2925,16.144167,13.1,"ANDOYA, NO",27.4,24,19.1,24,9999.9,0,999.9,0,6.2,24,10.5,24,26.0,999.9,32.9, ,18.1, ,0.0,G,999.9,0
1010099999,2023-11-04,69.2925,16.144167,13.1,"ANDOYA, NO",33.8,24,21.2,24,9999.9,0,999.9,0,6.2,24,22.7,24,28.9,999.9,39.2,*,30.9, ,0.0,G,999.9,0
1010099999,2023-11-05,69.2925,16.144167,13.1,"ANDOYA, NO",36.8,24,28.2,24,9999.9,0,999.9,0,6.2,24,14.7,24,24.1,999.9,39.2,*,34.3, ,0.0,G,999.9,0
1010099999,2023-11-06,69.2925,16.144167,13.1,"ANDOYA, NO",35.9,21,31.1,21,9999.9,0,999.9,0,6.2,20,3.8,21,8.0,999.9,37.8, ,33.8,*,0.0,G,999.9,10000
1010099999,2023-11-07,69.2925,16.144167,13.1,"ANDOYA, NO",38.4,24,33.0,24,9999.9,0,999.9,0,6.2,24,11.0,24,17.1,21.0,39.7, ,34.3, ,0.05,G,999.9,10000
1010099999,2023-11-08,69.2925,16.144167,13.1,"ANDOYA, NO",34.2,24,27.8,24,9999.9,0,999.9,0,6.2,24,8.1,24,15.9,19.0,39.7, ,28.2, ,0.0,G,999.9,0
1010099999,2023-11-09,69.2925,16.144167,13.1,"ANDOYA, NO",32.2,24,28.0,24,9999.9,0,999.9,0,6.2,24,6.5,24,18.1,24.1,37.4,*,27.7, ,0.0,G,999.9,11000
1010099999,2023-11-10,69.2925,16.144167,13.1,"ANDOYA, NO",36.3,24,26.6,24,9999.9,0,999.9,0,6.2,24,11.3,24,20.0,24.1,39.2,*,31.1, ,0.07,G,999.9,11000
1010099999,2023-11-11,69.2925,16.144167,13.1,"ANDOYA, NO",34.1,24,26.6,24,9999.9,0,999.9,0,6.2,24,10.0,24,19.0,22.0,38.7, ,26.6,*,0.03,G,999.9,0
1010099999,2023-11-12,69.2925,16.144167,13.1,"ANDOYA, NO",27.3,24,18.5,24,9999.9,0,999.9,0,6.2,24,9.2,24,13.0,15.9,33.6, ,23.0, ,0.0,G,999.9,0
1010099999,2023-11-13,69.2925,16.144167,13.1,"ANDOYA, NO",22.5,24,16.5,24,9999.9,0,999.9,0,6.2,24,6.7,24,9.7,9.9,27.0, ,19.4,*,0.0,G,999.9,0
1010099999,2023-11-14,69.2925,16.144167,13.1,"ANDOYA, NO",26.2,24,21.7,24,9999.9,0,999.9,0,6.2,23,6.9,24,8.9,9.9,33.8,*,20.1, ,0.0,G,999.9,1000
1010099999,2023-11-15,69.2925,16.144167,13.1,"ANDOYA, NO",33.9,24,24.7,24,9999.9,0,999.9,0,6.2,24,9.5,24,15.0,999.9,35.6,*,28.8, ,0.07,G,999.9,11000
1010099999,2023-11-16,69.2925,16.144167,13.1,"ANDOYA, NO",34.0,24,28.3,24,9999.9,0,999.9,0,6.1,24,11.5,24,24.1,29.9,38.3, ,29.5, ,0.08,G,999.9,11000
1010099999,2023-11-17,69.2925,16.144167,13.1,"ANDOYA, NO",34.0,24,25.0,24,9999.9,0,999.9,0,5.8,24,16.1,24,22.0,999.9,37.4, ,31.6, ,0.27,G,999.9,11000
1010099999,2023-11-18,69.2925,16.144167,13.1,"ANDOYA, NO",33.4,24,24.0,24,9999.9,0,999.9,0,6.0,24,11.7,24,19.0,28.9,35.6,*,28.4,*,0.08,G,999.9,1000
1010099999,2023-11-19,69.2925,16.144167,13.1,"ANDOYA, NO",30.1,24,23.3,24,9999.9,0,999.9,0,5.9,24,8.9,24,19.4,999.9,34.2, ,24.8,*,0.06,G,999.9,1000
1010099999,2023-11-20,69.2925,16.144167,13.1,"ANDOYA, NO",30.0,24,25.6,24,9999.9,0,999.9,0,5.9,24,8.2,24,17.1,999.9,33.1, ,23.7, ,0.17,G,999.9,1000
1010099999,2023-11-21,69.2925,16.144167,13.1,"ANDOYA, NO",30.6,24,23.8,24,9999.9,0,999.9,0,6.2,24,11.9,24,21.0,28.0,33.1, ,27.1, ,0.02,G,999.9,1000
1010099999,2023-11-22,69.2925,16.144167,13.1,"ANDOYA, NO",34.8,24,25.8,24,9999.9,0,999.9,0,6.2,24,23.0,24,32.1,41.0,37.4,*,27.0, ,0.0,G,999.9,11000
1010099999,2023-11-23,69.2925,16.144167,13.1,"ANDOYA, NO",34.5,24,32.0,24,9999.9,0,999.9,0,5.6,24,11.5,24,25.1,28.9,37.8, ,32.9, ,0.03,G,999.9,11000
1010099999,2023-11-24,69.2925,16.144167,13.1,"ANDOYA, NO",31.0,24,22.4,24,9999.9,0,999.9,0,6.2,24,14.6,24,25.1,26.0,37.8, ,26.6,*,0.44,G,999.9,1000
1010099999,2023-11-25,69.2925,16.144167,13.1,"ANDOYA, NO",29.7,24,24.3,24,9999.9,0,999.9,0,6.0,24,4.6,24,17.1,20.0,33.8,*,21.0, ,0.0,G,999.9,11000
1010099999,2023-11-26,69.2925,16.144167,13.1,"ANDOYA, NO",36.3,24,29.3,24,9999.9,0,999.9,0,6.2,23,12.2,24,19.4,20.0,39.2,*,27.9, ,0.08,G,999.9,11000
1010099999,2023-11-27,69.2925,16.144167,13.1,"ANDOYA, NO",28.1,24,19.7,24,9999.9,0,999.9,0,6.2,24,8.9,24,13.0,17.1,38.5, ,17.6,*,0.02,G,999.9,0
1010099999,2023-11-28,69.2925,16.144167,13.1,"ANDOYA, NO",28.6,24,18.2,24,9999.9,0,999.9,0,6.2,24,15.5,24,27.0,33.0,32.7, ,17.8, ,0.0,G,999.9,0
1010099999,2023-11-29,69.2925,16.144167,13.1,"ANDOYA, NO",31.4,24,19.5,24,9999.9,0,999.9,0,6.2,24,18.7,24,22.9,28.0,33.8,*,29.3, ,0.0,G,999.9,0
1010099999,2023-11-30,69.2925,16.144167,13.1,"ANDOYA, NO",30.6,24,19.4,24,9999.9,0,999.9,0,6.2,24,9.6,24,15.9,21.0,34.2, ,26.6,*,0.0,G,999.9,0
1010099999,2023-12-01,69.2925,16.144167,13.1,"ANDOYA, NO",32.1,24,27.0,24,9999.9,0,999.9,0,6.2,24,6.1,24,13.0,19.0,34.9, ,26.6,*,0.0,G,999.9,11000
1010099999,2023-12-02,69.2925,16.144167,13.1,"ANDOYA, NO",28.3,24,25.3,24,9999.9,0,999.9,0,6.2,24,8.4,24,9.9,13.0,32.2, ,24.8, ,0.08,G,999.9,1000
1010099999,2023-12-03,69.2925,16.144167,13.1,"ANDOYA, NO",24.1,24,21.0,24,9999.9,0,999.9,0,6.2,24,7.5,24,9.9,11.1,30.9, ,15.8,*,0.0,G,999.9,10000
1010099999,2023-12-04,69.2925,16.144167,13.1,"ANDOYA, NO",29.1,24,26.1,24,9999.9,0,999.9,0,5.2,24,6.6,24,19.0,21.0,32.5, ,16.9, ,0.0,G,999.9,1000
1010099999,2023-12-05,69.2925,16.144167,13.1,"ANDOYA, NO",27.5,24,23.7,24,9999.9,0,999.9,0,6.0,24,7.3,24,15.9,999.9,31.1, ,23.2, ,0.24,G,999.9,1000
1010099999,2023-12-06,69.2925,16.144167,13.1,"ANDOYA, NO",29.4,24,23.6,24,9999.9,0,999.9,0,5.0,24,16.9,24,22.9,26.0,31.1, ,26.4, ,0.42,G,999.9,1000
1010099999,2023-12-07,69.2925,16.144167,13.1,"ANDOYA, NO",30.2,24,22.6,24,9999.9,0,999.9,0,6.1,24,16.3,24,21.0,22.0,32.0,*,26.6, ,0.07,G,999.9,1000
1010099999,2023-12-08,69.2925,16.144167,13.1,"ANDOYA, NO",30.6,24,20.8,24,9999.9,0,999.9,0,6.2,24,19.5,24,25.3,999.9,32.9, ,25.9, ,0.0,G,999.9,1000
1010099999,2023-12-09,69.2925,16.144167,13.1,"ANDOYA, NO",30.5,24,20.9,24,9999.9,0,999.9,0,6.2,24,16.1,24,19.4,999.9,33.8,*,24.6, ,0.02,G,999.9,1000
1010099999,2023-12-10,69.2925,16.144167,13.1,"ANDOYA, NO",30.4,24,20.6,24,9999.9,0,999.9,0,6.2,22,15.7,24,19.0,999.9,32.5, ,24.4, ,0.0,G,999.9,1000
1010099999,2023-12-11,69.2925,16.144167,13.1,"ANDOYA, NO",29.3,24,24.7,24,9999.9,0,999.9,0,5.4,24,5.7,24,9.9,999.9,32.7, ,21.2,*,0.22,G,999.9,11000
1010099999,2023-12-12,69.2925,16.144167,13.1,"ANDOYA, NO",23.3,24,18.4,24,9999.9,0,999.9,0,6.2,24,8.6,24,12.0,999.9,30.2,*,16.2, ,0.03,G,999.9,0
1010099999,2023-12-13,69.2925,16.144167,13.1,"ANDOYA, NO",24.6,24,18.7,24,9999.9,0,999.9,0,6.2,24,11.9,24,18.1,24.1,30.2,*,15.8, ,0.0,G,999.9,1000
1010099999,2023-12-14,69.2925,16.144167,13.1,"ANDOYA, NO",28.7,24,23.3,24,9999.9,0,999.9,0,6.2,24,16.2,24,18.1,24.1,30.9, ,26.4, ,0.0,G,999.9,0
1010099999,2023-12-15,69.2925,16.144167,13.1,"ANDOYA, NO",30.9,24,25.5,24,9999.9,0,999.9,0,5.7,24,16.4,24,20.0,25.1,35.6,*,26.4, ,0.0,G,999.9,11000
1010099999,2023-12-16,69.2925,16.144167,13.1,"ANDOYA, NO",36.5,24,30.2,24,9999.9,0,999.9,0,6.2,23,19.3,24,33.0,39.0,41.0,*,33.6, ,0.24,E,999.9,11000
1010099999,2023-12-17,69.2925,16.144167,13.1,"ANDOYA, NO",37.9,24,30.0,24,9999.9,0,999.9,0,6.0,24,25.0,24,36.9,53.0,41.0,*,32.9, ,0.63,G,999.9,11000
1010099999,2023-12-18,69.2925,16.144167,13.1,"ANDOYA, NO",33.7,24,29.5,24,9999.9,0,999.9,0,6.0,24,8.3,24,21.4,999.9,40.1, ,29.5, ,0.24,G,999.9,11000
1010099999,2023-12-19,69.2925,16.144167,13.1,"ANDOYA, NO",36.0,24,29.7,24,9999.9,0,999.9,0,6.2,24,17.2,24,28.9,38.1,37.4, ,31.5, ,0.08,G,999.9,11000
1010099999,2023-12-20,69.2925,16.144167,13.1,"ANDOYA, NO",31.5,24,22.6,24,9999.9,0,999.9,0,6.1,24,14.4,24,20.0,29.9,36.3, ,26.4, ,0.15,G,999.9,1000
1010099999,2023-12-21,69.2925,16.144167,13.1,"ANDOYA, NO",28.9,24,22.5,24,9999.9,0,999.9,0,5.9,24,9.4,24,22.0,999.9,33.4, ,23.5, ,0.09,G,999.9,1000
1010099999,2023-12-22,69.2925,16.144167,13.1,"ANDOYA, NO",24.3,24,17.2,24,9999.9,0,999.9,0,6.2,24,6.6,24,11.7,12.0,30.9, ,17.6, ,0.04,G,999.9,0
1010099999,2023-12-23,69.2925,16.144167,13.1,"ANDOYA, NO",20.4,24,15.2,24,9999.9,0,999.9,0,6.2,24,8.2,24,11.1,12.0,27.5, ,17.1, ,0.0,G,999.9,0
1010099999,2023-12-24,69.2925,16.144167,13.1,"ANDOYA, NO",31.4,24,21.1,24,9999.9,0,999.9,0,6.2,24,16.7,24,21.0,26.0,33.8,*,17.6, ,0.0,G,999.9,1000
1010099999,2023-12-25,69.2925,16.144167,13.1,"ANDOYA, NO",28.7,24,19.6,24,9999.9,0,999.9,0,6.2,24,9.8,24,19.4,22.9,34.2, ,19.4,*,0.02,G,999.9,0
1010099999,2023-12-26,69.2925,16.144167,13.1,"ANDOYA, NO",28.1,24,24.4,24,9999.9,0,999.9,0,5.2,24,11.7,24,20.0,25.1,33.8,*,18.5, ,0.0,G,999.9,11000
1010099999,2023-12-27,69.2925,16.144167,13.1,"ANDOYA, NO",35.7,24,31.2,24,9999.9,0,999.9,0,6.0,24,11.8,24,17.1,22.0,38.3, ,30.0, ,0.36,G,999.9,11000
1010099999,2023-12-28,69.2925,16.144167,13.1,"ANDOYA, NO",30.1,24,27.1,24,9999.9,0,999.9,0,5.9,24,6.9,24,9.9,999.9,35.4, ,22.3, ,0.36,G,999.9,11000
1010099999,2023-12-29,69.2925,16.144167,13.1,"ANDOYA, NO",25.5,24,20.3,24,9999.9,0,999.9,0,6.2,24,8.7,24,13.0,999.9,28.4,*,19.0, ,0.05,G,999.9,0
1010099999,2023-12-30,69.2925,16.144167,13.1,"ANDOYA, NO",23.9,24,14.0,24,9999.9,0,999.9,0,6.2,24,12.0,24,17.1,21.0,28.2, ,19.0, ,0.0,G,999.9,0
1010099999,2023-12-31,69.2925,16.144167,13.1,"ANDOYA, NO",18.4,24,10.7,24,9999.9,0,999.9,0,6.2,24,9.0,24,12.0,15.0,24.8, ,16.0, ,0.0,G,999.9,0
1011099999,2023-02-14,80.0666666,31.5,10.0,"KVITOYA, SV",8.0,9,3.8,9,1005.5,9,4.2,9,999.9,0,33.1,9,47.6,53.8,13.6,*,1.6, ,0.0,I,999.9,0
1011099999,2023-08-31,80.0666666,31.5,10.0,"KVITOYA, SV",37.3,4,36.1,4,1005.5,4,4.2,4,999.9,0,5.9,4,12.6,15.9,40.6, ,34.2,*,0.0,I,999.9,0
1011099999,2023-10-12,80.0666666,31.5,10.0,"KVITOYA, SV",27.5,4,24.0,4,1009.4,4,8.1,4,999.9,0,999.9,0,999.9,999.9,28.6, ,24.8,*,0.0,I,999.9,0
1011099999,2023-10-13,80.0666666,31.5,10.0,"KVITOYA, SV",28.1,7,25.0,7,1010.6,7,9.3,7,999.9,0,999.9,0,999.9,999.9,28.9, ,27.5, ,0.0,I,999.9,0
1011099999,2023-10-19,80.0666666,31.5,10.0,"KVITOYA, SV",24.2,7,20.5,7,996.2,7,994.9,7,999.9,0,23.8,7,25.8,28.7,31.3, ,17.8, ,0.0,I,999.9,0
1011099999,2023-10-20,80.0666666,31.5,10.0,"KVITOYA, SV",19.8,4,15.2,4,989.0,4,987.7,4,999.9,0,38.4,4,40.8,999.9,23.4, ,16.0, ,0.0,I,999.9,0
1011099999,2023-10-21,80.0666666,31.5,10.0,"KVITOYA, SV",20.0,5,15.1,5,1006.8,5,5.5,5,999.9,0,38.2,5,44.7,999.9,20.7, ,18.9, ,0.0,I,999.9,0
1011099999,2023-10-22,80.0666666,31.5,10.0,"KVITOYA, SV",22.8,5,20.3,5,1010.2,5,8.9,5,999.9,0,30.0,5,35.0,38.5,25.3, ,18.9, ,0.0,I,999.9,0
1011099999,2023-10-23,80.0666666,31.5,10.0,"KVITOYA, SV",23.1,4,21.3,4,1020.4,4,19.1,4,999.9,0,12.1,4,19.4,999.9,24.4, ,20.8, ,0.0,I,999.9,0
1011099999,2023-10-24,80.0666666,31.5,10.0,"KVITOYA, SV",23.3,4,20.5,4,1022.1,4,20.7,4,999.9,0,5.3,4,9.7,999.9,24.6, ,21.9, ,0.0,I,999.9,0
1011099999,2023-10-25,80.0666666,31.5,10.0,"KVITOYA, SV",26.4,4,24.4,4,1017.9,4,16.5,4,999.9,0,7.3,4,9.7,999.9,27.5, ,24.8, ,0.0,I,999.9,0
1011099999,2023-10-26,80.0666666,31.5,10.0,"KVITOYA, SV",25.9,6,24.1,6,1015.7,6,14.4,6,999.9,0,999.9,0,999.9,999.9,27.7, ,23.2, ,0.0,I,999.9,0
1011099999,2023-10-27,80.0666666,31.5,10.0,"KVITOYA, SV",25.8,5,22.8,5,1015.0,5,13.7,5,999.9,0,10.2,5,15.5,999.9,27.1, ,23.9, ,0.0,I,999.9,0
1011099999,2023-10-28,80.0666666,31.5,10.0,"KVITOYA, SV",27.4,5,25.0,5,1014.4,5,13.1,5,999.9,0,14.8,5,17.5,999.9,28.9, ,24.4,*,0.0,I,999.9,0
1011099999,2023-10-29,80.0666666,31.5,10.0,"KVITOYA, SV",26.0,4,22.5,4,1014.5,4,13.2,4,999.9,0,9.8,4,11.7,999.9,27.5,*,23.5, ,0.0,I,999.9,0
1011099999,2023-10-30,80.0666666,31.5,10.0,"KVITOYA, SV",26.6,4,24.8,4,1010.1,4,8.7,4,999.9,0,15.5,4,19.4,999.9,27.9, ,24.1, ,0.0,I,999.9,0
1011099999,2023-10-31,80.0666666,31.5,10.0,"KVITOYA, SV",25.5,4,23.9,4,1000.6,4,999.2,4,999.9,0,19.4,4,42.7,51.5,28.6, ,17.8,*,0.0,I,999.9,0
1011099999,2023-11-01,80.0666666,31.5,10.0,"KVITOYA, SV",17.4,4,13.9,4,1009.3,4,8.0,4,999.9,0,32.5,4,38.9,999.9,18.3, ,16.0, ,0.0,I,999.9,0
1011099999,2023-11-02,80.0666666,31.5,10.0,"KVITOYA, SV",17.2,4,12.0,4,1014.5,4,13.1,4,999.9,0,18.5,4,21.4,999.9,18.3, ,16.2, ,0.0,I,999.9,0
1011099999,2023-11-03,80.0666666,31.5,10.0,"KVITOYA, SV",12.5,5,8.3,5,1013.2,5,11.8,5,999.9,0,16.5,5,18.5,21.2,15.3, ,9.3, ,0.0,I,999.9,0
1011099999,2023-11-04,80.0666666,31.5,10.0,"KVITOYA, SV",10.9,4,6.9,4,1009.9,4,8.5,4,999.9,0,14.6,4,15.5,999.9,12.7, ,9.0, ,0.0,I,999.9,0
1011099999,2023-11-05,80.0666666,31.5,10.0,"KVITOYA, SV",11.6,6,7.9,6,1011.9,6,10.5,6,999.9,0,9.7,6,13.0,15.5,14.0, ,7.2, ,0.0,I,999.9,0
1011099999,2023-11-06,80.0666666,31.5,10.0,"KVITOYA, SV",7.1,4,4.2,4,1009.6,4,8.3,4,999.9,0,13.6,4,21.4,999.9,10.9, ,2.3, ,0.0,I,999.9,0
1011099999,2023-11-07,80.0666666,31.5,10.0,"KVITOYA, SV",6.5,4,2.9,4,1010.8,4,9.4,4,999.9,0,15.5,4,19.4,999.9,8.8, ,4.8, ,0.0,I,999.9,0
1011099999,2023-11-08,80.0666666,31.5,10.0,"KVITOYA, SV",10.2,4,4.4,4,1009.5,4,8.1,4,999.9,0,8.5,4,15.5,999.9,16.3, ,6.1, ,0.0,I,999.9,0
1011099999,2023-11-09,80.0666666,31.5,10.0,"KVITOYA, SV",11.9,5,8.0,5,1006.5,5,5.1,5,999.9,0,17.8,5,21.4,999.9,15.1, ,9.5,*,0.0,I,999.9,0
1011099999,2023-11-11,80.0666666,31.5,10.0,"KVITOYA, SV",4.1,4,0.3,4,1015.5,4,14.1,4,999.9,0,13.3,4,15.5,18.8,13.6, ,-0.2,*,0.0,I,999.9,0
1011099999,2023-11-16,80.0666666,31.5,10.0,"KVITOYA, SV",0.4,4,-3.3,4,1010.0,4,8.6,4,999.9,0,8.3,4,9.7,999.9,3.9, ,-5.6, ,0.0,I,999.9,0
1011099999,2023-11-17,80.0666666,31.5,10.0,"KVITOYA, SV",5.8,4,1.8,4,1010.2,4,8.8,4,999.9,0,7.8,4,13.6,999.9,8.1, ,2.3, ,0.0,I,999.9,0
1011099999,2023-11-18,80.0666666,31.5,10.0,"KVITOYA, SV",-9.4,4,-13.8,4,1014.7,4,13.2,4,999.9,0,15.5,4,17.5,999.9,-3.5, ,-17.7, ,0.0,I,999.9,0
1011099999,2023-11-19,80.0666666,31.5,10.0,"KVITOYA, SV",-2.0,4,-6.1,4,1013.3,4,12.0,4,999.9,0,8.3,4,17.5,999.9,2.3, ,-10.7, ,0.0,I,999.9,0
1011099999,2023-11-21,80.0666666,31.5,10.0,"KVITOYA, SV",20.1,6,17.3,6,996.5,6,995.2,6,999.9,0,17.6,6,24.9,28.6,27.5, ,9.5, ,0.0,I,999.9,0
1011099999,2023-11-22,80.0666666,31.5,10.0,"KVITOYA, SV",29.5,4,26.3,4,992.8,4,991.5,4,999.9,0,25.4,4,29.1,32.1,30.2, ,28.8, ,0.0,I,999.9,0
1011099999,2023-11-23,80.0666666,31.5,10.0,"KVITOYA, SV",26.5,4,21.6,4,1005.1,4,3.8,4,999.9,0,22.3,4,29.1,999.9,29.7, ,25.0, ,0.0,I,999.9,0
1011099999,2023-11-24,80.0666666,31.5,10.0,"KVITOYA, SV",23.1,6,20.0,6,1009.9,6,8.5,6,999.9,0,4.6,6,11.7,13.8,23.9, ,21.9, ,0.0,I,999.9,0
1011099999,2023-11-26,80.0666666,31.5,10.0,"KVITOYA, SV",22.5,4,19.0,4,1016.6,4,15.2,4,999.9,0,14.1,4,17.5,999.9,24.3, ,20.8, ,0.0,I,999.9,0
1011099999,2023-11-27,80.0666666,31.5,10.0,"KVITOYA, SV",27.7,5,25.4,5,1013.4,5,12.1,5,999.9,0,14.2,5,15.5,16.7,29.3, ,25.0, ,0.0,I,999.9,0
1011099999,2023-11-28,80.0666666,31.5,10.0,"KVITOYA, SV",29.9,4,27.5,4,1018.1,4,16.7,4,999.9,0,8.8,4,13.6,999.9,30.9, ,28.8, ,0.0,I,999.9,0
1011099999,2023-11-29,80.0666666,31.5,10.0,"KVITOYA, SV",13.2,4,8.6,4,1032.1,4,30.7,4,999.9,0,18.4,4,24.9,30.1,21.6, ,8.6, ,0.0,I,999.9,0
1011099999,2023-12-01,80.0666666,31.5,10.0,"KVITOYA, SV",5.0,4,-3.6,4,1036.9,4,35.4,4,999.9,0,5.6,4,9.7,13.0,9.9, ,0.3, ,0.0,I,999.9,0
1011099999,2023-12-02,80.0666666,31.5,10.0,"KVITOYA, SV",7.0,4,-0.7,4,1034.3,4,32.9,4,999.9,0,7.3,4,11.7,999.9,11.5, ,3.2, ,0.0,I,999.9,0
1011099999,2023-12-03,80.0666666,31.5,10.0,"KVITOYA, SV",10.7,4,7.0,4,1026.0,4,24.6,4,999.9,0,24.0,4,31.9,34.2,14.9, ,8.4, ,0.0,I,999.9,0
1011099999,2023-12-04,80.0666666,31.5,10.0,"KVITOYA, SV",6.6,4,1.8,4,1035.5,4,34.1,4,999.9,0,32.1,4,36.9,999.9,8.6, ,5.7, ,0.0,I,999.9,0
1011099999,2023-12-05,80.0666666,31.5,10.0,"KVITOYA, SV",7.4,6,0.6,6,1043.2,6,41.8,6,999.9,0,10.9,6,27.2,999.9,10.9, ,2.5, ,0.0,I,999.9,0
1011099999,2023-12-08,80.0666666,31.5,10.0,"KVITOYA, SV",25.8,4,23.0,4,1019.1,4,17.8,4,999.9,0,25.3,4,27.2,999.9,28.6, ,23.2, ,0.0,I,999.9,0
1011099999,2023-12-09,80.0666666,31.5,10.0,"KVITOYA, SV",27.5,4,26.1,4,1005.3,4,4.0,4,999.9,0,19.1,4,22.0,24.9,28.2, ,26.6, ,0.0,I,999.9,0
1011099999,2023-12-10,80.0666666,31.5,10.0,"KVITOYA, SV",23.9,4,21.7,4,1000.8,4,999.5,4,999.9,0,15.5,4,19.4,999.9,28.0, ,18.0, ,0.0,I,999.9,0
1011099999,2023-12-11,80.0666666,31.5,10.0,"KVITOYA, SV",24.9,5,22.3,5,996.7,5,995.4,5,999.9,0,14.7,5,17.5,20.8,27.7, ,22.1, ,0.0,I,999.9,0
1011099999,2023-12-13,80.0666666,31.5,10.0,"KVITOYA, SV",17.5,4,13.7,4,1001.5,4,0.2,4,999.9,0,18.7,4,27.2,999.9,29.8,*,3.6, ,0.0,I,999.9,0
1011099999,2023-12-16,80.0666666,31.5,10.0,"KVITOYA, SV",27.6,4,26.2,4,999.2,4,997.9,4,999.9,0,16.8,4,19.4,22.0,28.4, ,26.6, ,0.0,I,999.9,0
1011099999,2023-12-17,80.0666666,31.5,10.0,"KVITOYA, SV",27.0,4,24.7,4,989.1,4,987.8,4,999.9,0,17.5,4,19.4,999.9,28.2, ,26.1, ,0.0,I,999.9,0
1011099999,2023-12-18,80.0666666,31.5,10.0,"KVITOYA, SV",20.3,4,15.7,4,990.1,4,988.8,4,999.9,0,8.9,4,17.5,999.9,24.1, ,17.6, ,0.0,I,999.9,0
1011099999,2023-12-19,80.0666666,31.5,10.0,"KVITOYA, SV",11.3,5,6.1,5,990.4,5,989.0,5,999.9,0,16.5,5,27.2,999.9,16.2, ,5.7, ,0.0,I,999.9,0
1011099999,2023-12-20,80.0666666,31.5,10.0,"KVITOYA, SV",4.9,4,1.1,4,990.2,4,988.8,4,999.9,0,30.1,4,36.9,999.9,8.6, ,2.5, ,0.0,I,999.9,0
1011099999,2023-12-21,80.0666666,31.5,10.0,"KVITOYA, SV",2.2,5,-1.6,5,993.3,5,992.0,5,999.9,0,18.7,5,23.3,999.9,4.8, ,-2.9, ,0.0,I,999.9,0
1011099999,2023-12-22,80.0666666,31.5,10.0,"KVITOYA, SV",-3.8,4,-8.1,4,1000.0,4,998.6,4,999.9,0,17.0,4,21.4,999.9,-1.5, ,-6.5, ,0.0,I,999.9,0
1011099999,2023-12-23,80.0666666,31.5,10.0,"KVITOYA, SV",-7.2,4,-11.7,4,1009.5,4,8.0,4,999.9,0,16.0,4,17.5,999.9,-4.4, ,-11.0, ,0.0,I,999.9,0
1011099999,2023-12-24,80.0666666,31.5,10.0,"KVITOYA, SV",-3.4,4,-7.2,4,1020.2,4,18.7,4,999.9,0,10.2,4,13.6,999.9,1.0, ,-9.2, ,0.0,I,999.9,0
1011099999,2023-12-25,80.0666666,31.5,10.0,"KVITOYA, SV",-5.0,4,-10.7,4,1020.7,4,19.3,4,999.9,0,17.0,4,29.1,999.9,2.3, ,-9.6, ,0.0,I,999.9,0
1011099999,2023-12-26,80.0666666,31.5,10.0,"KVITOYA, SV",5.2,4,0.8,4,1013.6,4,12.2,4,999.9,0,30.1,4,40.8,999.9,10.8, ,1.2, ,0.0,I,999.9,0
1011099999,2023-12-27,80.0666666,31.5,10.0,"KVITOYA, SV",18.6,6,15.4,6,1010.4,6,9.1,6,999.9,0,28.6,6,33.0,35.9,21.4,*,14.2, ,0.0,I,999.9,0
1011099999,2023-12-28,80.0666666,31.5,10.0,"KVITOYA, SV",17.6,4,14.7,4,1009.6,4,8.2,4,999.9,0,31.1,4,36.9,999.9,20.3, ,13.5, ,0.0,I,999.9,0
1011099999,2023-12-29,80.0666666,31.5,10.0,"KVITOYA, SV",22.7,4,20.4,4,1009.8,4,8.5,4,999.9,0,33.5,4,36.9,999.9,25.5, ,18.0, ,0.0,I,999.9,0
1011099999,2023-12-30,80.0666666,31.5,10.0,"KVITOYA, SV",20.0,5,17.0,5,1021.5,5,20.1,5,999.9,0,27.2,5,31.1,999.9,23.5, ,17.8, ,0.0,I,999.9,0
1011099999,2023-12-31,80.0666666,31.5,10.0,"KVITOYA, SV",26.6,4,24.9,4,1018.3,4,16.9,4,999.9,0,17.5,4,17.5,999.9,28.4, ,23.4, ,0.0,I,999.9,0
